5364 5843 5224 5070 5308 5530 5146 5236 5309 5625 5115 5207 5481 5255 5197 5393 5036 5453 5431 5526 5099 5065 5124 5007 5178 5029 5218 5126 5068 4994 5384 5477 4950 5272 5074 5189 5094 5030 5350 5654 4947 5691 5269 5592 5184 5003 5217 5181 5553 5198 5492 5612 5395 5406 5422 5473 5510 5044 4843 5053 5483 5617 5539 5781 5765 5296 5178 5527 5278 5509 5443 5664 5377 5277 5165 5323 5043 5445 5201 5165 5517 5404 5228 4879 4987 4940 5617 5302 4714 5210 5658 5264 5122 5204 5363 5501 5210 5818 4900 5104 4882 5294 5481 4908 5350 5663 4814 5490 5164 5046 5416 5579 4845 4947 5396 5214 4916 4740 5178 5520 4967 5020 5423 4878 5265 5087 5276 4797 5210 5440 4917 5275 4975 4995 5207 5714 5398 5347 5309 5142 5291 5196 5082 5316 5040 5085 5463 5253 5150 5210 5019 5304 5548 5126 5304 5074 5148 5253 5014 5320 5802 5255 5496 5377 5213 5162 5528 4935 5363 5441 5061 5355 5236 5548 4775 5284 5111 5377 5397 5262 5446 5401 5359 5513 4612 5472 4977 5233 5285 5438 5333 4888 5451 4980 5301 5249 5549 5413 5601 4903 4997 5416 5350 5081 5251 5366 5454 5136 5476 5542 5458 5363 5416 5041 5337 5221 5246 5329 4871 4774 5134 5352 5653 5262 5368 4842 5158 4970 5356 5453 5796 4785 5165 5105 5491 5084 5039 4746 5280 4950 5245 4894 5101 5075 5241 5150 5717 5057 5397 5087 5275 5708 5233 5640 5226 5622
4994 5210 5170 4756 5140 4987 4709 4637 5003 5199 4802 4991 4740 5051 5076 4679 4724 5495 5043 4780 4750 4815 5022 4957 5048 4627 4991 4976 4601 4686 5144 5175 4910 5167 5129 4889 4774 5143 4897 5299 4711 5429 5161 5396 4573 4754 5038 5215 5377 4686 5120 5508 5253 4912 5450 5337 5403 4944 5039 4839 5167 5046 4759 5618 5124 4648 4589 5110 5086 5152 4969 5313 5042 5145 5116 4956 4982 5340 4899 4635 5173 5076 4830 4587 4993 4500 5273 5122 4343 4722 4893 4988 4746 4923 5026 5278 4867 5245 4747 4619 4663 5230 4947 4378 5099 5218 4755 5003 4632 4651 5026 5070 4887 4586 4999 5342 4863 4480 5074 5285 4533 4640 5285 4792 4849 4797 4868 4852 5004 5046 4581 4827 4957 5030 4952 5350 5052 4977 5025 5017 5227 4837 5107 4826 4768 4876 5010 5056 5406 5034 4851 5068 4790 4983 4905 4929 4978 5146 4425 4866 5640 5101 5249 5241 4834 5108 5119 4768 4967 5274 4516 5079 5198 5090 4669 5221 5256 5198 4997 4822 5276 5122 4669 5186 4942 5044 4511 5011 4997 4891 5035 4711 5259 4888 4839 5148 5177 5343 5212 4666 4646 4903 5214 4906 4742 5080 5161 5030 5033 5294 5291 5013 5049 4604 5115 4936 5266 4818 4751 4570 4634 5127 5440 4883 4849 4554 5024 4669 4936 5373 5599 4452 4901 4948 4979 5139 4791 4634 4742 4507 4885 4709 4679 4916 4920 4992 5057 5103 5105 5181 4742 5137 4826 5453 4799 5148
4903 5073 5054 4591 4975 4950 4459 4898 4882 4781 4559 4803 4909 4671 4706 4856 4807 5054 4674 4983 4515 4766 4520 4775 4816 4829 4829 4648 4513 4712 5080 4818 4770 4845 4926 4882 4619 4699 4770 4982 4399 5093 4833 5276 4640 4860 4799 5008 5006 5023 5106 5357 4738 4762 4810 4815 5289 4808 4685 4647 4889 4994 4871 5054 4929 4728 4597 5024 4919 4859 5013 4846 4561 5048 4812 5032 4678 4920 4725 4473 4907 4986 5152 4777 4785 4643 5021 4763 4361 4909 5063 4833 4609 4685 4807 4870 4707 5122 4467 4603 4199 4901 4846 4373 4985 4952 4378 4964 4662 4659 5023 5230 4480 4582 4959 4727 4457 4614 5047 5031 4674 4595 4921 4547 4731 4663 4846 4636 4852 4769 4345 4679 4870 4785 4542 5144 4905 4952 5153 4708 4940 4827 5110 4863 4788 4920 4831 4852 4930 4643 4543 4804 5051 4698 4735 4930 4899 4967 4555 4543 5154 4834 5148 4951 4927 4760 4898 4860 4806 5266 4598 4884 4563 5068 4443 4956 4806 4882 4731 4815 4731 4750 4437 5106 4670 5092 4501 4508 4961 4812 4751 4683 4875 4703 4938 4773 4837 4991 5013 4562 4336 4523 5098 4570 4552 4642 5045 4485 5155 5017 5081 4949 5186 4512 4809 4916 4961 4572 4569 4513 4572 4765 5141 4897 4820 4601 5011 4446 4879 4985 5336 4465 4913 4743 4686 4906 4651 4295 4743 4462 5002 4371 4553 4676 4930 4688 4970 4727 5213 4727 4788 5128 4828 5214 4802 5236
5511 5784 5484 5063 5370 5452 4986 5320 5232 5795 5004 5280 5487 5223 5677 5620 4999 5639 5789 5405 5232 5295 5237 5273 5659 5378 5311 5492 5288 5144 5468 5280 5287 5575 5241 5195 5310 5519 5388 5800 5040 5539 5558 5954 5367 5396 5540 5455 5929 5129 5680 5750 5267 5376 5471 5823 5802 5310 5302 5414 5417 5660 5379 5837 5547 5076 5311 5664 5584 5393 5643 5474 5149 5571 5184 5787 5315 5268 5247 5197 5508 5571 5389 4905 5450 4989 5801 5556 4797 5529 5495 5303 5139 5252 5263 5547 5096 6007 5212 5165 5031 5289 5651 5008 5830 5812 5137 5572 5363 5340 5653 5825 4993 4914 5660 5456 4834 5121 5298 5758 5444 5169 5605 5003 5346 5190 5103 5170 5357 5772 5036 5354 5137 5302 5383 6090 5450 5326 5541 5222 5705 5575 5407 5317 5227 5453 5494 5502 5558 5287 5171 5465 5455 5433 5099 5315 5226 5732 5057 5013 5851 5500 5787 5358 5493 5411 5368 5163 5462 5748 5019 5485 5060 5983 5241 5243 5578 5190 5153 5210 5509 5153 5087 5841 4874 5766 4901 5190 5766 5711 5539 5444 5733 5468 5490 5405 5472 5583 5739 5023 5142 5413 5756 5296 5283 5655 5512 5492 5623 5890 5512 5384 5350 5098 5663 5371 5263 5199 5220 4783 5606 5483 5398 5593 5666 5067 5436 5011 5660 5796 5937 5215 5760 5410 5288 5454 5213 5200 5568 5035 5331 5172 4957 5285 6123 5030 5874 5135 5417 5317 5536 5428 5333 5742 5488 5773
5106 5595 5268 4929 5083 5206 4685 4922 4990 5394 4464 4925 5033 4776 5308 5012 4910 5400 5272 5197 4886 4968 5047 4937 5034 4907 5033 4955 5110 4837 5115 5026 4701 4949 4818 4626 5040 4997 5069 5352 4730 5465 4853 5303 4830 4804 5130 5062 5283 4586 5274 5258 5154 4983 4960 5104 5422 4697 4862 4918 5481 5073 4979 5481 5236 4840 5030 5304 5059 5289 5225 5267 4865 5073 4741 5037 4723 4965 4967 4649 5064 5181 5067 4682 5014 4658 5413 5183 4431 4980 5255 5158 4566 4780 5122 4885 4867 5436 4735 4924 4788 4815 4991 4689 5234 5377 4678 5149 4803 4951 5071 5348 4326 4673 5116 4867 4770 4477 5049 5302 4798 4792 5263 4490 5045 4905 4934 4763 5089 5372 4732 5170 4717 4919 4989 5505 5187 5004 4934 5102 5192 5057 5126 5190 4738 5065 5257 5301 4780 4864 4895 5185 5021 5139 4651 4808 5076 5074 4667 4718 5365 4965 5214 5082 5420 4974 5124 4879 4881 5348 4637 4997 4899 5239 4742 4898 5286 5032 4863 4626 5089 4967 4754 5276 4746 5138 4743 4747 5228 4903 5092 4963 5055 4804 5073 5000 5106 5121 5308 4553 4703 5105 5214 4820 4864 5249 5350 5101 5249 5428 5166 4974 5106 4789 5164 4837 4824 4942 4639 4734 4890 5293 5098 4839 5148 4697 5188 4782 5192 5078 5533 4637 5129 4854 5058 4865 4861 4442 4981 4534 4934 4986 4503 4906 5513 5090 5297 5004 4906 5035 4962 4953 4893 5280 5051 5275
5365 5670 5768 5213 5100 5539 5151 5498 5164 5393 5028 5365 5427 5268 5292 5476 5206 5443 5592 5497 5139 5361 5122 5129 5620 5167 5474 5246 5376 5109 5511 5261 5406 5448 5237 5237 5182 5472 5421 5685 5110 5597 5330 5676 5097 5198 5344 5500 5680 5071 5463 5786 5427 5442 5384 5710 5899 5381 5209 5235 5493 5622 5274 5570 5495 5138 5211 5472 5439 5723 5420 5648 5230 5299 5212 5632 5243 5436 5274 4961 5459 5612 5461 5039 5428 5065 5708 5446 4856 5140 5450 5054 5085 5269 5439 5534 4959 5701 5207 5225 5014 5367 5465 5128 5593 5670 5214 5288 5145 5196 5543 5681 5094 4801 5704 5365 5006 4954 5581 5672 5092 5151 5615 5013 5315 5080 4958 4909 5410 5565 4926 5263 5366 5088 5427 5913 5428 5426 5352 5274 5355 5243 5155 5504 5284 5266 5514 5242 5278 5463 5191 5460 5434 4994 5500 5390 5394 5812 5100 5184 5676 5244 5609 5491 5514 5326 5530 5147 5453 5577 5141 5421 5320 5525 4891 5415 5430 5491 4963 4879 5618 5347 5232 5641 5107 5513 5011 5313 5491 5327 5418 5467 5326 5246 5527 5561 5371 5658 5705 5233 4869 5434 5575 5586 5199 5568 5410 5384 5571 5661 5240 5470 5394 5077 5601 5420 5537 5401 5081 5054 5300 5745 5530 5422 5257 5057 5295 5058 5498 5479 5941 5003 5497 5438 5173 5464 5146 4866 5336 5198 5349 5073 4951 5119 5652 5227 5752 5460 5718 5152 5518 5361 5046 5720 5562 5471
5246 5728 5385 5105 5539 5150 5029 5191 5228 5573 4983 5242 5489 5166 5321 5238 5080 5422 5613 5372 5069 5219 5133 5230 5513 4753 5342 5156 4959 4872 5488 5195 5169 5253 5072 5286 5225 5232 5544 5454 5002 5614 5261 5661 4972 5374 4947 5453 5626 5090 5394 5601 5601 5289 5541 5528 5596 5085 5100 5225 5164 5498 5229 5845 5529 5383 4948 5470 5275 5410 5284 5179 4958 5134 5218 5343 5326 5179 5132 5031 5216 5207 5048 5093 5171 5075 5345 5038 4917 5165 5511 5207 5173 5091 5313 5518 4957 5523 5052 5034 4494 5169 5249 4864 5405 5668 4854 5539 5422 5217 5294 5561 4926 4655 5299 5418 4551 5060 5333 5599 5085 5153 5671 5141 5320 5217 5242 4954 5158 5412 4876 5161 5286 5086 5279 5638 5035 5271 5260 5301 5118 5425 5350 5142 5144 5508 5424 5304 5311 5110 5007 5327 5100 5092 5260 5092 5031 5558 4862 5109 5723 5244 5590 5372 5324 5165 5336 5104 5239 5457 5174 5362 5038 5639 5033 5323 5284 5315 5122 5272 5457 5344 5075 5571 4655 5372 4693 5249 5318 5013 5246 4992 5483 4987 5513 5175 5271 5414 5373 4997 5119 4938 5494 5323 5327 5226 5252 5174 5655 5407 5605 5404 5504 4950 5396 5125 5263 5290 4890 4772 5067 5219 5583 5459 5311 4891 5047 5070 5194 5316 5646 4922 5428 5359 5012 5446 5154 4570 5168 5126 5382 4918 4931 5316 5626 5251 5499 5194 5387 5280 5198 5561 5248 5479 5276 5820
4941 5468 5202 4593 5259 5015 4869 4582 4924 5362 4768 4837 4864 4969 5145 5090 4813 5352 5251 5147 4905 4916 4634 5089 5156 4910 4956 5178 4588 4629 5271 5146 4877 5034 4986 4897 4641 5101 4980 5372 4629 5382 5128 5478 4875 4702 4857 5200 5434 4830 4887 5226 5197 5107 5167 5346 5244 4651 5003 5103 5186 5286 4888 5413 5222 4837 4707 5164 5083 5088 5059 5109 4993 5091 4927 5110 4931 5053 4952 4809 5274 5180 4840 4706 5219 4542 5311 4865 4685 4789 5170 5135 4694 5135 5039 5200 4524 5460 4943 4832 4706 4739 4769 4563 5047 5324 4893 5289 4872 5004 4995 5154 4548 4790 4977 4976 4497 4484 5141 5454 4569 4733 5166 4818 5019 4799 4894 4766 5120 5201 4745 4913 4692 4952 4756 5480 5016 4964 5108 4774 4847 5034 5142 4874 5015 5044 5214 5233 5122 5025 4769 5089 4963 4928 4872 4651 4957 5232 4647 5064 5218 4871 5209 4877 5051 5194 5109 5027 5001 5569 4805 5208 4811 5294 4498 5540 5122 5167 4829 5350 5000 5021 4849 5264 4641 5011 4522 4703 4953 5087 5155 4771 5084 4975 5026 4905 5069 5205 5300 4630 4730 4859 4975 5144 4849 4951 5199 5194 5073 5033 5063 4983 4916 4913 5155 5124 5145 4893 4660 4769 4789 5120 5264 4936 5092 4778 5167 4823 5092 4892 5411 4616 5392 5133 5077 5339 4806 4454 5180 4836 4891 4716 4572 4688 5015 4976 5454 4974 5181 4870 4973 5257 4936 5610 4934 5156
5283 5603 5505 4994 5346 5404 4885 4963 4922 5269 4787 5305 5313 5134 5134 5222 5028 5631 5295 5334 5009 5353 5004 4785 5563 4978 4994 5162 4905 4990 5521 4981 5015 5400 5361 5329 5054 5421 5191 5556 4960 5536 5275 5615 4928 5020 5162 5352 5795 5120 5419 5545 5340 5399 5297 5471 5597 5374 5107 5101 5298 5670 4959 5449 5293 5079 4926 5519 5228 5780 5334 5187 5072 5411 5026 5454 5007 5432 5140 4907 5104 5183 5204 4791 5379 5100 5557 5293 4664 5131 5379 5064 5046 5347 5269 5250 5018 5501 4891 4709 4920 5561 5480 4801 5376 5556 5200 5395 5130 4907 5402 5471 4548 4773 5352 5391 5025 4757 5399 5496 5338 4891 5557 4709 5452 4905 5361 4884 5145 5472 4839 5135 5056 5011 5087 5634 5270 5304 5483 5212 5424 4921 5158 5009 5090 5418 5314 5222 5361 5456 4966 5423 5512 4963 5281 5124 5212 5554 4879 4937 5350 5484 5420 5315 5164 5291 5369 5021 4997 5610 5011 5144 5244 5415 4690 5235 5187 5276 5099 5259 5394 5347 4906 5690 4962 5331 4729 5051 5414 5299 5338 5284 5449 5250 5182 5540 5243 5231 5545 5096 5004 5316 5304 5413 5197 5395 5378 5291 5302 5658 5140 5356 5365 4905 5215 5341 5201 4928 5066 4727 5136 5202 5335 5254 5263 4971 5322 4875 5569 5506 5669 4839 5494 5275 5210 5388 4931 4910 5180 5041 5241 4862 4711 5265 5407 4993 5505 5133 5481 5132 5439 5295 5193 5767 5275 5286
4924 5020 4808 4472 5034 4979 4654 4710 4801 4955 4261 4812 4827 4784 4845 4949 4807 5006 4970 4926 4660 4673 4585 4705 5131 4625 4947 4880 4850 4567 5121 4770 4809 4790 4648 4747 4800 4865 4971 5107 4491 5024 4959 5208 4675 4628 4612 4776 4947 4762 4913 5084 4811 5013 4680 5026 5118 4631 4677 4734 5041 5090 4650 5332 4967 4688 4784 4655 4963 4979 4996 4889 4867 4900 4504 5077 4592 4983 4802 4550 4941 4897 4933 4509 4974 4653 5330 4802 4486 4896 5048 5025 4602 4901 4920 4894 4675 5059 4674 4518 4413 4930 5024 4306 5026 5229 4443 5140 4604 4733 4832 5194 4521 4529 4935 4715 4639 4486 4676 5066 4704 4654 4900 4406 4875 4387 4681 4315 4591 4924 4492 4781 4579 4675 4708 5326 5157 4713 4985 4792 4904 4665 4842 4873 4805 5018 5063 5003 4792 4681 4652 4730 4955 4608 4907 4833 4625 5080 4621 4861 4958 4723 5091 4874 4854 4607 4853 4644 4981 5037 4479 4991 4941 5106 4258 4878 4944 4813 4703 4555 4902 4831 4738 5075 4427 5293 4272 4803 4982 4926 4901 4657 5188 4676 4687 4961 4958 4823 5143 4655 4536 4639 4941 4798 4562 4937 5110 4785 4978 5163 4931 4681 4949 4695 5151 5062 4760 4935 4333 4542 4463 4775 4913 4517 5098 4277 4763 4539 5111 5258 5412 4504 4982 4758 4872 4924 4751 4629 4900 4515 4744 4493 4515 4584 4937 4852 5396 4868 5001 4713 4651 4915 4823 4997 4700 5156
5419 5769 5357 4934 5361 5625 5014 5143 5164 5522 4660 5261 5267 4911 5614 5477 5105 5654 5371 5286 5150 5248 5026 5135 5246 4995 5386 5293 5153 4937 5547 5251 5233 5250 5528 5154 5125 5318 5014 5539 4943 5479 5266 5845 5304 5041 5325 5360 5621 5274 5374 5569 5535 5452 5228 5285 5413 5120 4864 5337 5178 5188 4811 5849 5398 5147 5254 5558 5501 5519 5589 5379 5429 5581 5179 5675 5113 5249 4845 5088 5305 5466 5479 5038 5154 5110 5708 5429 4735 5311 5353 5172 5228 5529 5510 5497 5150 5524 5089 5251 4886 5208 5228 4813 5715 5553 5113 5077 5089 5082 5459 5552 4515 4792 5335 5263 5013 4789 5265 5618 5008 4839 5651 4831 5252 5022 5078 4992 5569 5645 4958 5065 5166 5101 5289 5828 5465 5257 5337 5152 5224 5383 5471 5174 5366 5336 5338 5443 5368 5387 5041 5377 5265 5224 5218 5344 5317 5653 4810 4978 5252 5164 5478 5453 5226 5398 5343 5075 5309 5619 5028 5356 5249 5663 5175 5109 5280 5426 5109 5407 5217 5364 5228 5645 5089 5475 4721 5292 5481 5217 5371 5294 5513 5254 5492 5245 5407 5383 5373 4974 4868 5146 5304 5247 5063 5310 5673 5294 5576 5594 5406 5394 5388 4908 5406 5447 5200 5001 5329 4776 5020 5373 5478 5071 5273 4805 5380 5033 5142 5192 5427 4733 5362 5298 5281 5294 5134 4868 5394 4746 5275 4691 4603 4796 5565 4979 5587 5287 5441 5139 5478 5412 5114 5669 5109 5617
5384 5823 5875 5129 5431 5453 4910 5328 5400 5605 5395 5436 5596 5387 5497 5368 5199 5726 5714 5512 5361 5299 5197 5145 5705 5170 5249 5367 5479 5230 5774 5516 5501 5349 5313 5437 5247 5343 5484 5881 5317 5906 5227 5808 5270 5053 5115 5386 5933 5288 5743 5897 5593 5514 5613 5676 5946 5201 5336 5484 5632 5712 5467 5584 5459 5189 4866 5912 5665 5634 5271 5683 5174 5527 5065 5377 5428 5505 5708 5223 5723 5631 5559 4937 5185 5412 5743 5411 4901 5309 5600 5276 4964 5295 5379 5757 5326 5899 5111 5202 5164 5261 5514 5271 5650 5631 5232 5466 5337 5360 5579 5690 5011 5089 5609 5613 5189 5115 5859 5725 5237 5258 5873 4915 5261 5443 5458 5053 5385 5553 4913 5214 5081 5136 5443 5977 5502 5446 5655 5515 5517 5607 5425 5202 5291 5612 5729 5619 5758 5393 5369 5408 5584 5053 5321 5445 5364 5673 5202 5267 5606 5598 5721 5469 5440 5559 5520 5187 5477 5675 4964 5487 5412 5718 5191 5376 5709 5404 5245 5485 5533 5287 5104 5643 4951 5760 5133 5195 5680 5532 5600 5378 5541 5222 5375 5544 5628 5564 5667 5373 5008 5356 5540 5429 5269 5640 5586 5677 5607 5615 5376 5603 5518 4974 5542 5308 5429 5157 5241 5180 5376 5446 5726 5497 5470 5040 5487 5174 5571 5665 6103 5102 5316 5651 5477 5604 5207 4901 5486 5264 5600 5319 4979 5243 5475 5479 5726 5398 5597 5137 5477 5841 5201 6064 5481 5744
5387 5504 5310 4912 5458 5375 4791 5039 5222 5568 4753 5151 5263 5198 5382 5136 5016 5296 5370 5129 5136 4920 4834 5001 5535 5148 5194 5208 4847 4939 5269 5245 4885 5072 5034 4745 5073 5475 5480 5740 4644 5311 5175 5667 4881 4844 5469 5089 5492 4898 5219 5811 5397 5330 5333 5570 5616 4944 4982 5195 5213 5188 4960 5635 5295 4987 5031 5386 5322 4960 5471 5474 5136 5253 4915 5362 5111 5103 4870 4913 5115 5300 5185 4922 5111 4936 5673 5419 4667 5184 5166 5188 4881 4887 5206 5221 4825 5434 5074 5192 4823 4848 5201 4611 5316 5498 5054 5128 4990 5173 5002 5679 4692 4796 5386 5214 4713 4836 5561 5562 5023 4936 5431 4685 5069 5005 5148 4907 5277 5332 4822 5103 5208 5216 5101 5691 5371 5119 5440 5208 4949 5136 5228 5081 5010 5473 5294 5483 5184 5194 4763 5250 5207 5219 5168 4810 4780 5221 4939 4926 5416 5157 5478 5457 5209 5260 5237 5060 5337 5809 4804 5091 4941 5488 5118 5139 5380 5034 5098 5064 5308 5345 4923 5278 5141 5387 4655 4870 5285 5007 5312 4851 5389 5327 5236 5311 5160 5447 5451 4937 4803 4853 5448 5015 4840 5179 5131 5167 5370 5446 5226 5154 5081 5026 5428 5003 5249 4967 4969 4719 5067 5274 5336 4968 5285 4810 4985 4712 5301 5443 5518 4748 5273 5184 5118 5446 5191 4701 4983 4680 5301 4964 4633 5032 5425 5211 5684 4955 5329 4978 5398 5102 5028 5570 5112 5504
5066 5369 5292 4834 5368 5281 4849 4925 5028 5160 4690 4893 5314 4809 5253 5119 4863 5376 5366 5221 5093 5175 5021 4901 5296 4921 5131 5123 4916 4707 5019 5074 4818 5217 5092 4848 5137 5048 5036 5430 4556 5444 5074 5242 4794 4784 5120 5246 5460 4920 5186 5322 5303 5266 5276 5517 5260 4896 4644 4982 4970 5338 5123 5402 5431 5250 4955 5239 4936 5577 5297 4995 4860 4933 4828 5307 5003 5417 4741 4747 5146 5123 4931 4533 5237 4715 5416 4874 4598 4887 5514 5426 4941 4916 5085 5180 4853 5422 5083 4924 4574 5153 5295 4750 5113 5417 4747 5304 4975 5150 5093 5341 4878 4684 4932 5194 4531 4636 4867 5445 4962 4931 5455 4818 5052 4753 4941 4773 4884 5312 4789 4780 5048 4947 5189 5438 5186 4998 5074 5054 4850 4928 5181 4944 4962 5282 5328 5000 5005 5153 5006 5171 4992 4977 5112 4636 4770 5395 4881 5008 5420 4903 5382 5225 5204 5171 5039 5093 5173 5457 4879 5003 4833 5560 4620 5155 5132 5104 4883 4831 5281 5131 4909 5260 5024 5240 4516 4984 5305 5096 5324 4658 5192 4863 5255 5092 4930 5134 5297 4880 5060 5116 5282 5164 4872 5246 5074 4924 5451 5479 5232 5110 5145 4803 5098 5254 4871 4967 5033 4713 4985 5061 5363 5040 5199 4630 5173 4679 5251 5309 5365 4639 5317 5105 5170 5110 4697 4640 4977 5098 5387 4881 4755 5004 5124 4787 5376 4934 5419 5101 5245 5191 4985 5503 5008 5352
5073 5405 5046 4826 5208 5043 4584 4677 4719 4941 4497 4593 4940 4674 4922 4922 4615 4995 5320 4668 4627 4873 4905 4628 5028 5180 4969 5067 4655 4530 4789 5109 4645 4864 4834 4615 5114 5047 4882 5131 4540 5187 4949 5124 4660 4603 4938 4849 4991 4563 4931 5214 4831 4965 5059 5300 5369 4796 4905 4845 5214 5159 5035 5352 5073 4831 4626 4933 5048 5122 5001 5082 4687 4991 4834 4995 4606 4995 4877 4693 5029 5038 5089 4474 4897 4504 5183 4896 4509 4793 5056 5025 4813 4453 5011 4930 4745 5127 4767 4580 4426 4921 4847 4268 5302 5304 4484 4743 4627 4933 4971 5546 4430 4699 4779 4821 4433 4297 5057 5008 4575 4571 4984 4500 4864 4416 5025 4758 4848 5060 4650 4751 4830 4949 4950 5329 4849 4826 4934 4741 5144 4886 4928 5019 4839 5001 5060 5018 4900 4708 4734 5094 5081 5041 4675 4826 4718 5002 4531 4776 5289 4816 5144 4980 4957 4820 5015 4598 4938 5206 4606 4814 4677 5029 4576 4997 4933 5152 4618 4831 4891 4778 4733 4918 4477 5063 4387 4577 5070 4779 4989 4469 5283 5032 5038 4864 4769 5202 5650 4678 4546 4706 4696 4846 4645 4867 4996 4598 5225 5024 5260 4749 4803 4804 5113 4758 5103 4976 4807 4405 4846 4833 4745 4993 5065 4527 5033 4620 4789 5133 5133 4551 5093 4582 4993 5086 4794 4337 4845 4708 4866 4739 4458 4771 4948 4667 5104 4698 5090 4590 4673 5007 4784 5153 4768 5324
5157 5429 5515 4872 5219 5211 4802 4754 5029 5299 4716 4924 5107 4837 5132 5234 5088 5313 5161 5079 4883 4879 5029 4915 5215 4892 4958 5259 4980 4650 5332 5197 4957 4912 4956 5046 4913 4957 5028 5433 4581 5243 4935 5364 4820 4848 5062 5095 5457 4867 5168 5404 5073 5066 5088 5052 5434 5033 5081 4934 5185 5327 4915 5436 5328 4705 4965 5315 5038 5180 5182 5208 4782 5294 5027 5211 4836 5105 4860 4706 5073 5194 5177 4611 4910 4863 5424 5049 4514 4995 5162 5200 4917 4984 5040 5041 4595 5473 4882 4718 4710 5146 5255 4684 5314 5369 4667 5392 5088 4997 5290 5429 4452 4599 5221 4889 4658 4619 5058 5324 4896 4879 5112 4686 5023 4762 5048 4817 4974 5087 4629 4655 4812 5020 4873 5604 5135 5086 5034 4921 5325 4955 5170 4856 5081 5152 5275 5158 4975 5044 4908 5101 5260 4882 4727 4937 4907 5507 4782 5130 5297 4796 5366 5262 5243 4978 5096 4783 5108 5223 4870 5333 4978 5422 4771 5346 5290 5159 5079 4871 5130 5149 4777 5248 4779 5453 4526 4812 5384 4881 5052 4886 5374 5052 5268 4968 5038 5125 5031 4691 4492 4845 5280 4902 5061 5091 5203 5008 5157 5306 5468 5081 5194 4785 5250 5214 4987 4867 5033 4579 4837 4860 5179 4975 5154 4653 5066 4845 5119 4968 5755 4823 5123 5119 4965 5215 4979 4326 5294 4449 4988 4853 4607 4864 5221 5141 5345 4793 5277 4859 4855 5049 4816 5311 5135 5372
5403 5533 5101 4993 5487 5298 4529 4582 5039 5539 4777 5103 5282 4806 5143 5131 4726 5351 5328 5348 4999 5034 5023 5083 5105 5138 4869 5045 4725 4491 5076 5069 4879 5063 5235 5327 5192 5191 5005 5220 4755 5220 5079 5719 4789 5131 5216 5242 5596 5184 5334 5400 5174 5275 5164 5331 5313 4972 5041 5159 5291 5370 5268 5590 5376 5151 4910 5219 5369 5369 5238 5097 4907 5215 5254 5344 4938 5285 4924 5125 5407 4951 4977 4778 5198 4725 5354 5164 4543 5234 5412 5252 4868 5056 5005 5255 4962 5635 4932 5011 4733 5028 5281 4618 5185 5428 4466 5371 5135 5212 5360 5521 4769 4820 5305 5027 4554 4829 4994 5426 4839 5063 5455 4711 4765 4940 5157 4898 5120 5093 4714 4890 4771 5022 5362 5508 5325 5227 5128 4951 5197 4960 5247 5104 5144 5046 5368 5335 5243 5149 4914 5278 5164 4687 5019 4949 5016 5711 4881 4992 5739 5112 5399 5351 5121 4978 5225 4986 4904 5531 4829 5174 4842 5403 4554 5302 5346 5159 5105 5153 5133 5188 5056 5305 4898 5428 4838 5017 5153 5075 5184 4954 5113 5127 5307 5071 5136 5151 5582 4780 4954 5018 5368 4947 5201 5208 5017 5077 5408 5205 5289 5218 5197 4881 5213 5305 5096 4975 4818 4925 4930 5175 5126 5175 5245 4982 5122 4659 5352 5268 5649 4964 5371 5075 5050 5116 5058 4495 5182 4902 5102 4787 4931 5171 5341 5035 5492 4944 5305 5056 5204 5373 5091 5551 5234 5552
5499 5685 5602 5051 5640 5494 4987 5068 5299 5822 5237 5497 5459 5387 5649 5603 5055 5728 5635 5386 5431 5460 5341 5010 5472 5297 5667 5311 5379 4992 5812 5668 5319 5461 5183 5314 5237 5659 5436 5506 5149 5817 5463 5977 5298 5215 5641 5527 5908 5435 5150 5547 5897 5275 5543 5770 5865 5042 5129 5506 5593 5602 5403 5700 5747 4895 5004 5518 5598 5456 5369 5579 5487 5442 5444 5353 5217 5492 5199 5242 5541 5475 5563 5081 5460 5333 5662 5293 5023 5245 5401 5446 5125 5331 5690 5665 5387 5645 5244 5195 4978 5337 5350 4832 5612 5729 5095 5551 5121 5427 5832 5895 4946 5076 5430 5638 5059 4818 5545 5722 5188 5108 5811 4844 5502 5013 5388 4951 5301 5793 5251 5204 5360 5521 5298 5934 5385 5478 5357 5285 5475 5511 5407 5081 5510 5639 5430 5486 5477 5165 5412 5600 5320 5208 5278 5385 5191 5668 5274 5331 5706 5239 5663 5553 5591 5455 5380 5168 5353 5966 5229 5463 5205 5473 5316 5544 5510 5540 5151 5541 5416 5403 5393 5748 5114 5585 4958 5270 5617 5550 5668 5443 5511 5140 5524 5442 5401 5739 5681 5303 5285 5427 5407 5188 5240 5285 5735 5180 5593 5502 5566 5347 5410 5197 5445 5108 5283 5022 5035 4966 5324 5422 5648 5485 5512 4982 5381 5158 5673 5682 5863 4939 5610 5493 5232 5397 5167 4795 5381 5195 5641 5097 5009 5091 5973 5263 5837 5169 5501 5274 5242 5583 5102 5737 5004 5738
5318 5626 5333 4974 5497 5196 4865 5137 5088 5506 4921 5007 5191 4795 5365 5300 5090 5391 5452 5395 5130 5220 5316 4941 5047 5064 4952 5130 4991 5071 5393 5206 5174 5439 5095 5080 5220 5184 4935 5565 4676 5764 5076 5661 5262 5030 5220 5158 5518 4850 5426 5271 5392 5386 5136 5460 5556 4853 5009 4969 5479 5301 5147 5662 5597 5112 4952 5411 5313 5409 5577 5378 5389 5265 5033 5344 5176 5563 5116 5193 5366 5287 5264 4926 5074 4926 5606 5290 4849 5180 5503 5382 5057 5121 5149 5280 5314 5520 5119 4867 4702 5052 5352 4464 5678 5587 4932 5250 5125 5039 5255 5811 5014 4925 5220 5173 4789 5199 5379 5593 5003 5061 5578 4962 5110 4995 5308 4757 5359 5497 4897 5028 4972 5518 5245 5605 5347 5111 5361 5197 5508 5061 5223 5309 5248 5204 5402 5093 5475 5102 4977 5147 5225 5227 5134 5164 4895 5185 5123 4927 5614 5237 5754 5276 5125 5218 5273 5024 5351 5393 4970 5262 5115 5709 5120 5216 5253 5317 5138 4889 5489 5295 4896 5611 4974 5495 4745 5276 5362 5202 5249 4983 5529 5205 5194 5080 5315 5596 5653 4894 4892 5196 5608 5135 5252 5304 5506 5091 5443 5358 5383 5114 5478 4959 5451 5157 5062 5020 5224 4965 4877 5311 5624 5135 5395 5003 5297 4848 5452 5316 5736 4791 5379 5290 5035 5306 5060 4953 5129 5026 5378 4968 4906 5220 5508 4814 5456 5244 5369 5203 5321 5537 5005 5521 5133 5558
5097 4882 4812 4505 5118 4909 4506 4537 4677 4969 4521 4782 4919 4968 4701 4892 4767 5082 5044 5099 4492 4833 4565 4625 5038 4449 4504 4656 4635 4501 4804 4755 4332 5094 4746 4835 4639 4903 4715 4953 4338 5036 4815 5208 4722 4525 4840 4866 5255 4764 4928 5120 4814 4969 4751 4924 5071 4675 4426 4732 5050 4954 4793 5200 4815 4501 4496 5028 4803 4852 4884 4852 4744 4687 4668 5033 4590 4922 4752 4363 5039 4795 4718 4410 4816 4569 4997 4868 4143 4835 4891 4782 4616 4425 4803 5019 4692 5023 4333 4773 4462 4989 4919 4401 5145 4921 4397 4945 4638 4465 5010 4887 4649 4570 4881 4858 4387 4488 4777 5043 4666 4651 5118 4360 4610 4485 4622 4482 4667 4818 4528 4542 4544 4691 4666 5344 4636 4826 4839 4842 4759 4563 4639 4779 4731 4846 4756 5064 4920 4696 4688 4832 4817 4434 4915 4721 4463 4969 4454 4813 4937 5019 4878 5002 5027 4885 4945 4561 4765 5289 4599 4641 4449 4980 4621 4628 4981 4678 4569 4952 4913 4804 4455 5005 4744 5043 4448 4662 5088 4835 4877 4570 5052 4699 4853 4979 4915 4689 5123 4607 4681 4662 5000 4550 4604 4922 4824 4715 4970 4868 4777 4725 5057 4350 4629 4702 4760 4373 4521 4714 4541 4500 5048 4709 5035 4528 4688 4355 5030 4893 5277 4398 4895 4831 4857 5000 4794 4338 4712 4467 4835 4619 4661 4886 4744 4709 4983 4855 4851 4811 4867 4871 4611 5313 4708 4751
5132 5359 5323 4601 5235 5203 4564 4909 4914 5370 4704 4865 5115 4823 5197 4923 4872 5397 5222 4974 4839 4946 4849 5233 4880 4874 4990 5194 5027 4886 5336 5059 4897 5232 5057 4835 4898 5131 5025 5105 4933 5256 5133 5474 4857 4929 5027 5341 5326 4842 5157 5300 5226 4964 5114 5208 5383 4733 4824 5042 5040 5401 4858 5528 5276 5212 4722 5228 5247 5070 5311 5147 4896 5115 4869 5163 5009 5201 4975 4704 5196 5202 5033 4792 5307 4642 5319 4972 4542 4856 5207 5216 4868 4831 5244 5238 4880 5294 4931 4886 4781 5050 4973 4475 4821 5146 4913 5097 4722 5106 5370 5174 4709 4931 5333 5196 4688 4602 5008 5546 4752 5089 5568 4886 5003 4556 4916 4492 4982 5202 4614 4907 5136 5055 4833 5728 5057 4957 5035 5059 5082 5066 5019 4978 5067 5082 5231 5080 5075 5017 5059 5141 5001 4780 4890 4960 4863 5099 4872 4899 5223 5133 5564 5390 5147 4775 5230 4646 5215 5489 4784 5020 4954 5284 4789 5157 5168 5219 4634 5002 5051 5050 4831 5133 4562 5502 4749 4945 5331 4990 4937 5057 5258 4994 5109 4714 5232 5336 5329 4715 4918 5119 5113 4840 4771 5282 5295 4976 5262 5198 5227 5220 5037 4762 5104 4999 4859 5017 4731 4520 5073 4944 5148 5022 5055 4462 5252 4822 4964 5206 5278 4565 5119 5043 4660 5458 4903 4368 5255 4680 5334 4935 4599 5018 5320 5021 5321 4989 5202 4962 4824 4992 4942 5433 4852 5407
5398 5788 5391 4785 5386 5506 4867 5084 5166 5356 4902 5005 5154 4965 5549 5190 4923 5498 5743 5249 5005 5351 5215 5012 5067 5410 5285 5140 5067 5142 5495 5377 4837 5278 5360 5008 5141 5483 5177 5600 5099 5778 5148 5600 5027 4915 5254 5566 5489 4913 5320 5719 5608 5518 5292 5710 5755 4975 5190 5349 5143 5428 5316 5629 5617 5114 4818 5554 5260 5689 5264 5438 5463 5241 5215 5234 4864 5448 5198 4883 5415 5551 5315 4584 5337 4815 5692 5305 4736 5211 5156 5262 4991 5165 5206 5223 4900 5809 5299 4980 4841 5249 5128 4758 5508 5562 4815 5495 5108 5210 5305 5871 5026 5035 5202 5003 4666 4974 5575 5451 4967 4933 5446 5039 5402 5073 5492 4912 5357 5594 5058 5218 5139 5217 5167 5748 5227 5679 5384 5177 5308 5297 5376 5479 5342 5501 5663 5173 5483 5230 5282 5475 5104 5168 5364 5224 5079 5459 5126 5378 5553 5316 5592 5542 5266 5234 5689 5226 5257 5610 4980 5531 5230 5335 4970 5391 5289 5537 5127 5039 5456 5325 5229 5287 4918 5230 4597 5054 5671 5373 5172 5023 5441 5192 5220 5244 5147 5349 5590 5220 5102 5048 5579 5049 5078 5306 5511 5230 5670 5450 5575 5329 5357 4875 5641 4915 5622 4789 5088 4857 5339 5252 5208 5235 5371 4970 5551 4844 5573 5563 5683 4852 5461 5018 5038 5350 5090 4591 5160 4647 5366 5149 5052 5132 5399 5231 5520 5246 5439 5110 5056 5230 5246 5648 5272 5584
5050 5621 5362 4838 5489 5493 4850 4929 4996 5551 4890 4992 5275 4850 5149 5118 5070 5399 5294 5199 5028 5119 4840 5058 5119 4990 5155 4957 4855 4932 5352 5304 4953 5238 4992 4965 5049 5045 5350 5270 4989 5495 5335 5761 5026 4921 5165 5041 5495 5292 5387 5511 5434 5128 5234 5446 5511 5044 4908 5118 5194 5524 5156 5339 5024 4940 4991 5247 5396 5368 5057 5306 4988 5108 4872 5363 4985 5250 5050 4942 5181 5202 5198 4769 5166 4845 5390 5024 4820 4991 5502 5093 4780 4959 5384 5067 4976 5426 4830 5021 4835 5046 5236 4626 5300 5302 4842 5364 4854 4945 5383 5644 4642 4862 5080 5215 4775 5058 5069 5607 5009 4699 5548 4743 5251 5035 5216 4975 5010 5147 4645 5112 4975 5011 5160 5673 5112 5215 5338 5149 5249 5177 5300 5284 4878 5286 5454 5199 5100 5082 5051 5482 5244 5091 5174 5227 4992 5213 4769 4964 5531 5165 5388 5381 5210 5313 5253 5092 5126 5681 4929 5018 4871 5323 4878 5076 5040 5148 5218 5019 5071 5058 4935 5451 4633 5303 4590 4866 5152 5228 5117 4965 5209 5211 4965 5159 5373 5297 5321 4897 4851 4960 5233 5221 5002 5212 5270 4988 5467 5369 5338 5244 5307 4845 5339 5074 5086 5033 4830 4835 4909 5289 5309 5173 5293 4847 5136 4785 5136 5332 5540 4638 5282 4972 5090 5204 4930 4566 5072 4761 5322 4973 4649 4878 5387 4977 5546 4908 5305 5055 5015 5380 5211 5287 5084 5342
5507 5457 5494 5005 5466 5448 4714 5270 5213 5497 4874 5205 5262 4964 5030 5322 5015 5602 5315 5475 5296 5240 5137 5057 5342 5025 5244 5175 5162 5083 5452 5663 4874 5444 5152 5256 5352 5284 5509 5505 4675 5469 5293 5700 5087 5045 5176 5220 5502 5013 5501 5460 5413 5060 5470 5569 5535 5217 5108 5228 5089 5604 5260 5677 5151 5158 5012 5263 5479 5371 5276 5336 4768 5215 5300 5330 5109 5471 5284 4783 5555 5362 5349 5050 5562 5085 5579 5232 4779 5051 5733 5072 5019 5242 5657 5361 5361 5527 4857 5300 5020 5117 5301 4795 5261 5524 4980 5620 5125 5247 5259 5592 4686 4993 5342 5094 4894 4758 5291 5587 5035 5260 5576 4993 5024 5157 5168 5102 4992 5581 4847 5194 4944 5150 5318 5857 5260 5313 5186 5370 5413 5269 5027 5421 5145 5370 5762 5202 5220 5320 5362 5202 4954 4787 5215 4910 5206 5371 5124 5219 5608 4975 5633 5238 5207 5171 5420 4932 5234 5665 5080 5615 5250 5549 4946 5089 5340 5288 5117 5024 5275 5114 5201 5603 5131 5693 5016 5036 5315 5349 5441 4964 5630 5172 5203 5217 5474 5546 5617 5124 5022 5253 5566 5229 5080 5377 5339 5222 5324 5519 5467 5322 5144 4768 5598 5322 4988 5215 4936 4922 5402 5360 5578 5415 5314 5119 5449 4742 5382 5193 5663 4891 5167 5438 5112 5442 5347 4775 5266 4962 5216 4966 5168 5417 5310 5067 5495 5231 5449 4964 5452 5608 5332 5701 5343 5614
5799 5906 5845 5562 5846 5732 5089 5427 5386 5725 4933 5059 5389 5163 5457 5578 5225 5846 5998 5709 5186 5583 5427 5352 5305 5462 5330 5430 5089 5243 5654 5650 4996 5594 5468 5336 5370 5555 5560 5778 5237 5779 5449 5756 5115 5355 5476 5401 5608 5392 5565 5844 5546 5480 5867 5787 5837 5353 5611 5439 5628 5664 5475 6061 5686 5654 5287 5786 5486 5734 5742 5642 5027 5666 5333 5768 5366 5760 5335 5115 5589 5403 5675 5222 5568 5028 5792 5687 5011 5303 5799 5480 5535 5616 5684 5705 5293 5804 5355 5071 4826 5402 5558 4934 5753 5918 4973 5709 5293 5462 5449 5785 4998 4939 5535 5262 5143 4871 5593 5913 5470 5036 5515 5172 5266 5092 5591 5098 5430 5662 5248 5688 5555 5457 5611 5810 5690 5609 5568 5347 5630 5211 5425 5706 5422 5604 5620 5398 5474 5443 5163 5680 5319 5432 5391 5366 5325 5872 5154 5399 5724 5333 5833 5751 5491 5471 5812 5278 5481 5898 5132 5477 5305 5994 5198 5589 5268 5741 5278 5271 5655 5479 5302 5485 5243 5750 4810 5401 5814 5687 5719 5212 5770 5604 5867 5638 5599 5740 5733 5136 5306 5477 5524 5269 5346 5750 5647 5279 5451 5764 5649 5510 5424 5237 5804 5350 5381 5238 5259 5169 5198 5484 5596 5466 5698 5114 5598 5063 5590 5664 5859 5038 5748 5271 5483 5523 5462 5002 5650 4989 5486 5163 5097 5474 5682 5240 5762 5398 5623 5423 5515 5418 5314 5793 5351 6018
5457 5775 5763 4976 5447 5525 5068 5096 5353 5871 5131 5470 5397 5118 5304 5446 5172 5542 5659 5323 5060 5134 5281 5238 5437 5315 5181 5198 5255 4819 5497 5443 5063 5340 5338 5410 5193 5472 5284 5655 4877 5679 5230 5853 5026 5108 5398 5478 5860 5318 5435 5569 5434 5581 5425 5565 5728 5164 5328 5413 5419 5485 5347 5646 5590 5141 5194 5386 5407 5392 5422 5395 5186 5263 5238 5446 5101 5426 5217 4921 5439 5253 5290 4888 5119 5177 5473 5222 4679 5308 5434 5545 5274 5171 5261 5498 5381 5523 5062 5374 5023 5509 5570 5128 5732 5905 4828 5504 5292 5254 5519 5688 4958 4939 5376 5446 5119 4990 5373 5586 5200 5149 5569 4807 5253 5199 5249 5037 5227 5279 4940 5112 5078 5063 5255 5808 5443 5480 5346 5427 5407 5370 5506 5388 5174 5538 5496 5407 5393 5248 5261 5348 5460 5033 5250 5047 5103 5726 5226 5022 5792 5366 5541 5608 5177 5306 5517 5095 5369 5814 4954 5521 5173 5796 5204 5473 5437 5365 5227 5487 5375 5499 4988 5537 5099 5541 4865 5298 5641 5415 5427 5312 5748 5319 5407 5426 5529 5583 5499 5138 4867 5239 5622 5177 5232 5176 5444 5447 5636 5589 5616 5283 5628 5441 5567 5331 5145 5109 5134 4933 5078 5253 5312 5456 5377 5056 5482 5038 5640 5516 5812 5017 5365 5412 5200 5306 5089 4777 5314 4827 5370 5182 5056 5135 5722 5102 5604 5247 5371 5584 5242 5480 5289 5738 5116 5634
5047 5441 5153 5155 5390 5313 4678 4631 4840 5376 4859 5056 5265 4739 5052 5059 4877 5352 5295 5272 5078 5086 4845 4774 5024 4944 5073 5019 4928 4534 5163 4977 4855 5325 4971 4847 5150 5014 5213 5307 4832 5207 5074 5501 4990 4885 4979 5284 5277 4839 5278 5283 5309 5133 5089 5178 5331 4774 4856 4835 5047 5196 5010 5760 5357 4939 4760 5395 5108 5478 5171 4893 4965 5182 5018 5375 4892 5003 4844 4901 5085 5321 5080 4684 5026 4558 5328 5016 4591 4979 5177 5130 4808 4978 5081 4913 4910 5230 4920 4771 4686 5090 5122 4502 5387 5389 4814 5076 4896 4857 5047 5321 4673 4690 5107 5043 4564 4741 4951 5451 4844 4739 5475 4658 5214 4600 4852 4657 5159 5248 4906 5015 4956 5220 5109 5667 5136 4904 5096 5014 5146 5134 5053 5144 5085 5208 5130 4955 5108 5030 4971 5146 5190 4997 4971 5031 4868 5371 4895 5032 5374 4993 4968 5067 4883 5017 5517 4941 5153 5240 4933 5080 4911 5399 4591 5224 5106 5125 4829 5039 5208 4992 5112 5259 4840 5101 4487 4990 5108 5126 5249 4923 5195 4877 5105 5039 5228 5042 5186 4615 5074 5226 4919 5115 4861 5116 5403 5016 5505 5491 5307 5302 5025 4905 4962 5060 5175 5135 4843 4754 5066 5081 5361 4966 5199 4775 5112 4711 5050 5093 5454 4708 5245 4887 5147 4825 4860 4783 5099 4733 4864 4574 4690 4918 5523 4831 5372 5055 5127 5183 5163 5191 5134 5339 4950 5045
5230 5450 5461 4880 5559 5328 5072 4993 5095 5624 4891 5065 5371 5020 5192 5365 5069 5502 5556 5289 5068 5272 5243 5207 5392 5294 5296 5430 5219 4788 5479 5443 5235 5407 5264 5264 4994 5348 5388 5555 4642 5268 5262 5704 5334 5019 5222 5295 5564 5304 5375 5889 5491 5520 5595 5665 5832 5042 4960 5396 5267 5383 4935 5760 5247 5099 4984 5544 5419 5471 5372 5471 5102 5426 5320 5557 5148 5407 5145 4919 5136 5323 5210 4784 5208 4853 5526 5193 4876 4964 5327 5395 4975 5162 5294 5485 5168 5826 5073 4951 4747 5513 5401 4813 5401 5330 4836 5371 5128 5104 5252 5573 5111 4999 5449 5136 4750 4747 5306 5570 5112 5007 5924 4776 5018 4761 4993 4972 5227 5342 4485 5231 5495 5231 5208 5711 5338 5513 5166 5013 5345 5262 5355 5156 5173 5115 5335 5269 5314 5287 5061 5577 5445 5146 5313 5191 5109 5577 4950 5202 5861 5236 5347 5580 5179 5394 5293 5073 5206 5580 4933 5513 5130 5643 4942 5317 5385 5307 5096 5298 5500 5449 4946 5611 5030 5661 4680 5218 5467 5030 5560 4787 5402 4950 5217 5070 5311 5392 5489 5099 5233 4989 5352 5108 5224 5574 5317 5170 5478 5383 5489 5269 5343 4991 5201 5059 5252 5269 5198 4975 5003 5185 5303 5254 5432 4738 5320 4924 5224 5243 5531 4857 5583 5159 5311 5271 5061 4754 5387 5013 5268 4837 4785 5140 5551 4993 5525 5166 5552 5204 5109 5536 4948 5782 5054 5657
5076 5438 5254 4917 5263 5124 4724 4978 5025 5466 4792 4844 5105 4849 5454 5104 4539 5234 5217 5181 4874 5008 4832 5172 5269 4828 5014 5002 4788 4587 5304 5116 4789 5232 5205 5089 5083 5329 5109 5164 4656 5321 4823 5495 4962 5149 5059 5026 5357 4878 5129 5529 5062 5210 5167 5382 5323 4956 4832 4984 4976 5136 4964 5290 5115 4915 4848 5162 5131 5053 5088 5086 4869 5221 4901 5114 4960 5034 4961 4917 5242 5016 4845 4751 5055 4783 5481 5215 4542 5110 5170 5068 4793 4966 5061 5249 4863 5484 4885 4887 4642 4875 4970 4557 5474 5247 4836 5384 5003 4845 4905 5595 4478 4637 5223 4974 4766 4480 5201 5356 4764 4711 5297 4610 4797 4818 4909 4901 5066 5308 4883 4921 4959 5101 5279 5475 4927 5162 5098 5094 4949 4902 5215 5126 5252 5303 5221 5012 4842 4758 5001 5135 4979 4916 4876 5120 4869 5336 4666 4927 5454 5083 5191 5148 4868 4847 5201 4796 5229 5383 4510 4766 4825 5347 4624 4969 5224 5180 4779 5044 5179 4994 4927 5424 4675 4884 4413 4949 5271 5182 4979 4729 5169 4872 5081 4922 5135 5486 5320 4989 4810 4988 5252 4807 4509 4963 5079 4826 5381 5277 5042 4841 4881 4761 5060 4935 4988 4869 4785 4615 4772 5154 5316 5463 5142 4514 4933 4551 4973 5385 5568 4825 5314 4798 5159 5409 4805 4545 5115 4678 5007 4616 4963 4969 5490 5108 5232 4919 5316 4772 5223 4978 5186 5389 5229 5295
5100 5595 5419 4640 5261 5350 4797 5048 5354 5618 5059 5030 5257 5261 5340 5312 4928 5275 5225 5212 5196 5046 5032 5032 5285 4974 5210 5297 5086 4676 5448 5252 5293 5036 5423 5082 5022 5314 5001 5439 4790 5487 5043 5603 4865 5035 5150 5099 5678 4852 5416 5636 5105 5289 5510 5243 5564 5081 5105 5033 5283 5239 4833 5490 5345 4967 4990 5409 5349 5264 5206 5213 5181 5390 5221 5334 5047 5348 5082 5139 5391 5193 5328 4778 5168 4973 5807 5362 4766 5238 5467 5195 4910 5289 5109 5568 5102 5512 5053 5075 4650 5336 5334 4667 5453 5384 4976 5400 5220 5088 5287 5621 4803 4725 5402 5329 4827 4828 5501 5576 4850 5099 5833 5014 5139 4839 5062 4922 5065 5258 4766 4991 4995 5071 5344 5604 5351 5281 5259 5033 5437 5150 5259 5066 5286 5220 5426 5433 5247 5188 5038 5158 5218 5184 5088 5179 5174 5625 4979 5088 5608 5633 5550 5194 5214 5076 5448 4754 5382 5481 5041 5121 4996 5478 5044 5446 5597 5233 5266 5170 5010 5473 4844 5368 4744 5369 4806 5202 5162 5160 5527 4991 5482 5045 5177 5090 5323 5461 5321 4925 4846 5098 5329 4947 5273 5062 5240 5258 5308 5388 5404 5239 5175 4803 5339 5343 5381 4968 5186 4631 5048 5353 5493 5417 5111 4860 5178 4961 5472 5400 5598 5036 5470 5359 4896 5544 4950 4721 5335 4893 5240 4960 4869 5104 5445 5005 5310 4992 5313 5216 5107 5223 5207 5651 5295 5507
5153 5818 5428 5003 5536 5184 4684 4886 5196 5554 5025 5171 5708 5034 5317 5180 5029 5694 5236 5354 5110 5447 5107 5214 5396 5065 5220 5551 5207 5037 5516 5245 5175 5362 5461 5291 5238 5399 5454 5473 5200 5615 5178 5525 5186 5218 5153 5440 5681 5017 5506 5707 5289 5478 5229 5358 5605 4896 4966 5201 5286 5644 5403 5587 5575 5229 5120 5375 5336 5527 5121 5384 5197 5252 4962 5457 5145 5137 5158 5232 5330 5429 5186 4894 5436 5029 5758 4835 4766 5074 5136 5198 4931 5258 5441 5032 4949 5476 5190 4935 4773 5243 5209 4818 5459 5394 5002 5418 5205 5037 5402 5533 4767 4866 5506 5229 5002 4874 5414 5377 4955 4913 5769 5064 5387 5109 5398 5051 5436 5418 4927 5277 5024 5024 5194 5774 5665 5248 5336 5339 5507 5186 5423 5270 5210 5290 5613 5327 5268 5253 5131 5527 5141 5285 5254 5202 5222 5757 4936 5001 5567 5261 5583 5354 5275 5057 5689 4959 5170 5775 4883 5301 5259 5690 5167 5226 5571 5461 5049 5167 5230 5409 5182 5535 4863 5661 4683 5145 5421 5318 5145 5247 5431 4973 5369 5130 5320 5434 5594 5112 4869 5125 5371 5031 5355 5503 5754 5277 5590 5741 5546 5429 5482 5035 5476 5433 5291 5073 4957 4796 5049 5305 5633 5175 5558 4885 5508 4949 5336 5647 5975 5047 5283 5010 5183 5396 4786 4842 5385 5034 5289 5053 4614 5064 5510 5203 5494 5473 5436 5379 5215 5371 5216 5709 5371 5433
5097 5578 5268 5014 5399 5395 4943 5081 4978 5388 4771 5220 5086 4987 5336 5309 4938 5453 5876 5054 4877 4859 5087 5088 5227 4845 5378 5110 5112 4692 5315 5150 5091 5334 4929 5067 5024 5180 5206 5492 4789 5369 5044 5416 5009 5092 5119 5325 5436 4827 5218 5259 5643 5335 5226 5661 5577 4941 5040 5102 5112 5192 5039 5651 5398 5013 5153 5433 5099 5264 5192 5065 4818 5230 4955 5123 5114 4931 5010 4729 5243 5092 5423 4693 4939 4924 5373 5162 4575 5001 5036 5283 5070 5052 5292 5079 5078 5221 5132 4840 4855 4896 5247 5028 5535 5496 4740 5200 4937 4945 5144 5473 4668 4893 5324 5174 4548 4775 5115 5409 4831 4579 5586 4794 5360 4842 5037 4748 4924 5362 4581 5111 4905 4847 4951 5568 5242 5290 5240 4999 4814 5163 5238 5083 4939 5332 5254 4959 5032 4942 4969 5420 5428 4961 5178 5095 4865 5309 5065 5136 5322 4982 5423 5437 5091 5099 5084 5202 5181 5642 4962 5370 4984 5410 4893 5259 5440 5397 5015 4910 5156 5173 4854 5369 4739 5455 4659 4839 5329 5009 5085 5100 5256 5062 5112 5267 5132 5528 5274 4969 5113 5051 5172 5095 5127 5314 5470 5251 5279 5476 5348 5170 5302 4952 5160 4994 5273 5154 4895 4790 5112 5103 5085 5036 5273 5012 5521 4878 5403 5274 5694 4706 5490 4935 5141 5215 4789 4789 4947 4529 5295 4667 4698 4914 5467 5051 5280 4869 5381 5246 5118 5195 4970 5395 4784 5553
5414 5721 5614 5148 5598 5645 5105 5063 5062 5560 5057 5026 5496 5359 5461 5346 5400 5680 5304 5313 5161 5286 4990 5252 5507 5169 5540 5449 5006 5008 5469 5403 5321 5371 5371 5454 5519 5461 5560 5496 5001 5537 5520 5828 5292 5300 5279 5511 5780 5338 5711 5972 5679 5555 5426 5683 5818 5126 5159 5263 5488 5714 5364 5768 5597 5171 5026 5543 5381 5546 5284 5489 5193 5377 5419 5802 5348 5588 5249 5346 5564 5351 5321 5300 5712 5168 5909 5144 5020 5266 5464 5398 5142 5402 5782 5683 5034 5644 5191 4943 5053 5574 5291 4975 5398 5402 5112 5592 4957 5327 5559 5502 4741 5052 5537 5262 4891 5110 5400 5533 5119 5183 5719 4948 5276 5327 5166 5186 5204 5841 4981 5252 5408 5368 5463 5827 5444 5435 5294 5364 5552 5494 5253 5263 5747 5739 5775 5287 5739 5306 5324 5501 5226 5257 5424 5280 5068 5573 4941 5374 6003 5334 5781 5572 5456 5379 5918 5405 5372 5900 5206 5312 4986 5656 4998 5481 5409 5418 5110 5410 5530 5607 5086 5526 5335 5835 4998 5374 5339 5468 5440 5284 5355 5260 5439 5337 5454 5626 5634 5017 4885 5528 5390 5326 5198 5346 5555 5327 5672 5641 5385 5471 5674 5142 5430 5402 5463 5147 5165 4955 5281 5356 5354 5196 5511 5024 5339 5043 5522 5650 6090 5133 5531 5380 5159 5637 5244 4576 5548 5033 5483 5197 5061 5380 5696 5175 5721 5534 5740 5151 5089 5567 5434 5852 5363 5732
5116 5412 5305 5035 5115 5142 4918 4909 5222 5369 4963 5274 5095 5008 5353 5181 4847 5237 5328 4982 5225 5431 5159 4906 5504 5056 5120 5055 4946 4998 5421 5198 4923 5202 5111 5047 5204 5288 5255 5266 4903 5344 5270 5418 4820 5079 5328 5415 5564 4849 5267 5624 5298 5335 5445 5654 5348 4931 4821 4764 5123 5158 5303 5667 5238 5044 4853 4986 5154 5179 4937 5239 5138 5166 5040 5178 4966 5464 4960 4957 5355 5327 5034 4767 5123 4780 5776 5147 4558 4930 5148 5204 5000 5064 5044 5383 5283 5734 5087 4725 4947 5173 5391 4484 5363 5294 4821 5244 5157 4701 5388 5494 4639 4839 5227 5138 4850 4682 5141 5189 4936 4719 5379 4804 5157 4880 4928 4767 4873 5231 5014 5301 5363 5050 5211 5779 4914 5150 5282 5078 5096 4972 4911 5085 4996 4915 4977 5159 5143 5030 5074 5208 4958 4990 5103 5117 4893 5236 4711 5128 5742 5189 5534 5103 4777 5157 5311 5100 5341 5376 4838 5417 5187 5310 4820 5400 5390 5356 4983 5123 5533 5289 5008 5646 4654 5240 4653 4952 5343 5391 5122 4884 5228 5049 4990 5195 5154 5493 5588 5105 5012 5162 5318 5136 5067 5243 5195 5142 5197 5335 5258 5019 5069 4770 5276 5000 5172 4902 4853 4550 4914 5139 5456 5065 5168 4597 5019 4867 5119 5372 5456 4767 5086 4845 5075 5300 4734 4813 5057 4902 5197 4805 5055 5241 5197 5031 5393 4975 5125 4944 4967 5290 5154 5513 5053 5254
5258 5502 5551 4950 5333 5232 4860 4986 5017 5473 4910 5191 5465 5310 5275 4980 5280 5522 5196 5476 4936 5423 5032 4914 5301 5096 5450 5212 5196 5076 5372 5181 5036 5348 5408 5132 5237 5368 5186 5473 5038 5840 5220 5646 5328 4820 5235 5333 5642 4888 5359 5750 5292 5412 5320 5446 5517 5034 4926 5137 5413 5376 5143 5478 5321 5017 4954 5348 5210 5471 5543 5496 5169 5205 5207 5329 5119 5278 5129 4980 5166 5692 5278 4698 5408 4885 5758 5175 4772 5177 5450 5029 5128 5116 5406 5656 5052 5386 5227 5038 4834 5457 5519 4871 5794 5545 5174 5384 5088 4939 5648 5506 4713 4796 5460 5223 4854 4634 5518 5468 5175 4850 5614 5057 5372 4877 5190 4842 5270 5524 4979 4969 5295 5089 5345 5647 5320 5240 5520 5340 5256 5170 5042 5335 5253 5240 5367 5318 5380 5152 5221 5509 5290 5009 5306 5346 5360 5343 4924 4962 5433 5124 5524 5050 5251 5247 5235 5063 5060 5588 5150 5306 5167 5473 4962 5368 5402 5245 5281 4953 5246 5291 5215 5636 4889 5358 4685 4954 5417 5247 5323 4915 5497 5044 5237 5112 5169 5458 5414 5133 4970 4854 5412 5198 5066 5121 5529 5245 5429 5653 5068 5166 5426 4941 5470 5416 5292 5043 5182 4783 5043 5168 5877 5384 5383 4853 5061 4938 5316 5503 5856 4785 5217 5200 5131 5323 5064 4886 4861 4994 5367 5293 4680 5304 5319 4932 5391 5137 5416 5236 5292 5378 4931 5664 5382 5518
5036 5558 5214 4675 5231 4980 4698 4992 5155 5527 4773 4998 5377 4744 5318 5119 5099 5443 5148 5140 5174 4956 4990 4909 5235 5065 5172 5197 5250 4628 5232 4993 4864 5211 4854 4794 4919 5006 4839 5430 4830 5375 4967 5490 4893 4796 4692 4987 5339 4887 5209 5336 5231 5059 4992 5447 5295 4985 5057 5063 5020 5194 5072 5174 5447 5119 4824 5385 5293 5325 5122 5163 4894 5328 5022 5353 4806 5282 5098 4730 5186 5194 5044 4685 5160 4449 5291 5017 4609 5048 5037 5262 4515 5142 5130 4848 4933 5400 5145 4932 4628 4912 4943 4570 5431 5163 4786 5248 4966 5234 5219 5569 4399 4808 5147 5091 4483 4485 5394 5613 4824 4783 5569 4807 5324 4971 5125 4661 5069 5203 4897 5075 4748 4977 5105 5468 5035 5113 4960 5037 5376 5105 4900 5168 5035 5024 5422 5333 5024 4915 4977 5339 5223 4938 5075 5134 5046 5296 4786 4932 5394 5043 5462 5103 5093 5082 5422 4698 5036 5389 4894 5229 4807 5603 4771 5069 5029 5293 4858 4974 5306 5013 4972 5337 4641 5124 4873 4901 5316 4944 5041 4869 5142 4971 5270 4853 5043 5226 5145 4926 4927 5220 5141 4864 5133 5394 5331 4971 5270 5475 5236 5316 5131 4730 5310 5035 5033 5026 4821 4736 5105 5217 5237 5117 4998 5099 5218 4630 5245 5193 5507 4719 4890 4901 5133 5140 4837 4590 5048 4706 5099 4933 4814 5005 5523 4931 5186 5084 5212 4944 4987 5133 5111 5305 5161 5169
5399 5637 5422 5029 5486 5477 4758 5023 5210 5608 5121 5212 5435 5080 5511 5076 5102 5496 5751 5521 5037 5343 5273 5132 5652 5035 5619 5379 5137 5132 5389 5357 5165 5658 5350 5403 5326 5304 5302 5646 5174 5658 5146 5565 5243 4965 5165 5622 5639 5269 5442 5647 5572 5464 5287 5744 5856 4984 5151 5281 5377 5361 5200 5787 5468 5186 4761 5443 5338 5453 5345 5430 5137 5307 5119 5350 5195 5294 5296 5176 5470 5552 5337 5055 5318 5081 5812 5191 4867 5350 5637 5320 5214 5237 5625 5420 5144 5673 4865 5260 5085 5229 5389 4970 5762 5537 5059 5395 5305 5404 5328 5639 4972 5158 5528 5210 4950 4753 5385 5634 4999 5162 5826 5070 5360 4992 5331 5168 5420 5508 4849 5101 4997 5471 5223 5798 5233 5448 5083 5359 5338 5339 5264 5265 5293 5492 5456 5422 5555 5549 5334 5678 5320 5053 5471 5310 5387 5539 5165 5177 5650 5224 5563 5565 5309 5175 5646 5249 5491 5459 5434 5500 5273 5882 4865 5657 5690 5367 4877 5259 5630 5360 5362 5488 5313 5557 4732 5083 5764 5306 5547 5155 5329 5038 5625 5218 5525 5579 5692 5096 5221 5219 5276 5304 5293 5619 5602 5059 5656 5567 5528 5507 5400 4879 5273 5174 5200 5139 5219 5069 5088 5379 5672 5263 5347 4956 5460 4868 5742 5504 5688 5172 5551 5302 5203 5242 4969 4849 5268 4962 5464 4892 5130 5141 5388 5323 5794 5456 5749 5356 5369 5572 4960 6053 5108 5382
5197 5711 5392 4878 5323 5124 5012 4920 5300 5594 4989 5372 5580 5177 5267 5421 5024 5716 5597 5321 5154 5263 5347 4980 5366 5166 5163 5401 5085 4861 5446 5405 5179 5106 5256 5171 5259 5358 5229 5504 4936 5817 5410 5740 5026 5112 5303 5278 5750 5445 5302 5507 5473 5247 5289 5513 5517 4797 4772 5234 5176 5197 5276 5637 5515 5239 4986 5212 5343 5475 5345 5434 5217 5206 5159 5751 5028 5534 5101 5235 5505 5380 5295 4878 5327 4841 5559 5362 4748 5096 5356 5270 5004 5280 5309 5565 5322 5503 5068 5223 4761 5366 5324 4829 5591 5623 4682 5513 5246 4912 5522 5482 5117 4737 5376 5513 4690 4800 4991 5545 4848 5054 5318 4910 5323 5208 5323 4769 5133 5327 5161 5118 5208 4996 5313 6033 5352 5431 5367 5078 5185 5049 5048 5113 5030 5264 5262 5373 5255 5137 5181 5445 5230 5031 5441 5274 5036 5645 5278 5325 5549 5180 5448 5286 5385 5310 5478 5045 5245 5544 5071 5568 5114 5842 5113 5477 5261 5239 4941 5444 5449 5556 5154 5435 4967 5662 4796 5149 5259 5398 5330 5150 5441 5284 5465 5362 5361 5421 5746 5031 5024 5268 5343 5201 4930 5174 5443 5010 5431 5637 5469 5393 5478 4954 5553 5427 5549 5039 4959 4722 4858 5168 5648 5528 5369 4713 5093 5074 5317 5763 5664 4634 5278 5072 5384 5235 5141 4944 5390 5065 5357 4923 4968 5039 5467 5031 5595 5485 5190 5280 5273 5494 5124 5578 5411 5484
5071 5463 5362 4952 5296 5247 4554 4623 5140 5495 4956 5119 5213 4842 5054 5163 4770 5504 5312 5185 4997 4830 4736 4917 5101 5179 5322 5061 5099 5115 5504 5359 4971 5176 5068 4868 4863 5353 5089 5444 4959 5392 4905 5577 4959 4822 5322 5159 5606 4683 5294 5417 5344 5158 4782 5185 5293 4930 5241 5075 5205 5220 5005 5266 5495 5061 4794 5320 5119 5430 5119 5210 5066 5396 5037 5443 4899 5343 4996 5015 5000 5312 5182 4864 5232 4919 5498 5076 4694 4838 5301 5187 4919 5041 5265 5075 4679 5337 5007 5050 4752 4960 5019 4770 5183 5404 4713 5277 4908 5138 5727 5698 4766 4709 5106 5104 4624 4628 5518 5500 4723 4693 5616 4856 5287 4818 5064 4913 4950 5345 4739 4801 4786 5092 5149 5741 5016 5277 5045 5050 4928 5288 5161 5025 5472 5152 5613 5268 5289 5270 5072 5195 4876 5168 5132 5066 4897 5353 4908 4949 5294 5072 5356 5381 5522 4819 5152 4921 5125 5558 4687 5086 5112 5437 4828 5194 5204 5351 4882 5041 5357 5137 4882 5599 4674 5589 4615 4983 5114 5063 5334 4898 5303 5060 5004 5055 4896 5183 5093 4854 4600 4928 5383 4932 5081 5202 5350 4917 5199 5201 5047 5111 5222 4776 5130 5148 5272 5013 5014 4706 4887 5194 5332 4675 5126 4681 5088 4615 5389 5161 5961 4481 5426 5008 4883 5145 4921 4450 5102 4666 5259 4965 4639 4804 5367 5073 5323 5192 5232 4956 5086 5181 4737 5592 4984 5315
5010 5457 5523 5044 5288 5527 5033 4948 5009 5599 4883 5198 5322 5244 5230 4824 4978 5667 5374 5261 5111 5085 5227 5213 5158 5102 5196 5240 5232 5022 5593 5278 5156 5336 5148 5102 5112 5122 5248 5553 4904 5561 5264 5775 5264 5019 5077 5193 5307 4921 5463 5463 5335 5192 5364 5353 5373 5082 4804 5166 5228 5408 5057 5693 5276 5207 5000 5492 5310 5409 5355 5402 5342 5171 5042 5422 5262 5290 5061 5118 5025 5364 5391 5076 5320 4773 5639 5060 4599 5011 5222 5378 4753 5129 5328 5383 5129 5428 5021 4949 4606 5159 4886 4928 5387 5388 4865 5302 5177 5065 5360 5430 4790 4617 5306 5227 4733 4811 5496 5487 5183 4931 5584 4689 5282 4979 5199 4644 5236 5443 4643 5109 5186 5269 5174 5667 5356 5199 5519 5361 5297 5197 5399 5050 5281 5197 5379 5037 5398 5035 4931 5530 5171 5136 5537 4990 5082 5533 4782 5104 5562 5290 5430 5220 5373 5016 5207 5164 5340 5505 4794 5404 5126 5654 4881 5337 5190 5283 4901 5132 5286 5272 5095 5543 5028 5577 4731 5103 5387 5070 5414 4974 5445 5159 5491 5296 5220 5439 5501 5084 5180 5219 5327 5047 4771 5315 5492 5453 5253 5731 5476 5246 5071 5100 5189 4956 5250 4986 4811 4899 4959 5200 5340 4991 5407 4904 5514 4987 5388 5233 5508 4702 5427 5060 5240 5149 4947 4559 5088 4839 5178 4810 4966 5080 5462 5044 5452 5210 5428 5009 5161 5386 5168 5731 4998 5609
5425 6090 5681 5086 5629 5437 5227 5354 5664 6017 5184 5483 5752 5330 5716 5496 5229 5918 5705 5425 5395 5359 5308 5405 5513 5319 5273 5473 5248 4961 5710 5367 5113 5441 5616 5401 5198 5691 5334 5726 5244 5889 5558 5744 5074 5332 5658 5526 5875 5232 5720 5781 5807 5581 5697 5644 5965 5249 5580 5402 5443 5908 5037 5857 5826 5493 5196 5749 5607 5611 5368 5812 5331 5753 5272 5904 5424 5719 5363 5304 5579 5597 5581 4958 5498 5181 5756 5302 4847 5272 5652 5369 5240 5500 5539 5607 5186 5921 5282 5109 4908 5586 5427 4997 5854 5559 5027 5794 5354 5251 5554 5782 5023 4856 5447 5552 5031 5264 5584 5885 5235 5094 5827 5009 5532 5167 5337 4988 5423 5680 5044 5255 5339 5207 5619 6096 5627 5554 5429 5480 5356 5555 5191 5505 5301 5618 5685 5336 5646 5619 5379 5499 5560 5416 5477 5430 5375 5867 5232 5313 5864 5521 5952 5667 5805 5228 5593 5242 5362 5863 5234 5289 5447 5891 5190 5583 5569 5544 5510 5177 5624 5667 5081 5988 4995 5656 5093 5395 5807 5454 5474 5409 5721 5088 5369 5527 5513 5517 5635 5130 5274 5246 5558 5483 5562 5518 5658 5257 5590 5548 5839 5605 5635 5236 5417 5382 5263 5408 5057 4930 5372 5453 5671 5590 5754 5314 5465 5056 5534 5418 6154 5008 5440 5615 5135 5492 5327 5091 5544 5108 5667 5013 5056 5608 5709 5437 5829 5436 5564 5402 5421 5549 5226 5893 5527 5606
5689 5868 5728 5402 5957 5861 5208 5502 5589 5592 5285 5326 5670 5405 5582 5425 5446 6006 5836 5643 5563 5632 5279 5246 6009 5476 5548 5602 5295 5109 5628 5727 5377 5815 5618 5558 5506 5608 5456 5871 5435 5963 5401 6019 5244 5268 5751 5603 5905 5211 5692 5973 5677 5613 5815 5727 6066 5419 5518 5406 5586 5853 5471 5915 5661 5421 5321 5809 5483 5967 5658 5730 5400 5728 5299 5906 5373 5875 5301 5139 5802 5870 5784 5281 5691 5221 5923 5606 4955 5615 5758 5573 5295 5575 5858 5555 5287 5615 5260 5254 5235 5538 5527 4757 6071 5831 5219 5986 5583 5626 5603 6028 4943 5160 5522 5641 5280 5149 5673 6070 5400 5643 5809 5114 5350 5145 5633 5465 5534 5831 5499 5297 5167 5560 5514 6171 5681 5718 5622 5610 6020 5333 5657 5624 5616 5697 5857 5832 5598 5519 5680 5629 5518 5495 5386 5353 5538 6250 5304 5655 5840 5446 5824 5737 5770 5542 5798 5309 5724 5764 5418 5734 5301 5884 5173 5675 5685 5830 5494 5413 5780 5342 5423 5817 5229 5791 5190 5416 5881 5462 5576 5222 5785 5678 5846 5771 5651 5682 5727 5321 5194 5657 5569 5536 5510 5792 5835 5533 5865 5642 5890 5555 5626 5345 5870 5590 5497 5434 5391 5449 5410 5452 5876 5508 5735 5211 5674 5356 5770 5581 5854 5307 5713 5599 5464 5829 5497 5172 5774 5169 5819 5350 5250 5348 5674 5514 6124 5630 6057 5439 5613 5879 5536 6078 5648 5837
5049 5448 4823 4632 5041 5069 4778 4588 4784 5402 4582 4631 4960 4734 5122 5129 4771 5513 4945 5175 5002 4938 4775 4899 5025 4798 5024 4902 4668 4794 5061 4992 4763 5053 5058 4777 4835 5152 4794 5202 4318 5130 5049 5510 4782 4979 4891 5109 5258 4911 5218 5166 5127 5303 4846 5366 4980 4662 4701 4888 5119 5263 4867 5244 5124 4775 4874 5217 5124 5062 5051 5106 4948 4939 4893 5018 4722 4969 4769 4704 4996 5188 5191 4670 5139 4424 5331 4997 4510 4795 5095 4836 4834 5074 4868 5014 4719 5388 4748 4749 4522 4891 4916 4631 5312 5345 4523 5076 4915 4484 5097 5123 4487 4570 5235 4728 4362 4557 4966 5251 4622 4698 5231 4670 4894 4517 4612 4567 4990 5288 4415 4853 4754 4781 4950 5469 5119 5085 4832 4766 4852 5013 4973 4720 4968 4938 5273 5147 4796 5025 4805 5117 5074 4686 5001 4819 4907 5199 4751 4978 5034 4808 5080 5105 4971 4976 4922 4843 4986 5298 4724 5023 4844 5251 4395 5007 5233 4922 4746 4985 4822 4924 4908 5117 4550 5152 4522 4844 4991 5009 5179 4776 5209 4677 4869 4917 5289 5195 5510 4657 4850 4831 5068 4936 4658 5010 5074 4715 5229 5175 5201 4991 5029 4761 4919 4948 5161 5120 4618 4732 4940 5095 5206 4944 4942 4480 4923 4567 5167 4949 5486 4363 4888 5048 5115 5237 4901 4693 4892 4613 4767 4401 4648 4903 5169 4891 5419 4967 5001 4758 4915 4953 4663 5639 5069 5002
5283 5672 5482 5061 5640 5440 5204 5304 5233 5460 5220 5171 5531 5088 5583 5170 4933 5413 5659 5564 5204 5284 5261 5163 5338 5249 5738 5430 5094 5018 5581 5308 5078 5409 5236 5337 5416 5309 5414 5497 5152 5499 5319 5720 5257 5263 5265 5448 5621 5183 5528 5788 5454 5182 5422 5777 5748 5255 5202 5195 5364 5496 5445 5726 5528 5139 4990 5426 5324 5448 5386 5600 5212 5233 5004 5532 5138 5466 5053 5412 5551 5352 5367 4872 5436 4965 5602 5341 4854 5237 5483 5187 5324 5449 5453 5496 5400 5531 5055 4952 4686 5680 5241 4777 5587 5628 4821 5655 5370 5081 5419 5499 4818 4860 5623 5353 4803 4957 5310 5585 5030 4918 5804 4466 5021 5011 5181 4950 5497 5705 4917 5318 5184 5124 5498 5853 5196 5400 5152 5544 5144 5292 5225 5400 5039 5484 5406 5465 5383 5357 5238 5559 5421 4888 5291 5206 5126 5641 5037 5173 5874 5541 5742 5444 5310 5258 5225 5135 5375 5427 5142 5148 5052 5631 4954 5562 5244 5386 5049 5187 5707 5190 5110 5833 5147 5402 4684 5214 5512 5507 5274 5009 5282 5010 5488 5294 5585 5543 5607 5133 5035 5048 5468 5438 5042 5542 5570 5325 5486 5765 5573 5387 5287 5012 5438 5209 5474 5230 5156 4964 5237 5505 5387 5192 5347 5026 5397 4934 5656 5453 5854 4739 5357 5412 5155 5365 5052 5227 5202 5102 5437 5073 4945 5434 5573 5280 5515 5075 5568 5393 5125 5600 5359 5756 5398 5517
5037 5425 5224 4546 5124 5358 4775 4718 5139 5068 4633 4982 4939 4867 5257 4960 4771 5272 5245 4874 4773 5194 4807 4853 5118 4856 4848 5207 4829 5002 5239 5018 4827 5122 4839 4922 4966 5029 5145 5107 4631 5271 5165 5269 4998 4587 4817 4977 5369 5002 5167 5400 4940 5173 5305 5067 5487 5004 5099 5023 5129 5330 5028 5150 5052 4917 4716 5048 5348 5223 4811 5359 4960 5218 4858 5231 4729 5303 4804 4567 5124 5277 5007 4467 5136 4815 5511 4955 4444 4789 4967 4977 4823 4751 5069 5264 4657 5468 4901 4793 4635 5172 5122 4737 5267 5211 4748 5179 4932 5022 5042 5253 4516 4604 5397 4888 4691 4724 5294 5121 5014 4825 5393 4868 5041 4540 5094 4849 4950 5258 4835 4672 4724 4820 4765 5276 5065 5061 4953 5049 5384 4906 5022 5112 4863 5146 5172 5313 4940 5256 4718 5337 5087 5159 4845 5092 5007 5297 4804 4830 5326 5189 5571 5073 5030 5025 5409 4929 5003 5258 4903 5061 4769 5340 4666 5095 5429 5048 4924 4781 4977 5160 4620 5221 4817 5126 4367 4783 5044 5095 4980 4702 5136 5010 4912 5230 4986 5083 5136 4840 4726 4915 5002 4820 4905 4934 5183 5012 5417 5355 5036 5049 4942 4941 5088 4905 5001 4870 4625 4461 4673 4949 5127 4821 5234 4576 4916 4817 5179 5570 5650 4897 5200 4996 4982 5183 4711 4423 5161 4672 5107 4984 4615 4789 5099 4871 5433 4996 5303 4993 4992 4972 4760 5387 4868 5101
5203 5477 4986 4677 5163 5067 4633 4643 4794 5414 4895 4672 5013 4840 4881 5094 4855 5271 5159 5356 4765 5082 4908 4792 5044 4901 4974 5059 4919 4888 5061 5102 4845 4890 5085 4860 4816 5041 4979 5392 4638 5349 4974 5659 4866 4836 5045 5205 5470 4935 5357 5566 5075 5024 4944 5344 5356 4721 5002 5051 5006 5162 4886 5388 5211 4725 4938 5072 4852 5177 5065 4997 4797 5158 4912 5260 4830 4925 4755 4732 5038 5000 5031 4617 5069 4584 5454 5212 4677 4891 5151 4968 4895 5043 4944 5232 4933 5469 5059 4889 4747 4751 4896 4711 5436 5074 4425 4997 4918 5068 4988 5240 4431 4676 5151 4939 4610 4685 5143 5199 4872 4598 5381 4750 4936 4898 5066 4676 5011 5076 4575 5058 4731 4994 5031 5394 5198 5043 4936 4855 5068 4977 5040 4972 5207 4941 5165 4865 5212 4938 4910 5426 4823 5186 5098 5169 4925 5317 4819 5026 5380 4839 5214 4959 4934 4820 5106 4853 5104 5229 4803 5097 4958 5486 4771 4929 5077 4925 4808 4856 5315 5018 4796 5162 4754 5351 4596 4834 5448 5117 5023 5001 5240 5148 4988 4971 5014 5206 5212 4756 4824 4819 5277 4690 4909 5261 5233 5010 5155 5410 5014 4972 4917 4554 5049 4858 5359 4841 4823 4777 4990 5118 4977 4900 5019 4801 5014 4408 5079 5279 5549 4629 4986 4781 5061 4821 4809 4682 4946 4357 4922 4630 4847 4874 5330 5005 5381 5104 5024 5130 4928 5225 4882 5291 5195 5256
5107 5644 5320 5027 5339 5139 5111 4967 5323 5394 4918 5170 5267 4874 5261 5253 5063 5464 5566 5298 5082 5230 5033 5080 5408 4971 5402 5196 5030 5044 5240 5217 4880 5479 5173 5019 5168 5139 5234 5434 5063 5519 5253 5520 5086 5037 5088 5365 5624 4804 5586 5440 5355 5209 5371 5378 5456 5128 5098 4951 5220 5210 4823 5478 5306 4985 5024 5571 5247 5627 5023 5388 5184 5377 5064 5377 5119 5159 4836 4822 5159 5370 5122 4884 5190 4804 5364 4980 4722 5218 5194 5095 4743 4995 5247 5429 5036 5526 4832 4612 4595 5293 4915 4737 5326 5248 4912 5092 4969 4858 5139 5316 4888 4840 5288 5133 4651 4789 5165 5462 4947 4957 5539 4712 5000 4878 5227 4895 5158 5289 4991 4892 5027 4833 5214 5573 5318 5330 5221 5281 5236 5284 5222 4797 5156 5305 5508 5198 5182 5064 4978 5461 5289 4914 4992 5029 5138 5420 4973 5134 5467 5187 5447 5302 5454 4987 5158 4995 5249 5399 4931 5215 4975 5331 4589 5282 5249 5424 4975 5027 5238 5349 4941 5578 4755 5584 4443 5059 5353 5057 5154 5058 5353 5076 5081 5160 5340 5607 5158 4871 4773 4964 5513 4771 4984 5268 5459 4922 5306 5553 5468 5325 5520 4827 5442 4855 5095 4978 4908 4935 4988 5201 5357 5202 5292 4960 5084 4778 5372 5472 5758 4728 5140 5170 5132 5262 4986 4812 5224 4782 5248 4703 4710 5156 5458 5099 5342 5021 5423 5155 5188 5392 5133 5509 5045 5286
5601 5852 5610 5287 5476 5536 4882 5323 5263 5555 4979 5359 5429 5356 5646 5475 4958 5516 5565 5263 5153 5229 5227 5087 5450 4947 4931 5285 5258 4903 5443 5255 4964 5357 5328 5126 5201 5274 5321 5749 4831 5700 5374 5731 5156 4969 5185 5341 5697 5027 5576 5527 5245 5479 5761 5421 5503 4971 5229 5233 5446 5492 5091 5966 5424 5060 4897 5696 5381 5535 5341 5180 5178 5331 5057 5554 5204 5335 4968 5012 5520 5469 5283 5027 5282 5137 5683 5118 4719 5077 5624 5424 5139 5196 5131 5550 5291 5607 5357 5243 4714 5359 5467 4733 5479 5628 5109 5335 5083 5162 5357 5838 4858 4721 5388 5383 4927 5046 5647 5402 5198 4810 5517 4967 5180 4811 4992 4921 5112 5326 4952 5269 5178 5072 5441 5567 5408 5069 5284 5280 5525 5417 5453 5340 5244 5194 5413 5362 5562 4996 4937 5242 5342 5157 5294 5298 5173 5541 5004 5194 5887 5348 5472 5458 5199 5338 5390 5093 5406 5557 5049 5382 5116 5451 5127 5426 5433 5600 5209 5217 5300 5344 5221 5698 5004 5453 4724 5319 5364 5337 5216 5094 5443 5265 5467 5413 5332 5304 5527 4892 5380 5154 5536 5172 4880 5446 5473 5328 5385 5496 5562 5042 5313 4905 5305 5311 5198 5093 5375 5091 5236 5448 5445 5019 5553 4937 5529 4803 5512 5239 5680 5015 5404 5261 5321 5437 5019 5055 5174 4847 4977 4721 4889 5135 5736 5159 5747 5177 5485 5204 5414 5551 5282 5680 5269 5609
4788 4989 5023 4738 4926 4918 4412 4632 4668 5046 4392 4619 4713 4868 4985 4815 4552 5036 4867 4640 4779 4849 4549 4534 5000 4597 4827 4789 4420 4655 4983 4771 4482 4787 4795 4718 4723 4853 4886 4895 4518 5161 4931 4881 4726 4603 4604 4849 5022 4644 5039 5125 4919 4814 4757 5123 4751 4807 4793 4627 4924 4871 4778 5041 4962 4597 4604 5113 4814 5279 4941 5068 4692 4880 4687 4899 4731 4804 4732 4563 4978 5024 4899 4304 5067 4453 4897 4668 4258 4754 4875 4753 4382 4626 4902 4984 4682 5066 4596 4473 4749 4851 4718 4464 4957 4980 4725 4921 4570 4488 4854 4924 4357 4254 4666 4807 4495 4363 4688 4846 4439 4481 5134 4390 5018 4368 4709 4554 4648 5186 4552 4583 4636 4642 4702 5211 4760 4870 4775 4602 4864 4611 4618 5005 4852 4858 4736 4759 4809 4568 4651 4880 4793 4786 4616 4564 4844 5058 4571 4796 4849 4716 4950 4801 5019 4798 5041 4668 4948 5271 4160 4649 4698 5269 4478 4846 4875 5062 4529 4669 4816 5011 4438 5082 4411 4997 4237 4819 4838 4708 4780 4657 4763 4825 4752 5082 4755 5008 4965 4489 4529 4796 4762 4573 4513 4708 5121 4882 5167 4965 4771 4875 4855 4581 4691 4701 4773 4621 4517 4427 4585 4949 4886 4830 4921 4421 4996 4520 4970 4997 5213 4277 4946 4713 4675 4978 4628 4575 4719 4467 4924 4452 4197 4801 4853 4413 4966 4746 5025 4625 4910 4859 4719 5224 4683 4995
5259 5829 5486 4965 5496 5188 4892 5217 5326 5605 5012 5158 5133 5388 5400 5360 5282 5591 5708 5515 5098 5215 5286 5013 5218 4938 5150 5080 5376 5015 5421 5249 5003 5333 5177 5225 5157 5176 5209 5522 4960 5542 5332 5746 5217 5197 5322 5472 5372 5220 5602 5662 5456 5386 5351 5264 5733 5101 4995 5165 5336 5455 5247 5521 5446 4951 5106 5202 5246 5541 5309 5414 4959 5359 5172 5427 5185 5166 5416 5123 5326 5462 5182 5072 5094 5029 5735 5298 4791 5137 5608 5317 5057 5348 5394 5382 5010 5801 5169 5111 5001 5296 5355 4922 5920 5614 4861 5491 5201 5031 5243 5679 4844 4925 5260 5205 4770 4573 5373 5670 5316 4868 5553 4995 5271 5159 5220 5069 5205 5656 4904 5314 5121 5453 5475 5980 5183 5342 5224 5418 5172 5312 5306 5266 5278 5461 5508 5280 5419 5343 5190 5404 5431 5033 5250 5189 5137 5448 4930 5172 5705 5203 5514 5280 5273 5183 5750 5173 5289 5411 5130 5491 5355 5620 5183 5313 5612 5284 5016 5161 5456 4956 5177 5590 4869 5481 4683 5207 5492 5174 5177 4989 5472 5062 5239 5224 5315 5535 5464 5254 5068 5234 5639 5329 5101 5314 5451 5369 5319 5545 5294 5357 5581 4782 5610 5183 5013 5031 4979 4838 5139 5205 5444 5419 5491 4975 5339 4828 5558 5375 5748 4928 5256 5271 5226 5372 5283 4883 5208 5040 5152 4753 5122 4762 5488 5331 5570 5159 5460 4948 5085 5631 5416 5567 5256 5625
5357 5318 5497 5054 5484 5583 4891 5485 5195 5510 4756 4953 5343 5312 5266 5368 5143 5210 5616 5517 5205 5176 5092 5092 5459 5082 5028 5085 4977 5135 5450 5328 5246 5283 5146 5208 5057 5396 5510 5425 4899 5809 5246 5823 5196 5050 5141 5154 5675 5153 5327 5752 5496 5534 5356 5392 5685 5204 5073 4999 5061 5580 4920 5444 5301 5120 4899 5525 5274 5366 5230 5429 5142 5393 5127 5562 5328 5178 5334 4869 5289 5338 5325 4867 5461 5036 5614 4841 5041 4855 5429 5528 4885 5285 5430 5411 4820 5571 5090 4970 4974 5171 5398 4706 5116 5330 5029 5428 5079 5131 5343 5766 4731 5058 5363 5123 4811 4712 5460 5738 5137 5042 5543 4864 5353 4862 5352 5028 5069 5559 4999 5240 5091 5426 5412 5704 5383 5163 5547 4861 5204 5322 5318 5265 5208 5558 5373 5216 5334 5282 5052 5328 5045 5381 5242 5297 5230 5508 4982 5108 5635 5003 5360 5417 5178 5310 5477 5179 5364 5707 5096 5422 5291 5470 4861 5364 5320 5439 5267 5371 5319 5196 5130 5497 4607 5449 4478 5238 5225 5259 5361 4908 5443 5007 5032 4955 5010 5502 5638 5110 5110 5272 5117 5085 4950 5221 5549 5280 5328 5614 5261 5351 5443 5169 5221 5262 5280 5064 4920 4984 4990 5377 5593 5236 5447 4844 5366 4776 5462 5411 5648 4915 5382 4976 5356 5355 5201 4614 5392 5028 5292 4844 4763 5030 5522 5195 5682 5097 5616 5043 5358 5546 4964 5647 5012 5524
5280 5212 5178 4817 5450 5217 4601 4476 4826 5272 4481 4810 4802 4726 4983 5127 4934 5218 5325 5031 4723 4941 4822 5024 4914 4855 4941 4791 4819 4773 5235 5222 4655 5012 4811 4992 4934 5105 5145 5071 4605 5223 4985 5319 4787 4936 4873 4828 5077 5032 5058 5265 5191 5110 5168 5203 5332 4777 4880 5042 5302 5220 4813 5401 5170 4890 4684 5148 5270 5167 5030 5399 4993 5033 4844 4995 4657 4985 4828 4614 5099 5217 5171 4672 4984 4937 5155 5027 4547 4708 5097 5129 4747 4904 5095 4999 4704 5188 4840 4781 4587 5012 4935 4637 5026 5295 4492 5146 4926 4705 5110 5171 4527 4625 5113 5003 4664 4534 5036 5324 4455 4769 5468 4572 5076 4545 4747 4784 4758 5235 4533 5006 4982 4533 4966 5349 5138 4952 4794 4768 5101 5223 5070 5181 5016 4992 5218 4936 4926 4639 4894 5243 4943 4685 4813 4924 4592 5231 4816 5009 5146 4946 5360 5112 5386 4821 5050 4672 5105 5293 4781 5006 4775 5109 4811 4826 5120 5073 4787 4914 4950 4759 4892 5081 4736 5347 4694 4918 5135 5005 5233 4836 5400 4914 5013 5037 5051 5260 5321 4856 4450 4894 5095 4696 4735 5158 5024 4709 5195 5172 5066 4946 5107 4688 5057 4957 4893 5039 4871 4610 4909 4921 4879 4920 5008 4676 5061 4748 5200 4964 5724 4425 5144 4935 4833 5326 4707 4312 5164 4505 5145 4786 4806 4839 4987 4919 5135 5009 4989 4861 4949 5083 4780 5366 4917 5318
5321 5611 5482 4576 5063 5094 4908 4838 4773 5121 4733 4955 5118 5047 5078 5142 4819 5140 5152 5090 4694 4737 4814 4982 5294 4909 5109 5137 4700 4873 5091 5223 5096 5069 5023 5042 4939 5340 4821 5186 4541 5372 5010 5147 4757 4883 5007 5354 5468 4863 5204 5210 4941 4855 5056 5299 5654 4993 4919 5062 5165 5235 5001 5285 5352 5025 4862 4893 5106 5200 5079 5161 4794 5099 4951 5229 5021 5217 4956 4725 5204 4999 5112 4673 5032 4733 5227 4998 5074 4950 5273 4939 4930 4810 4969 5156 4844 5245 4846 4762 4784 5184 5057 4484 5212 5492 4727 5128 4950 5055 5192 5717 4513 4953 5123 4996 4491 4590 5161 5419 4929 4874 5139 4755 4760 4845 5121 4813 5100 5149 4550 5002 4917 5113 4985 5645 5122 5048 5042 5091 5161 5132 5075 4971 4899 5187 5058 5288 5289 5127 4840 5469 5347 5065 4725 4897 4850 5170 4688 4936 5651 4833 5332 5202 5210 4974 5151 4776 5253 5158 4976 4937 4966 5119 4812 5189 5046 5207 5102 4872 4989 4931 4876 5267 4655 5017 4737 4780 5118 5186 5131 4956 5376 4899 4938 5046 5108 5045 5419 4687 4498 5035 5148 5177 4824 4878 5182 4954 5209 5389 5156 5099 5212 4790 5038 4989 5110 4999 4942 4547 4984 4950 5158 5004 4816 4785 5140 4793 5424 5251 5450 4529 5016 5072 4896 5277 4748 4528 4915 4934 5061 4664 4797 5222 5253 4930 5324 5003 5125 4800 5049 5463 4724 5529 5057 5581
5143 5835 5507 4818 5255 5294 4735 5056 5127 5445 4900 4819 5135 5157 5358 5132 4875 5517 5370 5307 4570 5270 5090 4805 5191 5017 4943 5359 4961 4818 5344 5142 4785 5491 4867 4975 4984 5306 5075 5509 4620 5388 5164 5658 5028 4746 5109 5091 5692 5037 5176 5481 5285 5136 5144 5243 5586 4925 4938 5222 5133 5486 5565 5206 5527 4951 5118 5431 5246 5106 5066 5479 5117 5089 4760 5162 4935 5184 4988 4702 5178 5175 5336 4893 5007 5005 5521 4973 4856 5199 5069 5024 5107 4844 5324 5136 5067 5684 4869 4929 4842 5073 5052 4813 5407 5386 4602 5518 5037 5290 4976 5516 4413 4641 5331 4986 4746 4694 5382 5447 5062 4861 5188 4851 5160 4918 5215 4646 4985 5158 4894 5127 4814 4939 4816 5756 5325 5164 5209 5180 5172 4993 5350 5244 5137 5317 5297 5182 4959 5131 4920 5220 5440 5151 5066 5149 5100 5457 4889 4889 5331 5016 5599 5283 5239 4952 5502 5065 4992 5607 5037 5332 4889 5262 4795 5396 5153 5223 4968 4852 5115 5294 4822 5210 4764 5136 4811 4876 5082 4971 5276 5119 5050 5213 5236 5058 5015 5257 5373 4860 4936 5162 5176 4903 5107 5181 5363 5063 5251 5601 5472 5025 5270 5056 5016 5221 5121 4779 5007 4614 4913 5009 5343 5127 5453 4761 5388 4785 5333 5465 5611 4656 5091 5102 4968 5286 4955 4745 5500 4709 5236 4732 4936 5105 5481 5054 5280 4855 5298 5079 5051 5295 4954 5474 4939 5398
5671 5477 5633 5115 5760 5576 4918 5265 5403 5642 5364 5168 5337 5306 5034 5210 5077 5462 5546 5608 5267 5368 5142 5258 5671 5320 5485 5434 5463 5220 5659 5697 5279 5664 5389 5161 5259 5725 5536 5882 5128 5779 5188 5570 5326 5240 5483 5537 5676 5019 5558 5899 5587 5743 5806 5599 5920 5221 5499 5353 5538 5591 5448 5742 5537 5260 4984 5404 5558 5713 5392 5439 5273 5453 5422 5598 5123 5564 5315 5164 5294 5486 5605 5201 5585 5373 5812 5446 4934 5220 5420 5553 5276 5096 5681 5517 4959 5605 5167 5305 4711 5426 5349 4822 5690 5579 4971 5628 5269 5311 5102 5696 5040 4924 5454 5555 4964 4952 5520 5635 5350 5196 5880 5214 5452 5038 5428 5212 5391 5654 4944 5425 5257 5127 5466 5675 5553 5514 5380 5488 5473 5409 5504 5422 5405 5484 5988 5358 5624 5459 5348 5469 5374 5479 5139 5158 5167 5739 5152 5175 5759 5376 5940 5398 5435 5387 5584 5401 5352 5757 5183 5695 5186 5787 5176 5476 5744 5359 5329 5384 5759 5371 5304 5896 5390 5658 4845 5448 5635 5323 5472 5013 5763 5268 5346 5369 5206 5470 5640 5236 4994 5402 5575 5295 5111 5308 5760 5310 5651 5769 6036 5514 5563 5327 5663 5443 5469 5198 5205 4905 5438 5197 5552 5165 5560 5204 5572 4909 5824 5819 6199 5042 5773 5544 5468 5460 5243 4892 5385 4937 5550 5146 4997 5321 5493 4937 5750 5480 5629 5440 5412 5574 5242 6068 5394 5627
4925 5405 5187 4651 5087 5020 4714 4886 5020 5226 4601 4850 4966 4599 4856 4829 4651 5201 5175 4832 4777 4913 4809 4777 4783 4874 4796 4780 4929 4658 5126 5080 4799 4949 5195 4712 4759 5081 4684 5052 4691 5381 4995 5511 4750 4580 5054 5182 5318 4877 4854 5219 5445 5246 5173 5337 5278 4957 4857 4936 5198 5370 4771 5229 5171 4777 4997 5155 4977 5149 5189 5005 5109 4999 4703 5192 4781 5082 4782 5012 5050 5113 4945 4549 5040 4758 5198 4852 4550 4573 5143 5152 4850 5041 5027 5067 4495 5322 4991 4873 4738 4944 5015 4702 5170 5121 4555 5204 4738 4584 5062 5465 4681 4429 5133 4702 4587 4541 4933 5334 4728 4556 5100 4631 5183 4589 5061 4505 4853 4892 4679 4636 4971 4783 4931 5389 5054 5078 4934 4866 4770 4750 4982 5070 4804 4908 4923 4908 4839 5088 4891 5119 5097 4714 4935 5014 4772 5276 4714 4874 5227 4938 5129 4961 5141 4778 5053 4843 4935 5403 4622 5308 4617 5166 4516 5292 5160 5023 4683 4816 5006 5014 4651 5357 4371 5363 4603 4789 5100 4975 4858 4730 4950 4721 5066 5063 5011 5154 4941 4377 4583 5010 4987 4945 4782 4966 5166 4907 4951 5310 5105 5161 4986 4775 4894 4824 5010 4941 4910 4554 4728 5006 5161 4913 5044 4449 4838 4783 5046 5037 5446 4699 5031 4801 4811 4718 4657 4466 5052 4646 4901 4642 4529 4780 4915 4673 5290 4946 5004 5135 4909 5025 4662 5266 4912 4948
5161 5193 5095 4596 4961 5001 4447 4598 4789 4937 4632 4710 4908 4797 4854 4895 4819 5249 5164 4831 4724 4875 4893 4532 5040 4823 4860 4975 4609 4738 5048 4915 4485 4919 4742 4685 4675 5046 4719 5078 4309 5093 4785 5145 4469 4727 4769 4736 5193 4628 5111 5170 5127 5061 5018 5082 5024 4727 4723 4964 4791 4955 4986 5209 4984 4806 4604 5038 4852 5161 4719 4862 4977 5100 4707 4905 4360 5081 4550 4677 5175 4884 4939 4537 5028 4681 5142 4891 4495 4830 5223 4847 4624 4838 4872 5094 4512 5041 4800 4507 4481 5029 4965 4376 5099 5172 4458 4882 4809 4765 4974 5476 4407 4656 5010 5068 4581 4423 5179 5191 4531 4772 4929 4459 4730 4513 4883 4543 4748 5092 4561 4746 4741 4651 4768 5202 5003 4871 4801 4746 5038 5053 4949 4863 4764 4755 4958 5042 4904 4913 4525 4776 5167 4469 4955 4889 4843 5201 4701 4766 5274 4931 5232 4917 4862 4842 5261 4949 5000 5163 4911 5149 4823 4992 4555 5150 5005 4896 4941 4762 4787 5047 4863 5025 4711 5012 4173 4882 5111 4773 5085 4702 5176 4961 4933 4983 4869 5064 5195 4941 4572 4584 4725 4695 4549 4951 5108 4737 5176 5276 5196 4663 4868 4810 4906 4784 5033 4668 5158 4515 4759 4797 4984 4812 4875 4730 4883 4514 5205 5251 5230 4593 4749 4568 4945 4823 4658 4647 4528 4454 4960 4430 4544 4710 4927 4877 5195 4500 4706 4682 4739 4902 4636 5234 4766 5221
5054 5537 5376 4713 5346 5497 4807 4805 4911 5465 4671 4812 5175 5132 5203 4956 4707 5355 5246 5274 4888 5110 5032 4873 5043 4778 4995 4893 4622 4809 5219 5156 4806 5022 5073 4922 5087 5094 5014 5348 4554 5615 5309 5557 4474 4976 5138 5099 5200 4862 5290 5463 5127 5173 5345 5559 5389 4875 4978 4906 5179 5309 4987 5179 5354 5075 5029 5353 5069 5365 4945 5186 4834 5184 5031 5000 4830 5309 4921 4871 5189 5143 5094 5001 5178 4518 5442 4979 4452 4974 5050 4927 4955 5182 5226 5208 4661 5234 4605 4895 4747 5117 5154 4514 5261 5346 4693 5252 4783 4765 5137 5543 4710 4596 4942 5148 4786 4518 5152 5211 4571 4841 5445 4525 5044 5025 5021 4788 5086 5297 4642 4867 4831 5042 4884 5578 5194 5167 4859 4893 5212 4788 5100 5114 4717 5317 5207 5222 5120 5028 4600 5289 5180 4894 5044 4920 5145 5377 4766 5016 5471 4988 5363 5390 5302 5116 5367 4915 4814 5368 4801 5102 5100 5218 4654 5500 4862 5080 5020 4967 5068 5287 4729 5275 4844 5293 4577 4951 5137 5146 5162 4837 5157 4933 5051 5166 5021 5183 5237 4781 4697 4968 5375 4992 4930 5194 5271 4777 5239 5351 5385 5275 5155 4874 5269 5248 5102 4669 4976 4554 4936 5190 5183 4940 5068 4783 5069 4740 5207 5321 5586 4625 5074 5168 4993 5216 4881 4565 4926 4671 5025 4791 4604 4832 5062 4991 5160 4793 5454 5128 4956 5077 5060 5367 4739 5456
5241 5760 5415 5150 5471 5461 4889 4999 5193 5736 5040 5213 5504 4939 5438 5230 5124 5404 5407 5286 5206 5448 4885 5077 5279 4940 5160 5322 5054 4985 5485 5204 5063 5343 5268 5062 5143 5145 5226 5732 5038 5517 5210 5363 4952 5221 5078 5107 5348 4988 5371 5541 5498 5584 5368 5577 5400 5143 4953 5080 5304 5314 5014 5471 5244 5356 4950 5205 5393 5438 5314 5172 4988 5467 5040 5531 5283 5472 4922 5061 5271 5392 5448 4802 5209 4971 5736 5014 4842 5129 5623 5218 4785 5144 5273 5556 5044 5683 5179 5095 4904 5175 5137 4795 5596 5566 5154 5105 5219 5054 5376 5519 4985 4687 5324 5049 4869 4716 5255 5530 5204 4990 5625 5013 5282 4816 5303 4939 5309 5404 4949 5071 5417 5330 5119 5762 5285 5364 5275 5369 5239 5178 5083 5362 5267 5319 5510 5316 5411 5249 5028 5266 5613 5234 5115 5368 5153 5702 5084 5249 5550 5308 5381 5024 5187 5280 5284 5129 5457 5678 5061 5271 5051 5811 4692 5254 5373 5237 5002 5065 5292 5287 5257 5461 4918 5533 4899 5183 5569 5216 5492 5237 5690 5174 5238 5287 5186 5231 5520 4722 5030 5206 5575 5211 5238 5428 5570 4930 5456 5578 5261 5444 5062 4863 5265 5378 5202 5198 5179 4841 4976 5541 5285 5337 5153 4975 5051 4707 5311 5243 5631 4827 5412 5186 5183 5275 4817 4704 5248 5478 5257 4871 4901 4966 5527 5161 5703 5093 5539 5179 5166 5297 4943 5489 5544 5583
5204 5596 5357 4743 5421 5334 4823 4577 5034 5415 4726 5055 4933 4993 5224 5148 4870 5373 5192 4959 5277 5288 5108 4967 5057 5033 5082 4989 4843 5079 5441 5300 4949 5046 5208 4817 4976 5370 5057 5331 4602 5597 4906 5487 5203 4729 5189 4892 5268 4849 5371 5229 5633 5247 5169 5335 5534 4713 4877 5192 5075 5408 4986 5463 5044 5122 4854 5205 5178 5323 5160 5466 5092 5140 5032 5212 5030 5349 4770 4739 5148 5295 4885 4798 5291 4806 5344 4890 4462 4986 5135 5237 5032 5084 5158 5266 4828 5240 4958 4966 4737 4948 5434 4639 5214 5556 4898 5075 4866 4964 4993 5382 4717 4527 5291 5134 4920 4782 5114 5416 4968 4934 5576 4700 5134 4788 5107 4533 5033 5398 4536 4778 5048 4978 5125 5465 5420 4986 5005 5019 5048 4930 5112 5044 4894 5171 5224 5069 5107 4993 4819 5146 5147 5199 5295 5015 5116 5361 4860 5040 5490 4905 5414 5210 5327 5364 5070 4888 5114 5610 4936 5289 4936 5331 4725 5224 5201 5033 4873 5034 4978 5335 4938 5472 4923 5361 4557 4989 5180 4842 5298 4701 5203 5146 4971 4971 5192 5206 5374 4959 4971 5025 5262 5134 4944 5110 5250 4705 5425 5339 5195 5307 5312 5003 5074 4948 5151 4908 5028 4779 4760 5288 5344 5173 5335 4675 4862 4732 5144 5182 5359 4755 4965 5017 5158 4822 5088 4522 5071 4788 5123 4834 4239 5104 5314 5160 5469 5113 5056 4958 5104 5403 4719 5442 5106 5421
5688 5611 5718 5111 5644 5572 5044 5217 5326 5954 5066 5225 5509 5205 5270 5243 5189 5845 5331 5152 5376 5251 4937 5261 5435 5113 5337 5186 5074 4679 5484 5224 5372 5455 5409 5402 5173 5395 5350 5734 5074 5615 5382 5918 5201 5362 5526 5193 5877 4990 5416 5559 5159 5310 5379 5548 5511 4968 5086 5379 5279 5368 5380 5472 5443 5355 4899 5464 5401 5237 5361 5425 5350 5327 5279 5576 5180 5500 5040 5177 5302 5151 5335 5111 5482 4815 5638 5317 4737 5283 5364 5339 5149 5195 5464 5458 4903 5500 4998 5100 4977 5491 5468 4826 5278 5364 5110 5760 5317 4938 5347 5513 4766 5146 5262 5291 4904 4990 5092 5610 5233 5212 5921 4895 5233 5164 5377 4986 4982 5552 4868 5077 5022 5181 5165 5621 5254 5521 5416 5278 5528 5384 5171 5410 4961 5441 5561 5329 5368 5121 5443 5457 5346 5135 5214 5402 5216 5870 5105 5236 5589 5419 5628 5490 5448 5397 5422 5081 5560 6018 5121 5389 5189 5496 4991 5449 5502 5301 5068 5294 5493 5642 5086 5723 4876 5494 4938 5378 5578 5105 5340 5097 5385 5135 5256 5278 5532 5640 5744 5015 5138 5208 5509 5411 5285 5491 5363 5253 5769 5644 5628 5536 5480 5032 5282 5368 5238 5211 5157 4826 4995 5323 5413 5292 5730 4973 5103 5115 5399 5618 5737 4997 5206 5402 5111 5510 5124 4671 5339 4958 5231 4909 4875 5271 5511 5310 5677 5270 5616 5251 5520 5461 5337 5725 5205 5511
5044 5867 5269 4934 5193 5585 4999 4968 5081 5335 4842 4985 5112 5064 5394 5319 4839 5437 5454 5162 4850 5356 5104 5080 5109 4993 5161 5141 5232 4711 5556 5174 4936 5279 5032 5015 5175 5420 5116 5368 4714 5528 5226 5669 4999 5065 5322 5380 5825 4772 5465 5581 5313 5553 5306 5361 5513 5047 4864 5056 5273 5321 5331 5566 5481 4999 5080 5749 5273 5252 5155 5326 5341 5220 5175 5256 5109 5246 5011 4697 5308 5473 4999 4633 5228 4856 5334 5194 4776 4984 5381 5130 5039 5134 5304 5391 4833 5363 5105 4825 5086 5163 5195 4920 5531 5524 4961 5140 5001 4988 5573 5583 4834 4804 5518 5167 5058 4787 5276 5375 4922 4869 5524 4924 5343 4961 5322 5079 4974 5430 4700 5104 5235 4972 4837 5648 5377 5193 5283 5066 5451 5165 5149 5221 5286 5048 5462 5390 5174 5057 5162 5295 5263 5158 5018 5195 5048 5340 4688 5046 5495 5131 5413 5168 5230 5151 5280 4979 5298 5491 4896 5285 4969 5349 4818 5128 5327 5361 5073 5015 5207 5173 4929 5373 4728 5377 4926 4800 5380 5255 5576 5161 5329 5380 5269 5325 5181 5533 5481 4879 4935 5180 5096 5084 5198 5486 5506 5101 5519 5695 5238 5140 5266 4918 5180 5038 5404 4976 5119 5071 5204 5255 5397 5233 5424 4764 5468 4949 5241 5579 5880 4789 5440 4916 5186 5258 4983 4591 5066 4682 5261 4867 4864 4904 5606 4923 5385 5275 5283 5071 4997 5157 4947 5590 5297 5402
4842 4932 4838 4346 5048 4993 4477 4293 4895 5004 4294 4603 4930 4639 5184 4575 4403 5114 4993 4980 4614 4622 4656 4467 4891 4645 4648 4820 4574 4500 5081 4657 4388 4957 4955 4730 4565 5088 4679 5037 4351 5339 4960 5238 4850 4616 4748 4950 5133 4668 4963 5045 4951 4587 4609 5025 5085 4341 4831 4742 5105 4809 4874 5026 4919 4642 4567 4957 4757 4910 4968 4887 4735 4736 4532 5004 4319 4976 4576 4284 4852 4998 4862 4408 4860 4410 5246 4781 4146 4723 4694 4765 4606 4523 5144 4952 4511 4926 4543 4599 4241 4845 4880 4316 5044 4891 4341 4892 4500 4758 4717 5129 4305 4454 4711 4639 4322 4331 4957 5346 4523 4507 4985 4428 4818 4785 4649 4313 4977 5147 4466 4458 4650 4573 4764 5406 4815 4819 4867 4733 5030 4710 4644 4758 4842 4960 4920 4952 4822 4740 4671 4797 4879 4536 4745 4639 4782 4873 4539 4606 4802 4808 5211 5218 4952 4891 4956 4571 4872 5004 4415 4895 4601 5035 4574 4897 4896 4762 4879 4711 4821 4952 4784 4690 4728 4899 4297 4614 5025 4879 4869 4778 5121 4786 4832 4653 4876 4677 4864 4612 4493 4550 4992 4676 4637 4983 4811 4678 4874 5108 4920 4925 4923 4319 4945 4778 4605 4357 4479 4444 4333 4601 4811 4685 5034 4368 4899 4365 4880 4864 5069 4233 4878 4892 4673 5199 4705 4198 4933 4283 4965 4634 4623 4529 4849 4775 4975 4723 4881 4794 4791 4870 4579 4965 4890 5157
4880 5337 5101 4673 5090 5010 4602 4823 4821 5390 4517 4673 4877 4788 4829 4946 4974 5310 5030 5082 4665 4813 4508 4578 4972 4568 4908 4608 4817 4484 5383 4866 4873 5124 4789 4842 4866 5192 5011 5215 4327 5342 4988 5499 4935 4933 4868 5073 5187 4784 4969 5144 4954 4850 4652 4930 5394 4697 4726 4778 4978 5012 4583 5346 5036 4702 4703 5177 5023 5102 5090 5151 4931 4966 4864 4937 4465 5132 4885 4675 4968 4916 5038 4595 4656 4757 5245 4955 4457 4910 5051 5014 4668 4953 5082 4904 4706 4988 4696 4533 4548 4956 4903 4572 4998 5150 4621 4964 4766 4756 4927 5264 4395 4471 5023 4595 4515 4554 5050 5126 4772 4713 5272 4609 5010 4682 4814 4606 5126 5116 4536 4860 4762 4756 4750 5460 5026 4847 4920 4907 5112 5007 4956 4869 5051 5044 5174 4975 5016 5019 4831 5045 5068 4700 4490 5035 4634 5100 4713 4636 5037 4985 5418 4942 4877 5081 5014 4716 5039 5193 4480 4902 4906 4828 4742 4628 4961 5069 4699 4808 5053 4930 4602 5115 4308 5320 4509 4839 4998 4943 4938 5056 5130 4729 4785 5146 5022 5144 5041 4616 4631 4843 4898 4951 4735 4890 5269 4817 4887 5104 5172 4888 5420 4604 5204 5008 4667 4798 4814 4627 4536 4798 4895 4499 4844 4823 4992 4767 5059 4799 5566 4539 5066 4972 4674 5206 4920 4380 5164 4674 5210 4570 4531 4745 5118 4717 4949 4945 5098 4788 4834 5018 4679 5373 4597 5160
4935 5213 5132 4710 4917 5054 4744 4624 5009 4948 4644 4843 4813 5012 4943 4936 4616 5292 5195 5019 4793 4932 4779 4583 4931 4582 4856 4862 4908 4796 5062 4854 4950 5119 4791 4779 4680 5046 5181 5239 4554 5257 4926 5402 4654 4647 5008 4756 5258 4808 5093 5162 4873 4867 4880 4999 5242 4703 5059 4672 4882 5137 4598 5414 5020 4810 4668 4883 4836 4962 4870 5183 4751 4865 4966 5109 4862 4692 4677 4611 5057 5222 4977 4773 5070 4727 5304 4939 4221 4724 4817 4903 4639 4604 4771 5193 4574 5091 4624 4584 4357 4905 4834 4625 4951 5023 4540 4897 4598 4782 4752 5294 4393 4499 4896 4873 4611 4464 5115 4938 4774 4472 4984 4827 4827 4576 4798 4556 4856 5103 4362 4642 4806 4741 4779 5115 4954 4708 5152 4727 5113 4887 4814 4921 4849 4955 4906 4767 5007 4562 4765 5001 4962 4971 4832 4916 4858 5394 4826 5011 5176 4749 4947 5053 4789 4678 4850 4787 5105 5131 4546 5086 4762 5163 4626 5069 4929 5334 4466 4690 5100 5003 4901 5237 4760 5209 4352 4683 5009 4716 4972 4774 5060 4868 5122 5176 4934 5069 5236 4600 4670 4780 5021 4823 4442 4872 4981 4764 4902 5259 4838 5021 4846 4729 5007 4745 5114 4945 4655 4623 4862 5092 4936 4770 4930 4604 4900 4699 4927 4739 5397 4495 4960 4884 4653 5113 4812 4514 5039 4661 4772 4399 4563 4755 5206 4989 5047 4966 5069 4665 5038 5105 4620 5064 4689 5000
5127 5353 5449 4728 5067 5158 4924 4823 4808 5308 4732 4750 5128 4911 5103 5184 4794 5321 5385 5125 4708 4937 4898 4948 5219 4733 4990 4871 4710 4933 5101 5122 4985 5238 4918 4798 5111 5137 5237 5332 4560 5414 5249 5471 5039 4781 5315 5171 5348 4622 5341 5461 4969 5307 5181 5206 5192 5014 4970 5046 5227 5250 5019 5547 5130 4980 5079 5221 5223 5351 5153 5402 4768 5105 4895 5226 5174 5078 4690 4722 5137 5342 5048 4909 5179 4954 5630 5142 4781 4926 5263 4902 5173 4962 5144 5536 4761 5582 5051 4687 4830 5063 4936 4669 5030 5364 4754 5157 4823 5118 5053 5454 4569 4619 5152 4613 4593 4698 5100 5536 4867 4878 5160 4731 4895 4718 5005 4781 4972 5444 4704 4653 5070 5001 4905 5598 5177 4815 5245 4951 5227 5149 4854 4956 5183 5342 5386 5108 5187 5050 4954 5255 4972 4898 5001 4901 4926 5011 4825 4973 5221 4877 5206 5232 5290 5072 4996 4962 5147 5421 4728 5101 4954 5487 4885 4887 5166 5132 4768 5021 5232 5356 5054 5379 4820 5328 4547 5152 5509 5161 5249 5035 5179 4885 4959 5101 5289 5526 5100 4875 4933 4959 5507 5068 5039 5184 5089 4967 5119 5285 5054 4900 5112 4645 5069 4697 4982 4963 4959 4899 4787 5006 5063 4868 5058 4711 4960 4836 5074 5272 5662 4434 5263 5046 4753 5328 5015 4643 5170 5014 5112 4695 4764 4836 5343 4881 5338 4928 5324 4770 5151 5035 4808 5489 5141 5458
5254 5630 5600 5017 5699 5230 4741 5068 5176 5628 4757 5229 5283 5166 5400 5363 4927 5572 5524 5280 5258 5200 5208 4957 5046 4969 5154 5035 4969 4997 5363 5396 5020 5529 5484 5033 5170 5025 5311 5484 5122 5529 5457 5798 4820 4981 5021 5218 5648 5118 5485 5500 5446 5139 5302 5717 5563 5200 5405 5095 5485 5617 5145 5668 5520 5148 4845 5508 5436 5451 5492 5458 5234 5518 4964 5268 5171 5037 5035 4685 5327 5477 5043 4940 5610 4729 5414 5150 4746 4862 5104 5418 5000 5076 5359 5438 4990 5466 5009 5052 4926 5116 5381 4489 5399 5472 5020 5297 5021 5313 5157 5703 4855 4905 5456 5391 4769 4793 5348 5631 4871 5008 5762 4882 5460 5038 5360 5018 5193 5392 5036 5113 5026 5311 4955 5647 5240 5266 5484 5201 5297 5359 5290 5097 5104 5331 5546 5249 5313 5027 5181 5233 5177 4925 5171 5323 5309 5137 4822 4931 5476 5398 5519 5752 5406 5071 5331 4945 5206 5510 5075 5282 5473 5563 5034 5643 5387 5239 4997 5253 5247 5416 4966 5605 4900 5346 4645 5069 5282 5429 5062 5128 5665 5090 5181 5211 5294 5678 5383 5036 5061 5086 5686 5077 4982 5482 5256 5226 5377 5357 5375 5319 5272 4835 5412 5061 5304 5069 5069 4895 5087 5160 5407 5353 5238 4853 5143 4985 5234 5531 5570 4863 5253 5215 5261 5495 5190 4724 5104 4941 5337 4945 4854 5067 5677 5369 5615 5338 5274 5449 5274 5408 5381 5402 4907 5353
5458 5553 5310 4957 5527 5219 4891 5267 5180 5502 4931 5080 5297 4834 5073 5225 5009 5451 5193 4930 5040 5033 5082 5133 5039 5235 4947 5102 5133 4845 5643 5390 5061 4980 4985 5107 5166 5327 5097 5471 4872 5242 5217 5343 5202 5200 4892 5459 5307 5037 5293 5423 5428 5208 5398 5583 5674 5414 5272 5183 5302 5670 5033 5517 5148 5036 4830 5141 5402 5232 5175 5333 5002 5350 5192 5486 5084 5263 5247 5056 5098 5138 5517 4858 5437 4997 5417 5065 4696 5003 5298 5205 4817 5061 5447 5058 4949 5680 5079 4923 4883 5187 5256 4632 5460 5447 4935 5340 5048 4764 5187 5474 4805 4722 5311 5256 5137 4891 5243 5449 5117 4665 5634 4550 5408 4938 5235 4874 4969 5151 4799 5347 5115 5116 5215 5619 5305 5294 5211 5405 5228 5254 5402 5387 5025 5283 5246 5083 5362 5072 5137 5392 5531 5284 4906 5129 5002 5501 4727 5261 5563 5161 5568 5520 5185 5217 5247 4965 5369 5474 5076 5549 5233 5422 4968 5176 5273 5176 4812 4885 5214 5128 4980 5696 4869 5529 4861 4939 5430 5149 4991 4938 5310 5173 5115 5482 5051 5377 5452 4892 4600 5172 5315 5171 4819 5426 5581 5170 5307 5322 5242 5456 5282 4999 5145 5219 5197 5219 4938 4826 5131 5280 5246 5127 5165 4744 5415 5003 5368 5291 5468 4916 5162 5056 5082 5280 5016 4831 5200 4844 5127 4775 4723 5195 5360 5103 5457 5024 5490 5098 5234 5339 5115 5568 5153 5539
5254 5624 4972 4802 5172 5397 4501 5245 4977 5285 4974 4990 5009 5085 5277 5080 4762 5116 5335 5112 4959 5184 4811 4763 5222 5016 5085 5191 4876 4828 5109 5121 4915 5290 5277 4892 4949 5127 4875 5405 4652 5437 5010 5391 4797 4844 5107 5182 5399 4792 5598 5359 5125 4993 5261 5305 5298 4799 5118 4912 5203 5418 5016 5302 5381 5193 4887 5333 5153 5219 5177 5124 4925 5392 5159 5280 5057 5239 4608 4840 5220 5122 5300 4897 5213 4601 5438 4854 4502 5071 5160 4971 4780 5267 5161 5333 4902 5306 4844 4904 4664 4965 4865 4614 5265 5080 4524 5218 5012 5113 5038 5435 4501 4527 5153 4883 4429 4544 5319 5265 4703 4690 5389 4955 4997 4822 4948 4696 5084 5441 4828 4990 4844 4896 5084 5506 4963 5095 5260 5039 5037 4792 5099 5039 5184 5283 5277 5247 5308 5087 4821 5260 4905 4894 5087 4979 4973 5031 4788 4913 5360 4913 5758 5309 5224 5187 5140 4839 4921 5439 4927 4990 4910 5462 4937 5131 5338 5267 4836 4773 5208 5151 4800 5430 4739 5511 4761 4908 5287 5355 5323 5054 5113 5027 5280 5138 4727 5011 5368 4788 4911 4968 5469 5115 5030 5260 5202 4794 5268 5247 5307 5129 5139 4517 5096 5185 4981 4571 4804 4718 4875 5257 4970 4880 4974 4893 5147 4712 5317 5120 5581 4768 5188 5139 5059 5194 4990 4651 5034 4809 5050 4522 4914 4952 5373 4768 5312 5036 5207 4981 5132 5158 4983 5663 5201 5474
5206 5393 5190 4768 5275 5273 4524 4947 4965 5362 4800 4924 5331 4927 5345 5036 4744 5291 5299 5152 4665 5140 4824 4702 5122 4866 5101 4958 4742 4826 5177 5140 5042 4967 5195 4862 4960 5094 5053 5288 4862 5375 4989 5445 4866 5010 5174 5181 5389 4700 5205 5394 5195 5477 5251 5312 5517 5014 4902 5153 5376 5233 5188 5609 5286 4847 4613 5561 5229 5294 5004 5252 5195 4987 4901 5448 4988 4976 4971 4858 5210 5202 5155 4453 4969 5044 5341 5095 4491 5144 5193 4977 4864 5008 5155 5411 4818 5338 4902 4902 4494 4927 5032 4793 5176 5377 4870 5234 5017 5022 5206 5628 4745 4617 5186 5199 4660 4712 5368 5211 4815 4847 5242 4595 5186 5042 5398 4740 5117 5264 4800 4906 4952 4981 4894 5540 5138 4932 5270 4866 5000 5231 5290 4847 5178 5254 5419 5117 5272 5101 4934 5233 5115 4981 5058 5140 4912 5237 4805 5065 5426 5150 5203 5316 5149 5140 5249 5104 5038 5392 4745 5060 4952 5298 4656 4972 5270 5174 4951 5013 5327 4912 4782 5363 4769 5230 4427 4790 5498 5176 5301 4768 5333 4950 4947 5078 4813 5359 5297 4886 4817 4714 5204 4884 4986 5019 5038 5256 5171 5124 5159 4877 5094 4679 5148 4871 5112 4976 4986 4785 4969 5045 5092 4929 5142 4663 5123 4750 5151 5185 5474 4879 5278 5156 5115 5105 4857 4496 5022 4748 5270 4989 4677 4882 5186 5239 5495 5020 5151 4970 5045 5480 5046 5551 5133 5368
5046 5590 5245 4841 5271 5161 4672 4735 5116 5460 5067 4962 5421 5060 5092 5080 4830 5423 5222 5035 5126 5013 4827 4631 5355 4917 5085 5357 5257 4704 5431 5061 5004 5316 5289 4993 5065 5130 5121 5294 4808 5410 5110 5413 4775 4962 4998 5150 5415 5010 5374 5467 5416 5100 5147 5538 5552 4839 4979 5221 5129 5153 5110 5432 5214 4883 4935 5086 4993 5340 4932 5215 4820 5079 4875 5034 4740 5252 5074 5111 5344 5201 5133 4651 5180 4774 5494 5035 4472 4960 5353 5129 4573 4880 5002 5189 4795 5338 4724 4783 4463 5102 5144 4675 5479 5178 5016 5143 4774 4889 5317 5380 4951 4600 5041 5258 4907 4761 5272 5184 4788 4783 5546 4547 5117 4942 5015 4956 5170 5208 4520 5002 4849 4938 5204 5659 5171 5085 4974 5169 5225 4855 5022 4957 5086 5193 5355 5164 5171 5217 4985 5396 5324 4964 4891 5020 5019 5670 5036 4890 5510 5017 5161 5191 5257 4975 5531 4758 4993 5340 4861 5273 5038 5480 4904 5244 4923 5422 4850 5023 5314 5070 5028 5452 4872 5380 4788 5149 5232 4994 5215 4970 5142 4931 5247 5404 5222 5098 5354 4835 4622 5196 5062 5015 5056 5251 5322 5042 5465 5370 5366 5130 5241 4798 5340 5061 4882 4804 5045 4745 5002 5152 5328 5158 5299 4856 5139 4886 5239 5183 5499 4741 5339 5384 4910 5178 4822 4870 5089 4905 5077 4787 4690 4809 5289 4919 5262 5021 5423 4820 5006 5423 5171 5589 5249 5146
5316 5604 5457 5050 5285 5270 4973 5209 5294 5673 4940 5108 5414 4929 5395 5434 5118 5552 5450 5487 5066 5119 5129 5005 5419 5234 5407 5467 4931 5151 5616 5309 5060 5261 5204 5196 5017 5403 5281 5478 4814 5630 5058 5548 5131 4977 5160 5332 5665 5172 5208 5676 5217 5495 5177 5615 5453 5125 5094 5142 5124 5568 5305 5779 5777 5339 5040 5432 5557 5044 5267 5296 5275 5451 5425 5469 4936 5279 5039 4966 5491 5431 5321 4505 5349 4923 5664 5310 4914 5186 5369 5255 5134 4998 5408 5732 5072 5677 5011 5169 4990 5092 5278 4702 5409 5435 4762 5288 5051 5230 5437 5709 4743 4881 5339 5080 4872 4844 5384 5699 4907 5071 5544 4817 5072 5069 5422 4865 5412 5262 4843 5098 5173 5290 5283 5703 5590 5382 5451 5097 5093 5328 5119 5106 5241 5566 5508 5456 5123 5246 5048 5329 5233 5181 5022 5386 5164 5544 4966 5146 5661 5029 5502 5340 5254 5422 5343 5066 5352 5768 4894 5335 5083 5543 4820 5205 5297 5405 4932 5108 5271 5557 5125 5558 4722 5484 4744 5150 5621 5479 5410 5376 5487 4882 5393 5066 5305 5413 5591 5100 5131 5107 5219 5120 5062 5516 5462 5012 5573 5548 5585 5299 5375 4933 5382 5380 5341 5181 5051 4754 5075 5244 5312 5003 5388 4856 5286 5116 5203 5641 5763 4877 5330 5443 5278 5284 5438 4883 5325 4727 5434 4821 4765 5378 5515 5130 5433 5303 5364 5095 5202 5363 5172 5685 5073 5482
5653 6020 5626 5080 5678 5678 5044 5270 5337 5708 5014 5582 5547 5322 5195 5609 5202 5625 5590 5329 5146 5383 5086 5117 5362 5267 5303 5568 5330 5033 5668 5388 4910 5282 5264 5209 5039 5469 5403 5789 5048 5445 5657 5689 5200 5120 5206 5573 5486 5356 5545 5970 5499 5262 5478 5485 5711 5417 5272 5605 5563 5654 5411 5593 5628 5475 5258 5545 5751 5334 5320 5696 5048 5584 5419 5277 5338 5455 5586 5017 5697 5615 5549 4957 5306 5206 5564 5219 4967 5109 5598 5308 5148 5301 5549 5472 5203 5825 5357 4923 4884 5521 5423 4988 5552 5714 5108 5388 5434 5124 5308 5906 4866 5051 5397 5274 4973 5023 5416 5389 5044 5032 5599 5151 5361 5013 5357 4945 5162 5563 4955 5349 5238 5073 5297 5876 5833 5471 5510 5378 5266 5371 5467 5470 5232 5342 5463 5471 5276 5494 4884 5654 5564 5369 5393 5507 5267 5622 5098 5297 5784 5539 5878 5394 5436 5347 5455 5048 5358 5692 5140 5486 5275 5648 5018 5547 5554 5479 5035 5266 5392 5271 5103 5591 5075 5556 4932 5225 5429 5382 5380 5153 5626 5360 5343 5422 5207 5472 5450 5182 5111 5225 5514 5261 5252 5161 5534 5269 5427 5379 5644 5328 5711 5251 5605 5503 5519 5315 5097 4893 5211 5346 5433 5358 5520 5150 5322 5034 5741 5360 6095 4975 5415 5519 5596 5569 5212 4860 5216 5059 5472 5178 4968 5405 5402 5201 5531 5189 5866 5414 5253 5449 5187 5951 5269 5959
5014 5540 5339 4841 5285 5248 4792 5045 5048 5367 4797 4850 5168 4789 5269 5105 4891 5506 5142 5192 4851 4886 4887 5023 5041 5058 5199 4806 4922 4718 5342 5062 4705 5269 5252 5005 5009 5228 5067 5311 4664 5546 5227 5638 5122 4929 5182 5140 5261 5077 5260 5396 5258 5108 5152 5520 5622 4707 4942 5190 4865 5412 5154 5301 5034 5108 4961 5275 5218 5127 4944 5586 5053 5261 5054 5252 4882 5526 5088 4633 5537 5104 4942 4665 5580 4681 5398 5233 4560 4963 5067 4865 4999 5151 5328 5062 4942 5337 5237 4741 4696 5147 5176 4633 5261 5181 4720 5237 4781 5074 4964 5421 4674 4621 5253 4892 4610 4627 5252 5586 4832 4997 5230 4951 4920 4768 5076 4640 5176 5099 4687 4962 5143 4925 4912 5310 5262 5045 5005 5113 5254 5143 5294 5037 5208 5042 5311 5088 5142 5174 4872 5188 5258 4819 5077 5022 5143 5357 4803 4956 5612 4913 5525 5210 5264 5237 5240 5144 4964 5365 4877 5110 5010 5395 4725 5127 5148 5374 4982 5001 5162 5312 4921 5483 4656 5349 4532 5035 5265 5011 5094 5022 5114 5112 5043 5296 5299 5536 5327 5077 4926 4917 5204 5073 5100 5039 5082 5198 5318 5341 5232 5194 5201 4912 5322 5066 4995 5098 4722 4797 4719 5133 5222 4801 5371 4877 5173 5033 5011 5345 5617 4670 5101 4991 5144 5122 5077 4760 5170 4695 5034 4927 4631 5153 5100 4981 5201 4954 5474 4976 5003 5285 4923 5391 4837 5356
5009 4944 5068 4902 4977 5179 4640 4681 5198 5113 4629 4736 4854 4907 5023 4819 4522 4961 4978 5112 4833 5132 4786 4977 4931 4857 5134 4921 4639 4729 5116 4962 4780 5116 4939 4562 4926 4930 4873 5227 4511 5081 4924 5297 4806 5004 4916 5065 5340 4727 4969 5209 5313 4914 4692 5268 5147 4578 4854 4630 4886 5072 5119 5285 5074 4638 4589 5003 5074 5081 4714 5036 4751 4932 4885 5120 4807 5134 4887 4720 5033 5197 5147 4490 4869 4524 5388 4934 4417 4722 5075 5028 4830 4928 5005 4797 4538 5259 4730 4896 4298 4678 4750 4694 5207 5185 4407 4985 4821 4920 4829 5043 4580 4706 5102 4962 4501 4604 4979 5168 4635 4763 5073 4731 4947 4704 4955 4516 4746 5151 4620 4942 4834 5092 5008 5118 4959 5004 4930 4782 5016 4901 4700 4797 5031 4976 5062 4792 4754 5013 4988 4921 4903 5029 4708 4840 4829 5161 4767 4812 5268 4700 5246 5056 5034 4839 5161 4627 5049 5509 4708 4958 4597 4851 4578 5184 5232 4946 4803 4915 5049 5081 4842 5010 4794 5050 4439 4929 5089 4737 4998 4738 5302 4867 5199 4677 5025 5360 5473 4653 4685 4896 4864 4817 4650 4876 5078 4748 5109 5385 5255 4867 5237 4773 4988 4945 4799 4826 4642 4500 4833 5013 5147 5041 5115 4608 5271 4654 5117 5031 5282 4761 4874 4908 4875 4978 4815 4472 4923 4372 5001 4746 4810 5041 5094 4726 5306 4941 4801 4692 4781 5005 4768 5393 4898 5134
5447 5908 5755 5194 5631 5395 5355 5312 5460 5826 5283 5396 5522 5277 5456 5442 5365 5759 5818 5542 5296 5259 5216 5327 5563 5179 5586 5276 5561 4982 5700 5608 5134 5561 5287 5366 5513 5659 5344 5768 5073 5793 5616 5731 5057 5264 5310 5636 5735 5270 5701 5763 5622 5798 5698 5599 5798 5490 5234 5265 5618 5749 5340 5731 5658 5584 5192 5715 5531 5675 5562 5659 5183 5653 5608 5656 5227 5658 5164 5073 5654 5850 5425 5162 5376 5352 5477 5339 5105 5328 5722 5567 5275 5347 5579 5643 5180 5793 5279 5061 5073 5438 5325 5204 5867 5492 5234 5498 5461 5247 5711 5874 4986 5271 5822 5285 5229 4971 5427 5723 5421 5315 5847 4855 5325 5114 5683 5317 5328 5745 5034 4992 5157 5281 5466 5840 5721 5660 5431 5539 5701 5486 5430 5590 5185 5424 5602 5478 5468 5459 5412 5707 5286 5336 5323 5221 5414 5673 5036 5162 5694 5520 5912 5635 5464 5241 5469 5272 5701 5687 5248 5588 5321 5939 5443 5606 5575 5525 5274 5258 5516 5433 5210 5806 5164 5664 5149 5208 5881 5458 5322 5235 5811 5255 5488 5394 5593 5879 5511 5251 5209 5641 5656 5396 5178 5543 5613 5380 5735 5755 5663 5491 5445 5039 5598 5245 5452 5124 5256 5258 5261 5308 5678 5573 5556 5296 5346 5241 5679 5641 5902 5053 5276 5424 5441 5481 5305 4749 5175 4905 5431 5350 5116 5499 5606 5268 5552 5497 5576 5486 5505 5740 5201 6012 5507 5867
5490 5530 5603 4886 5444 5254 4677 4827 5053 5531 4838 5217 5297 5104 4988 5352 4885 5660 5499 5302 4887 5088 5096 4760 5305 5328 5099 5374 5289 4843 5251 5382 5221 5217 5087 5188 5128 5044 5289 5330 4961 5310 5038 5563 5209 5011 5254 5201 5623 5399 5516 5526 5319 5393 5365 5501 5633 4937 5086 5230 5174 5547 5192 5521 5185 5006 4853 5271 5584 5412 5208 5496 5109 5488 5091 5304 5045 5279 5256 4823 5448 5437 4954 4926 5180 5055 5326 5006 4839 5050 5421 5270 4891 4978 5405 5426 5186 5714 4884 5151 5001 5147 5341 4763 5513 5623 5028 5312 5122 5294 5308 5540 4750 4932 5301 5064 5063 4825 5120 5580 4981 5091 5715 4957 5068 4869 5166 4978 5375 5313 4825 5110 5036 5051 5301 5765 5425 5275 5454 5280 5573 5154 5134 5021 5019 5340 5440 5211 5396 5238 5081 5223 5167 5047 5150 5229 5170 5650 5141 5152 5463 5413 5312 5258 5367 5242 5527 4806 5330 5480 5133 5345 5304 5734 4961 5173 5357 5330 4944 5362 5188 5141 4952 5421 4892 5423 4860 5085 5333 4978 5215 5257 5349 5247 5446 5376 5379 5390 5581 5235 4875 5149 5375 5162 5097 5495 5361 5030 5356 5428 5428 5324 5446 4935 5531 5209 5189 5134 4890 4988 5139 5130 5475 5305 5362 5010 5301 4891 5371 5454 5540 4796 5593 5090 5106 5160 5136 4666 5144 5016 5445 4992 4697 5063 5637 5182 5645 4968 5406 5161 5371 5583 4958 5449 5401 5514
4677 5113 5253 4443 4930 5018 4454 4843 4857 5011 4711 4672 4828 4989 5132 4738 5061 5443 4864 5215 4718 4921 4850 4652 4876 4705 4890 4731 4840 4636 5107 4966 4782 5019 4731 4808 4810 4769 5149 5267 4455 5384 5201 5347 4877 4488 4880 4765 5382 4750 4955 5299 4812 4972 5021 5105 5300 4625 4825 4871 4914 5303 4897 5087 4830 4846 4782 5196 4994 4927 4852 5347 4822 5185 4589 5106 4728 4958 4805 4623 4861 5058 5122 4553 4874 4588 5299 4877 4453 4697 5085 5080 4672 4778 4985 5068 4944 5416 4968 4734 4778 4789 4813 4607 5109 5091 4575 5124 4815 4866 4999 5484 4339 4597 5067 4780 4954 4405 5074 5254 4642 4827 4962 4603 4971 4559 5089 4876 4901 5132 4551 4705 4841 5007 4756 5467 4951 5025 5147 4838 4996 5019 4842 4663 4982 4931 5109 4891 4728 4944 4662 5099 4836 4815 4885 4923 4536 5255 4690 4894 5316 4637 5192 5009 4905 4792 5028 4729 4809 5253 4568 4999 4651 5302 4616 4902 4586 4953 4661 4828 4976 4876 4584 4984 4760 4958 4401 4684 4964 5044 5055 4697 5032 4882 5028 4798 4801 5074 5116 4712 4694 4726 5067 4782 4811 5117 5064 4971 5111 5245 4748 4902 4826 4681 4866 4871 4846 4568 4580 4508 4749 4891 5296 4855 5156 4712 4913 4536 4832 5082 5336 4455 4871 4728 4973 5025 4852 4395 4882 4797 5099 4838 4574 4939 5191 4693 5162 5060 5144 4675 4936 5104 4796 5133 4984 5197
5202 5485 5213 4680 5205 4886 4626 4778 4993 5195 4614 5074 5025 4827 4926 5215 4670 5003 5138 4761 4844 4957 4686 4862 5134 4817 4896 4637 4888 4714 5021 5139 4566 4932 4858 5034 5103 4830 5120 5262 4765 5306 5081 5497 4802 4688 4967 4684 5236 4679 5142 5456 5053 5007 5076 5310 5027 4971 4766 4922 5033 5039 5052 5076 5001 4949 4794 4984 5074 5340 4926 5236 4645 5160 4841 4972 4783 5091 4999 4861 5121 5099 4912 4824 4939 4779 5217 4990 4454 4884 5210 5056 4864 4916 4923 5126 4837 5356 4823 4798 4658 4846 4894 4387 5220 5434 4626 5158 4821 4664 4934 5385 4317 4232 4925 4999 4602 4576 5120 5242 4737 4802 5242 4707 5136 4748 4773 4502 4716 5132 4658 4818 4636 4731 5092 5380 5021 4862 4887 4783 4975 4706 5044 4935 4922 4899 4945 4967 4993 4746 4708 5174 4896 4812 4872 4978 5081 5304 4628 5007 5404 4817 5375 4936 4920 4862 4878 4691 4881 5259 4615 4847 4895 5076 4764 5110 5034 5156 4793 4632 5084 4659 4876 5208 4457 5225 4761 4674 5138 4936 4850 4593 5055 4762 4884 5009 4806 5156 5233 4792 4681 5076 5207 5072 4860 4988 5091 4694 5234 5117 5189 4755 5177 4601 4961 4858 5035 4799 4620 4699 4859 5131 5235 4951 4946 4422 4903 4605 5195 5238 5519 4478 5068 4761 5081 4944 4836 4563 4800 4529 4803 4767 4644 4971 5148 5096 5193 4698 5121 4988 4858 5105 4838 5215 5018 5274
5234 5553 5028 4608 5178 5103 4763 4768 4753 5140 4890 4646 4763 4813 4931 5119 4627 5260 5251 4906 4835 4811 4496 4758 5092 4604 4776 4995 4617 4765 5189 5131 4717 5007 4821 5200 4786 5065 4900 5322 4752 5448 4811 5275 4531 4544 4762 4687 5419 4842 4973 5338 5128 4968 5063 5321 5222 4555 4684 4996 5088 5267 5043 5392 4982 5084 4703 5129 4979 5063 5133 5056 4895 4932 4604 4660 4806 5084 4496 4858 4999 5046 4909 4429 4894 4722 5197 4943 4716 5072 5255 4874 4592 4842 5040 5037 4794 5017 4813 4272 4570 4961 4918 4595 5163 5252 4812 5211 4721 4478 4956 5137 4386 4607 4864 4998 4928 4572 4906 4949 4892 4675 5135 5013 4680 4553 4784 4484 4909 5252 4580 4836 4777 4741 5002 5310 5158 5198 4994 4903 5048 4695 4929 5054 4886 5160 5184 4936 5044 4863 4983 4649 5006 4767 4866 5045 4595 5123 4324 4796 5092 5012 5459 4640 4860 4925 5089 4775 5195 5284 4456 4928 4715 5385 4638 5102 4933 4925 4728 4855 5001 4874 4785 4998 4460 5448 4445 4697 5053 5210 4926 5042 5164 4962 5099 4928 5114 4950 5248 4713 4768 4980 4987 4923 4635 5040 5013 5048 4967 5085 5040 4902 4752 4855 5234 4891 5084 4723 4653 4620 4778 4832 4817 4888 4812 4460 5011 4831 4913 5162 5282 4557 4822 4809 5012 5233 4585 4598 4716 4436 4948 4599 4464 4436 5023 4904 5065 4628 5124 4971 4755 5309 4821 5199 4704 5325
5169 5768 5600 4860 5320 5475 5129 5134 5029 5403 4837 5151 5419 5090 5204 5325 5101 5572 5491 5321 5184 5049 5165 4990 5231 5025 5437 5208 5436 4817 5592 5197 5273 5088 4967 4941 5118 5170 5285 5600 4549 5242 5116 5778 4953 5096 5015 5200 5443 5044 5223 5221 5397 5178 5434 5339 5636 4987 4907 5147 5471 5358 5073 5430 5579 5153 5182 5277 5275 5445 5445 5316 5121 5266 4848 5365 5031 5268 5043 4786 5225 5314 5114 4750 5246 5078 5505 5053 4802 4934 5374 5205 4992 5313 5281 5260 4922 5334 5122 4717 4728 5158 5100 4950 5292 5591 4787 5219 5148 5110 5069 5495 4580 4775 5276 5123 4884 4608 5392 5446 4954 4992 5509 4877 5295 5004 5195 4937 5240 5418 4566 5150 4994 5162 5073 5833 5344 5297 5353 5075 5219 5337 5115 4910 5247 5220 5545 5346 5122 5284 5098 5151 5177 4871 5159 5097 5027 5493 4759 4923 5440 4905 5224 5190 5307 5358 5145 4948 5303 5421 4718 5324 4985 5317 4737 5431 5294 5175 4812 5214 5343 5090 4839 5518 4892 5524 4424 5088 5318 5405 5360 5097 5338 4956 5387 5285 5311 5427 5458 4821 4956 5031 5186 5122 5046 5174 5380 5324 5343 5476 5424 5119 5350 5041 5540 5098 5227 5107 4936 4961 5028 5257 5379 4805 5350 4907 5270 5132 5368 5231 5648 4881 5451 5375 5359 5315 5267 4650 5297 4805 5352 5063 4703 4982 5370 5185 5381 5255 5371 5123 4916 5342 5114 5770 4879 5447
5116 5335 5505 4741 5143 5133 4729 4778 5046 5240 4733 4734 5278 5003 4830 5017 5002 5557 5336 5115 4800 4989 4809 4840 5190 4837 5093 5022 5045 4760 5181 5285 4875 5026 4946 4765 4825 5074 4915 5224 4651 5389 5025 5348 4784 4840 4939 5259 5354 4707 5340 5389 5365 5216 5228 5255 5495 4968 5075 5180 5176 5389 5169 5440 5221 4755 4693 5345 4928 5341 5062 5252 4982 5207 5010 5072 5055 5043 5166 4777 5376 5072 4897 4554 5057 4833 5455 4805 4537 4917 5068 5101 4986 5012 5060 5360 4849 5253 4921 4870 4544 5063 5082 4647 5379 5507 4840 5269 4833 5144 5084 5352 4757 4717 5181 5024 4421 4751 5310 5409 5029 4812 5420 4669 5084 4847 5178 4692 4986 5294 4723 5039 4905 5059 5001 5379 5009 4898 4852 5092 5272 5201 5125 5017 5105 5161 5182 4942 5159 4957 5015 5109 5067 4945 5116 4922 4766 5327 4600 5037 5528 4876 5054 4977 5230 5110 5333 4868 5175 5515 4893 5198 4771 5350 4628 4859 5159 5152 5042 5033 5111 5099 4854 5104 4728 5007 4636 5062 5136 5101 5332 4928 5184 4734 5103 5099 5129 5329 5133 5041 5135 4970 5312 4977 4875 5074 5113 5147 5342 5462 5464 5233 5353 4869 5165 4888 4940 4816 4878 4562 5058 4932 5059 5018 4943 4827 5116 4893 5288 5231 5695 4772 5203 5192 4913 4927 4776 4485 5203 4665 5100 4748 4842 4854 5201 4977 5436 4819 5041 4939 4864 5144 5032 5239 5014 5285
5592 5770 5416 5242 5705 5799 5194 5191 5550 5808 5167 5136 5318 5286 5265 5366 5226 5817 5663 5494 5279 5599 5377 5370 5401 5210 5510 5416 5254 5110 5749 5541 5403 5543 5361 5272 5413 5630 5524 5757 4929 5822 5199 5704 5364 5238 5220 5710 5757 5240 5551 5901 5718 5566 5430 5818 5756 5173 5194 5517 5366 5656 5359 5768 5568 5244 5251 5441 5297 5624 5610 5734 5453 5652 5207 5412 5196 5835 5255 5168 5470 5688 5447 4625 5326 5059 5843 5325 4868 5583 5696 5661 5362 5372 5614 5558 5303 5844 5200 5163 5010 5550 5362 4988 5620 5633 4996 5756 5327 5519 5399 5600 4746 5170 5598 5284 5027 4977 5172 5794 5169 5156 5816 5089 5510 5109 5327 4969 5341 5646 5188 5349 5102 5326 5291 5999 5479 5495 5458 5482 5562 5315 5490 5539 5299 5672 5583 5379 5246 5629 5579 5615 5265 5235 5280 5281 5427 5841 5162 5317 5595 5229 5614 5404 5175 5433 5412 5225 5470 5758 5404 5595 5492 5677 5011 5284 5650 5480 5270 5262 5497 5660 5288 5541 5112 5626 4942 5269 5767 5376 5301 5199 5506 5249 5465 5455 5713 5723 5693 5300 5379 5464 5421 5266 5109 5632 5801 5425 5954 5846 5719 5351 5485 5206 5610 5711 5604 5112 4918 5175 5306 5397 5702 5356 5525 4982 5681 5172 5549 5455 5740 5108 5590 5341 5225 5493 5211 5141 5334 4970 5724 5142 5072 5241 5637 5423 5703 5558 5690 5661 5377 5611 5404 5879 5418 5917
5306 5557 5294 5127 5215 5349 4963 5191 5215 5465 4779 5258 5354 5132 5532 5155 4818 5643 5367 5172 4879 5085 4917 5124 5125 5211 5217 5365 4935 4909 5731 5195 5057 5080 4979 5091 4979 5044 5090 5533 5110 5251 5324 5432 5013 5187 5231 5050 5485 5018 5316 5451 5439 5332 5477 5133 5378 5025 4960 5283 5264 5600 5349 5725 5503 5216 4884 5328 5481 5306 5061 5364 5176 5670 5165 5532 5005 5281 5110 5007 5562 5445 5197 4829 5335 5026 5460 5071 4714 5168 5203 5048 5062 5140 5197 5439 5087 5530 5161 4875 4745 5113 4895 5039 5463 5482 4863 5334 5424 5138 5286 5306 4454 4552 5352 4981 4858 4598 5418 5315 5129 4741 5157 5014 5174 4936 5159 4853 5378 5561 4896 4940 5052 5161 5051 5651 5398 5046 5250 5142 5292 5440 5143 5106 4964 5150 5203 5112 5363 4929 5039 5184 4983 5175 5173 5151 5131 5327 4732 5218 5562 5086 5489 5235 5301 5168 5316 4885 5084 5610 4582 5162 5334 5518 4642 5144 5135 5419 5012 5075 5410 5210 5190 5725 4794 5420 4734 5086 5528 5331 5106 5175 5375 5129 5260 5268 5230 5666 5499 4985 4909 5107 5451 5082 5190 5375 5536 5091 5427 5253 5682 5178 5183 4937 5378 4976 5028 5130 5156 4631 5025 5368 5382 5114 5430 4967 5198 4954 5093 5636 5827 4624 5198 4810 5149 5024 5039 4760 5016 4974 5237 4905 4793 4905 5565 5219 5789 5082 5359 5018 5208 5233 4976 5528 5265 5258
5215 5591 5213 4793 5435 5245 4725 4929 4886 5386 4565 4788 5250 4990 5004 5031 4895 5218 5234 5210 5013 5297 5146 4806 5306 5248 5214 5033 4903 4688 5175 5081 5045 5098 5426 4964 5103 5233 5043 5423 4759 5373 5163 5565 4835 4849 5228 5231 5350 4974 5606 5649 5436 5225 4992 5392 5271 4963 5267 5025 5208 5396 5020 5424 5208 4970 5265 5391 5261 5450 5296 5384 5008 5276 4970 5235 4872 5189 4953 4652 5269 5256 5092 4924 5230 4684 5292 5030 4749 5095 5209 5204 5060 4974 5287 5357 4823 5609 4984 4781 4703 4907 5281 4661 5102 5395 4686 5229 4934 5012 4961 5447 4690 4795 5242 5054 4405 4902 4984 5691 4843 4908 5245 4844 5123 4779 4933 4948 5120 5383 4741 5127 5091 4852 5233 5379 5317 5010 4985 5210 5146 4912 5243 5177 5041 5416 5335 5263 5146 5156 4934 5285 5262 4926 4992 5204 5118 5184 4817 4916 5337 5061 5375 5058 5182 5165 5299 5047 5042 5413 4945 5282 4884 5678 4849 5264 5230 5184 5053 5101 5381 5215 5025 5424 4856 5503 4689 4987 5198 4941 5049 5062 5398 5128 5374 5087 5191 5037 5309 4986 4912 4988 5456 5255 5049 5296 5388 5006 5361 5503 5286 5082 5377 4937 5249 5038 5214 5058 5110 5098 5190 5145 5128 5137 5174 4602 5252 4709 5259 5267 5719 4615 5199 5193 5213 5129 5024 4725 4941 4604 5194 4724 4887 5094 5358 4956 5365 5158 5417 5093 5024 5313 4881 5502 5265 5482
5076 5102 5097 4702 5181 5238 4439 4916 4825 5191 4535 5037 5107 4721 4826 4820 4637 5069 5265 4959 4844 4863 4845 4769 5079 5052 5012 4733 5068 4818 5028 5068 4682 4990 5207 5013 4816 5085 4962 5374 4532 5187 4812 5423 4796 4751 4951 5313 5079 4656 5220 5147 5217 5058 4880 5273 5282 4881 5044 4926 4952 5214 4867 5293 4965 4809 4948 5115 5134 5175 5197 5093 4799 4949 4705 5019 5089 4908 4944 4339 5116 4947 4833 4687 4892 4759 5085 4854 4529 5073 5032 5122 4666 4639 5087 5105 4760 5523 4686 4492 4600 4899 4937 4704 5024 5283 4829 4986 4749 4948 4872 5212 4570 4522 4969 4793 4499 4517 4880 5377 4896 4697 5190 4736 4925 4657 5040 4841 5033 5143 4555 4735 4732 4684 4986 5303 5153 4883 5175 5146 4904 4879 4993 5091 4888 5330 5180 4850 4947 5119 4721 4861 4969 4606 4733 4828 4853 4890 4571 4838 4938 4880 5232 5043 4917 4770 5147 4738 5180 5365 4609 4991 4846 5237 4565 5082 5168 4946 4708 4739 5046 4837 4804 5170 4769 5193 4524 4711 5400 5046 4746 4898 5094 4814 4929 4896 5028 5159 5098 4645 4754 4964 5308 5030 4692 4990 4981 4959 5347 5376 4932 5298 5020 4694 5067 4869 4995 4952 4770 4789 4819 4745 5006 4965 5224 4552 5258 4483 5122 5180 5409 4612 4955 5158 5127 5203 5064 4429 4874 4482 5036 4868 4455 4736 5268 4958 5135 4996 5251 5092 5020 5212 4746 5318 4830 5271
4834 5316 5054 4496 5080 4895 4828 4554 5058 5164 4605 4756 4766 4895 4901 4850 4418 4961 5250 4860 4777 4824 4712 4620 4894 4562 4702 4584 4706 4465 4985 4820 4754 5008 4850 4902 4673 4941 5121 5178 4705 5307 4845 5068 4483 4627 5001 4854 5426 4714 4987 4822 5050 4916 4880 5196 4939 4732 4848 4805 4947 4817 4619 5039 4925 4626 4524 4922 4975 5047 4945 4895 4948 5021 4672 4861 4468 4793 4708 4754 5080 5239 4805 4479 4710 4559 4865 4814 4189 4459 4998 5055 4589 4701 4792 4886 4777 5002 4707 4581 4464 4909 4908 4313 5190 5043 4475 5084 4844 4593 4953 5252 4600 4391 4606 4974 4326 4323 4851 4865 4565 4550 5180 4655 4885 4459 4862 4504 4839 5022 4567 4661 4808 4540 5089 5326 4727 4891 4993 4777 5029 4893 4682 4595 4835 4831 4940 4999 4984 4789 4840 4859 5008 4453 4659 4693 4615 4989 4600 4942 5280 4817 4929 4957 4886 4745 4790 4640 4813 5091 4314 4713 4608 5047 4579 4986 5081 5146 4713 4933 5083 4727 4585 5161 4548 5075 4262 4788 4794 4642 4910 4481 4981 4737 4869 4734 5019 5101 4921 4561 4445 4758 4989 4628 4880 4760 5150 4708 5038 4766 5032 4812 4994 4806 4957 4638 4882 4620 4449 4473 4548 4801 5059 4944 5036 4592 4807 4680 5166 4934 5268 4304 5011 4839 4764 5286 4750 4447 4481 4666 5093 4573 4638 4621 4826 4591 4910 4832 4961 4687 4804 4961 4822 5148 4683 5104
5094 5625 5433 4745 5079 5268 4704 5196 5196 5649 4838 5233 5186 4857 5226 5395 4850 5378 5232 5342 4998 5143 4604 5087 4990 4962 4956 5009 4982 4718 5136 5276 4795 5187 5165 5036 5050 5111 5130 5573 4707 5380 4982 5645 5075 4845 5115 5140 5524 4768 5166 5446 5135 5139 5230 5234 5487 4990 5039 5210 5200 5315 5010 5417 5276 4920 5104 5246 5365 5209 5169 5380 5029 5169 5045 5294 5159 5240 5065 4814 5290 5226 5156 4573 5086 4915 5338 5254 4525 5238 5481 5190 4704 5190 5217 5261 4953 5376 4949 5214 4773 5101 5167 4793 5396 5390 4931 5351 4854 4824 5466 5511 4715 4740 5115 5214 4653 4497 5221 5394 4856 4788 5604 4741 5050 4853 5131 4762 5061 5150 4817 5105 4958 4804 5127 5743 5095 5082 5350 5015 5126 5015 5259 5065 4870 5108 5675 5009 5293 5171 4804 5273 5318 4755 5123 4933 4946 5390 4871 4973 5557 5177 5387 5367 5329 5138 5123 5151 4970 5455 4882 5190 5048 5308 5010 5199 5441 5202 4984 4998 5002 5138 4709 5521 4801 5528 4819 4908 5472 5122 4945 4898 5151 4771 4842 5260 4954 5424 5477 4763 4904 4935 5392 4812 4984 5209 5320 5368 5245 5315 5137 5267 5257 4652 5449 5372 5102 4801 4803 4736 5080 5239 5491 5324 5042 4673 5253 4872 5407 5414 5605 4834 5150 5198 4967 5057 5120 4736 5047 4856 5018 4932 4689 4805 5657 5013 5543 5088 5212 5141 5202 5253 5166 5551 5067 5526
4915 5416 5524 4598 5256 5165 4782 5169 5324 5418 4821 5016 5195 4893 5159 4999 4753 5404 5337 5090 4986 4922 5218 4850 5183 4929 5255 5082 5261 4830 5398 5244 5075 5200 5277 4839 4947 5000 5303 5166 4619 5163 5209 5590 5061 5040 5024 5504 5487 4792 5339 5448 5413 5308 5364 5545 5350 5024 5130 5147 5086 5133 4853 5522 5408 5014 5021 5238 5062 5224 5148 5138 4952 5392 4903 5302 4942 5245 5141 4922 5298 5196 5203 4651 5066 4996 5351 5117 4682 4863 5015 5040 4854 5112 5411 5104 5029 5334 5139 4874 4829 4947 5215 4786 5515 5198 4756 5261 5195 4818 5182 5484 4530 4719 5047 5069 4598 4741 4836 5616 4987 4601 5558 4923 5242 4754 4898 4812 4814 5444 4645 4990 5000 5040 5249 5754 5052 5242 5138 4881 5155 5107 5206 4966 4848 5121 5112 5209 5151 5092 5071 5242 5177 4736 5149 5081 5084 5369 4605 5025 5296 5073 5303 5318 5133 5304 5236 4979 5173 5533 4878 5393 4998 5352 5160 5248 5459 4994 5010 4884 5061 4971 4693 5507 4502 5247 4855 4913 5156 5185 4949 4904 5396 4973 5120 5079 5182 5384 5183 4882 4952 5038 5309 5019 5048 5255 5174 5365 5546 5496 5390 5072 5176 4693 5224 5006 5115 5064 5200 4799 5020 5300 5333 5399 5007 4544 5285 5131 5256 5047 5403 4764 5514 5181 4932 5376 5052 4905 5015 4631 4934 4833 4917 5038 5395 4907 5235 4948 5271 5231 5199 5272 4923 5601 5110 5528
5277 5753 5545 4926 5296 5476 4979 5213 5172 5500 4978 5133 5124 5339 5314 5218 4936 5633 5408 5309 5066 5205 5115 5124 5318 5017 5009 5263 4806 4915 5314 5334 4784 5340 5336 5073 4983 5345 4941 5592 4849 5462 5494 5443 5092 5014 5342 5455 5545 4946 5313 5581 5209 5370 5483 5365 5495 5055 5206 5000 5108 5575 5376 5550 5505 4994 5175 5593 5085 5224 5115 5257 5319 5379 5169 5375 5173 5343 5099 4921 5413 5099 5319 4645 5324 4652 5434 5182 4820 5394 5308 5167 4984 5279 5263 5375 5059 5767 4921 4932 5079 5362 5212 4841 5442 5562 4782 5381 5381 5125 5236 5630 4505 4824 5441 5045 4717 4632 5213 5415 4770 5283 5440 4804 5166 4800 5398 5044 5035 5650 5112 5294 4999 5016 5149 5582 5447 5244 5163 5301 5199 5124 5217 5152 5141 5261 5272 5262 5358 5170 5021 5183 5022 4994 5023 5007 5160 5523 4928 5219 5487 5082 5807 5357 5202 5101 5502 4754 5380 5614 4908 5285 5000 5558 5022 5292 5452 5303 5051 4908 5170 5081 4911 5254 5074 5185 4870 5259 5379 5248 5098 5229 5494 5105 5273 5195 5344 5333 5580 4895 5076 5060 5432 5058 5015 5283 5395 5270 5407 5446 5552 5121 5303 5066 5361 5288 5035 4844 4718 4737 5296 5126 5254 5188 5398 4796 5412 4873 5654 5526 5639 4986 4942 5296 5072 5267 5228 4737 5374 4877 4916 4992 4930 5231 5371 5083 5704 4868 5098 5194 5028 5239 5263 5589 5275 5608
5480 5806 5848 5190 5554 5769 5345 5126 5160 5681 4952 5465 5489 5107 5699 5350 4963 5708 5715 5551 5355 5434 5189 5146 5761 5322 5538 5523 5285 5186 5563 5461 5540 5605 5315 5429 5434 5444 5528 5603 5278 5712 5297 5780 5306 5356 5327 5631 5908 5413 5669 5606 5575 5563 5757 5977 5854 5372 5453 5389 5558 5872 5605 5574 5825 5236 5357 5691 5690 5952 5765 5537 5468 5556 5502 5527 5331 5444 5200 5046 5590 5537 5362 5041 5652 5180 5759 5370 4869 5304 5621 5546 5172 5425 5707 5742 5259 5917 5106 5414 5177 5584 5568 5104 5868 5648 4995 5646 5395 5465 5746 5654 5020 4987 5319 5331 4937 5093 5471 5745 5116 5435 6001 5371 5367 5093 5380 5295 5689 5705 5198 5490 5360 5185 5685 6084 5337 5574 5445 5353 5537 5405 5617 5612 5693 5714 5889 5500 5715 5438 5318 5657 5405 5170 5291 5196 5203 5520 5189 5495 5933 5263 5610 5596 5488 5677 5472 5331 5297 5870 5128 5468 5380 5841 4962 5476 5695 5680 5176 5738 5589 5492 5412 5765 5215 5737 5017 5460 5563 5440 5642 5272 5611 5111 5536 5656 5711 5534 5801 5076 5224 5329 5734 5459 5317 5568 5580 5591 5864 5732 5614 5596 5519 5181 5601 5239 5638 5401 5204 5186 5554 5664 5468 5581 5505 4926 5734 5106 5832 5764 5827 4965 5728 5595 5369 5434 5429 4860 5502 5189 5589 4993 5079 5440 5903 5344 6065 5570 5703 5385 5612 5601 5416 5879 5570 6135
5339 5738 5762 4877 5659 5565 4819 5151 5125 5922 5122 5267 5387 5255 5005 5458 5261 5409 5497 5480 5279 5342 5383 5076 5388 5189 5330 5178 5369 5155 5684 5450 5217 5462 5090 5242 5041 5340 5533 5669 4822 5765 5346 5806 5128 5073 5246 5473 5531 5084 5393 5849 5292 5258 5464 5649 5935 5251 5347 5123 5335 5710 5260 5751 5546 5111 4994 5446 5277 5250 5405 5552 5473 5119 5156 5374 5145 5451 5049 4929 5320 5564 5091 4830 5471 4979 5730 5189 4727 5218 5400 5826 5000 5281 5306 5582 4859 5841 5018 5274 5130 5592 5454 5163 5373 5413 5018 5594 5189 5314 5542 5826 4773 4835 5303 5342 4960 4967 5257 5743 4983 5239 5748 4900 5560 5133 5159 5102 5274 5562 4991 5056 4999 5097 5030 5742 5418 5392 5454 5037 5450 5328 5334 5389 5328 5363 5705 5366 5529 5414 5089 5588 5459 5139 5397 5242 5453 5687 5058 5252 5762 5297 5812 5350 5223 5292 5537 4945 5318 5740 5216 5388 5318 5649 4871 5561 5633 5333 5139 5040 5324 5243 4993 5541 4944 5468 4999 5104 5464 5393 5398 5118 5597 5405 5229 5255 5314 5649 5606 5224 5044 5255 5528 5283 5157 5201 5331 5198 5546 5968 5625 5584 5493 5000 5594 5282 5421 5224 5043 4843 5149 5439 5527 5519 5445 4911 5504 4852 5659 5501 5844 4880 5401 5368 5082 5501 5256 4673 5434 5039 5401 5111 5068 5147 5808 5277 5529 5266 5459 5486 5345 5415 5307 5875 5435 5667
5172 5289 5217 4895 5045 5416 4658 5009 4770 5288 4516 4901 4901 4593 5158 5146 4921 5108 5451 5016 5054 5199 4726 4854 5078 5046 5305 5020 4996 4783 5205 5172 4723 5063 5144 4964 4953 4853 4904 5117 4794 5188 5013 5664 5124 5041 4903 5123 5390 4764 5193 5408 5231 4860 5076 5111 5271 4999 5007 4962 5202 5138 4958 5464 5063 4800 5001 5052 5193 5338 5050 5203 4872 5316 4949 5356 5129 5181 4993 4876 5253 5074 5331 4777 5131 4767 5233 4807 4633 4847 5234 5185 4920 5087 5031 5282 4892 5505 4709 4903 4518 4936 4855 4611 5583 5300 4565 5177 4860 4965 5239 5322 4755 4492 5064 4906 4359 4706 5099 5346 4840 4801 5536 4610 5225 4748 5082 4791 4857 5178 4745 4966 4813 4968 5057 5492 4889 5086 5143 5183 5199 5258 5117 5068 4951 5363 5270 5026 5137 4967 4915 5164 4980 5007 5071 5162 4977 5452 5051 4801 5487 5027 5470 5136 5362 4952 5215 4851 4963 5518 4737 5098 5173 5221 4833 5096 5345 5227 4892 4831 5097 4941 4880 5261 4689 5482 4565 4944 5588 5028 4988 4884 5218 5012 5002 4970 4859 5432 5423 4951 4558 4851 5084 4847 4835 5196 5396 4938 5041 5421 5463 5002 5174 4603 5086 5045 5054 4985 4880 4680 5000 5351 5237 4915 5240 4775 5065 4637 5216 5326 5564 4849 5214 5078 4955 5216 4854 4548 5003 4476 5008 4803 4622 4892 5397 4796 5426 4885 4908 4991 5036 4941 5085 5155 5031 5563
5307 5364 5476 5038 5448 5431 4927 5244 5237 5369 4881 5340 5289 5273 5601 5401 4891 5480 5561 5381 5377 5366 5262 5056 5498 5120 5203 5141 5171 4930 5472 5280 5045 5349 5443 5275 5166 5228 5165 5329 4939 5541 5291 5739 5035 5239 5449 5252 5753 4956 5464 5747 5533 5234 5266 5510 5735 4994 5230 5115 5244 5249 5301 5670 5541 5068 4962 5681 5381 5409 5237 5451 5199 5364 5085 5376 5150 5454 5112 5126 5425 5439 5374 4698 5234 4708 5596 5367 4704 5454 5551 5132 5281 5051 5305 5389 5206 5589 5116 5187 4955 5403 5257 4903 5659 5738 4897 5543 5135 5269 5419 5640 4902 4743 5630 5364 5079 4967 5523 5537 4860 5263 5736 5180 5394 4998 5113 4830 5221 5631 5167 5194 5343 5336 5290 5778 5261 5354 5140 5198 5287 5370 5034 5351 5345 5291 5286 5374 5211 5504 5156 5120 5146 5070 5215 5501 5038 5724 4884 5208 5433 5016 5398 5282 5320 5148 5524 4909 5531 5595 5155 5530 5214 5672 4929 5229 5359 5293 4930 5150 5421 5192 5275 5485 4657 5594 4833 5236 5500 5697 5266 5303 5647 5103 5497 5538 5182 5524 5470 4913 5237 5313 5364 5031 5120 5511 5248 5239 5536 5515 5392 5339 5373 4875 5344 5233 5207 5309 4867 5077 5340 5068 5493 5464 5392 4685 5095 4994 5362 5354 5642 4952 5324 5471 5119 5263 5161 5130 5385 4868 5289 4686 5116 5228 5736 5251 5720 5163 5517 5101 5083 5548 5325 5739 5143 5434
4939 5327 5139 4886 5157 5284 4678 4661 4909 5257 4814 5038 5087 4619 4947 4923 4730 5277 5088 4803 4649 4919 4651 4737 4980 4768 5085 5094 4771 4913 5036 4876 4637 4952 4964 4980 4687 5026 5150 5122 4718 5438 5094 5417 4970 4719 5187 5238 5304 4982 5030 5425 5005 5165 4900 5163 5229 4745 4833 5083 4882 5166 4829 5497 5234 4779 4915 5345 5050 5227 4805 5193 5043 4939 4866 5089 4744 4787 4769 4725 4806 5082 4947 4719 4859 4729 5367 5077 4468 4864 4981 4949 4835 4685 5306 5158 4694 5373 4653 4716 4535 5006 5008 4577 5157 5258 4705 5168 4823 4877 5181 5218 4532 4704 5119 4644 4371 4661 4892 5149 4698 4887 5297 4614 4785 4811 4954 4852 4858 5116 4568 4862 4912 4599 4772 5392 4857 5114 5087 5059 4764 4907 5268 4808 4852 5052 5014 4873 4947 5035 4943 5157 4840 4725 4773 4540 4890 5259 5032 4633 5033 4987 5242 4982 4989 4871 5104 4862 5232 5249 4871 5022 4854 5355 4838 4839 5264 5074 4527 4925 4984 5294 4599 5108 4717 5165 4447 4820 5024 4672 5007 4751 5205 4906 5139 5003 5069 5158 5197 4809 4669 5042 5098 4870 4840 4867 5115 4966 5357 5254 4903 5073 4981 4812 5125 4892 4914 4919 4603 4483 4973 4867 4922 5298 5214 4480 5078 4800 4954 4970 5509 4756 5055 4860 4540 5201 4948 4469 5056 4651 5020 4753 4369 4922 5265 4712 5455 4883 5084 4727 5074 5074 4705 5107 4845 5319
5008 5194 5388 4968 5190 5143 4894 4943 4917 5044 4912 4982 5041 5034 5012 4830 5113 5400 5408 5331 5014 4942 5068 4807 5241 4952 5199 5119 4964 4863 5255 5139 4812 4898 5123 4837 4956 5054 5158 5428 4683 5363 5179 5326 4773 4857 5063 5316 5386 4927 5273 5568 5267 5142 5215 5570 5412 5116 4844 4853 5119 5440 4897 5715 5233 4832 4839 5305 5181 5350 5092 5124 4768 5069 5195 5277 4673 5022 5057 4930 5145 5230 5284 4785 4864 4754 5523 5221 4617 5053 5282 4930 4705 4831 5118 5266 4935 5653 4930 4747 4664 5023 5176 4643 5482 5149 4607 5180 4852 5246 5080 5390 4595 4705 5098 4986 4586 4686 5087 5375 4764 4837 5036 4586 4952 4896 4930 4965 4830 5386 4607 5013 4991 5110 5103 5499 5088 4935 5180 4818 5147 4988 5255 4992 4853 5224 4985 5051 4859 4951 4765 4994 5132 4942 5086 5065 4848 5274 4781 5126 5359 5066 5212 5251 5279 4891 5234 5191 5328 5281 4750 5205 4996 5437 4658 5269 5013 5133 4952 4842 5340 5158 4950 5392 4838 5176 4579 5013 5313 4795 5215 4611 5147 4911 5179 5011 5112 5275 5233 4884 4901 4940 5201 5041 5008 5119 5405 4749 5315 5727 5345 5095 5174 4786 5124 4907 5031 5158 5087 4666 4791 5064 5011 4942 5179 4787 4918 4599 5256 5324 5590 4584 5132 5179 5236 4967 4782 4627 4927 4690 5193 4855 4635 5117 5257 4915 5438 4953 5333 4907 4852 5200 4962 5667 5003 5235
4977 5503 5365 5062 5262 5391 4906 5046 4991 5332 5011 5291 5237 4851 5466 5047 4747 5594 5333 4935 4901 5132 4994 4950 5208 5040 5575 5184 4814 4836 5427 5249 5027 5214 5322 5215 5063 5234 4951 5472 4888 5429 5138 5695 5165 5120 5158 5478 5163 4827 5388 5567 5363 4986 5315 5496 5690 5123 5310 4992 5136 5639 5080 5471 5473 5028 4848 5479 5450 5397 5526 5446 5155 5428 5064 5346 5361 5400 5358 4819 5429 5283 5292 4785 5398 4753 5280 5245 4510 5070 5109 5162 4806 5203 5397 5390 4987 5523 5053 4764 4813 5155 5102 4657 5243 5361 4897 5369 5150 5034 5182 5332 4633 4498 5222 5266 4862 4801 5269 5502 4786 4834 5541 4752 5271 4812 5157 5268 5281 5731 4754 5207 5206 5164 5010 5491 5149 5241 5364 5122 5165 5092 5088 5188 5138 5388 5393 5145 5240 5089 4850 5323 5274 5165 5003 5159 5093 5509 4773 5186 5597 5400 5737 5271 5184 5187 5415 5067 5425 5529 4905 5179 5097 5578 4981 5419 5489 5348 4833 5156 5273 5261 4623 5473 5041 5280 4664 5303 5254 4957 5275 5072 5312 4971 5409 5353 5209 5559 5511 5014 5177 5173 5338 5283 5090 5333 5294 5222 5165 5507 5293 5347 5292 4970 5502 5197 5149 4960 4879 4852 4903 5357 5248 5365 5179 4848 5626 4825 5149 5430 5581 4941 5512 5236 5253 5095 5152 4662 5164 4819 5127 4931 4604 5129 5544 5065 5505 5080 5470 5168 5260 5259 5159 5309 5237 5606
5229 5506 5501 4688 5415 5204 4879 5111 5318 5249 4733 4934 5141 4866 5271 5157 5169 5531 5466 5146 5155 5205 5243 4981 5216 5087 5057 5298 5069 4703 5179 5339 5011 5299 5413 5137 5119 5383 5109 5378 4788 5572 5074 5637 4929 4800 5444 5452 5331 4987 5189 5395 5264 5384 5320 5527 5398 4791 5230 5043 5251 5348 5174 5549 5304 5144 5228 5274 5278 5249 5292 5531 5007 5190 5276 5363 5264 5472 4931 4769 5419 5421 5308 4729 5099 4964 5306 5148 4841 5060 4995 5000 4911 5016 5382 5303 5202 5346 5177 4863 4697 5097 5069 4707 5355 5568 4769 5484 4893 5088 5408 5636 4715 4973 5263 5035 4667 4796 5073 5303 4914 4808 5461 4817 5136 4714 5272 4965 4926 5494 5129 4875 5133 5178 5061 5509 5333 5191 5413 5064 5391 5027 5111 5237 4958 5365 5566 5290 5225 4960 5111 5171 5136 5127 5076 4928 4935 5373 5161 5314 5439 5085 5409 5116 5284 5173 5290 4838 4971 5717 4779 5321 4843 5549 5116 5262 5374 5461 4957 4763 5080 5167 4988 5484 4875 5221 4723 4752 5325 5138 5082 5032 5422 5369 5363 5159 5053 5606 5290 4820 4932 4999 5312 4934 4875 5024 5349 5143 5295 5446 5371 5171 5075 4731 5353 5287 5138 4956 4698 4684 5052 5111 5382 5166 5193 4660 5393 4935 5282 5512 5570 4657 5213 5177 4988 5545 5130 4666 5056 4733 5208 4957 4865 5080 5272 4977 5119 4993 5576 5399 5192 5438 5363 5464 5161 5669
5083 5186 4976 4740 5095 4954 4476 4697 4814 5284 4664 4619 5328 4839 4833 4880 4692 5277 5101 4836 4726 4671 4660 4686 4947 4941 4958 4787 4823 4712 5127 4896 4837 5046 4759 4648 4750 5222 4936 5084 4440 5041 4959 5401 4605 4812 4851 4965 4913 4786 5151 5345 5134 4942 4944 5144 5315 4658 4758 4905 5023 5127 4827 5381 4896 4904 4699 4966 4914 5024 4847 4986 4926 5053 4927 5098 4490 4812 4623 4877 5153 5163 4914 4739 5020 4626 5370 4712 4433 4808 5088 4961 4401 4689 4707 4948 4585 5183 4567 4685 4285 4855 4892 4379 5205 5110 4766 4895 4672 4716 5139 5252 4759 4414 5052 4975 4549 4640 5150 5166 4839 4450 5136 4419 5080 4703 4881 4604 4853 5202 4487 4654 4643 5026 4979 5343 4999 4919 4953 4838 5133 5035 5328 4791 4883 4825 5056 4864 5004 4701 4651 4966 5030 4808 4785 4762 4659 5253 4781 4722 5178 4957 5150 4686 5036 4892 5180 4829 5037 5345 4751 5083 4921 5208 4652 4972 4829 4995 4902 4809 4807 4671 4939 5330 4324 5148 4365 4932 5217 4699 5190 4758 4972 4788 5010 4936 4906 4913 5174 4801 4683 4737 5139 4753 4569 4961 5231 4986 5095 5334 5229 4989 4749 4714 5104 4795 4834 4802 4886 4205 4869 5129 5045 4790 4997 4490 4909 4604 5014 4962 5444 4434 5060 4748 4949 4775 4636 4590 4636 4686 4763 4459 4613 4733 5280 4927 5079 4481 4749 4610 4803 5028 4978 5052 4852 4898
5605 6134 5969 5197 5833 6037 5198 5282 5572 6011 5199 5488 5742 5523 5523 5744 5508 5620 5672 5624 5452 5344 5319 5145 5818 5576 5747 5347 5317 5358 5597 5695 5556 5544 5484 5557 5297 5504 5657 5802 5112 5917 5431 6165 5288 5392 5522 5548 5837 5492 5749 6029 5793 5731 5669 5868 6037 5403 5526 5214 5537 5948 5382 5932 5751 5357 5406 5847 5623 5686 5671 5767 5501 5868 5538 5723 5310 5552 5383 5366 5755 5413 5451 5157 5614 5343 5776 5872 5363 5294 5545 5761 5429 5490 5866 5797 5467 5879 5286 5242 5154 5406 5487 4958 5883 5618 5285 5708 5320 5348 5562 5996 5025 5060 5857 5774 5260 4953 5805 5996 4988 5318 5908 5312 5395 5227 5527 5447 5454 5889 5200 5300 5555 5503 5273 6084 5584 5248 5639 5575 5501 5531 5645 5536 5620 5668 5742 5719 5418 5259 5551 5383 5434 5402 5327 5396 5407 5991 5388 5553 5988 5499 5932 5592 5567 5510 5766 5271 5711 6089 5131 5682 5431 6054 5146 6034 5643 5880 5472 5446 5839 5589 5377 5796 5066 5923 5112 5506 5638 5626 5745 5382 6017 5448 5798 5462 5709 5631 5899 5242 5157 5654 5568 5294 5439 5420 5778 5346 5751 5969 5791 5437 5604 5140 5630 5562 5608 5536 5586 5085 5502 5525 5561 5481 5420 4901 5778 5063 5648 5749 6171 5235 5792 5476 5723 5497 5391 5049 5559 4771 5688 5389 5027 5339 5899 5376 5814 5431 5736 5569 5363 5608 5245 5819 5383 5716
5437 5368 5381 4802 5097 5341 4689 4732 5194 5273 4800 4968 5113 4803 5108 5184 4852 5417 5354 4966 4965 5009 5016 5090 5345 5050 5068 5091 4918 4968 5291 5097 5011 5099 5199 5170 4947 5040 5049 5170 4849 5495 5139 5348 4899 4985 4996 5192 5489 4995 5458 5199 5257 5166 5267 5520 5369 5087 5110 5000 5104 5466 5150 5607 5125 4804 4954 5477 5038 5504 5201 5256 5019 5151 4750 5456 5067 5153 4954 4968 5405 5310 5095 4542 5086 4886 5444 5009 4490 4846 5182 5017 4905 4938 5246 5312 4849 5510 4913 4765 4768 5327 5387 4896 5380 5384 4642 5139 4925 4969 5324 5340 4790 4626 5304 5176 4811 4730 5149 5478 4686 4862 5089 4695 5089 4897 4880 4952 5110 5190 4789 5026 4937 4881 5050 5429 5365 5056 5090 4946 5129 5048 4937 5199 5128 5095 5366 5299 5056 5168 5299 5086 5188 4662 5146 4966 4995 5416 4947 5103 5604 5029 5301 5393 5293 5078 5304 4955 5119 5367 4658 5257 5087 5247 4760 5052 5199 5363 5082 5042 5228 5180 4959 5309 5053 5308 4554 5256 5351 5180 5085 5177 5402 5140 5188 5281 5229 5190 5536 5122 4719 5084 5302 5278 5096 5253 5378 5230 5152 5398 5204 5222 5377 4829 5259 5165 5118 5032 4882 4854 5243 4959 5189 4926 5463 4847 5444 4678 5159 5445 5778 4724 5177 4856 5087 5173 5063 4760 5140 4863 5484 4785 4759 5089 5012 5038 5253 5001 5280 5131 5141 5078 5077 5548 4953 5267
5650 5982 5853 5294 5605 5825 5234 5325 5859 5857 5312 5496 5810 5517 5708 5657 5173 5689 5698 5890 5450 5457 5600 5566 5687 5411 5781 5411 5332 5381 5724 5480 5425 5877 5651 5592 5681 5680 5538 5880 5490 6038 5808 6118 5635 5517 5873 5827 6021 5238 5858 5886 5662 5792 5884 5824 6280 5465 5442 5369 5519 5904 5677 5866 5732 5453 5371 5834 5640 5863 5452 5720 5698 5930 5737 6069 5470 5763 5586 5219 5768 5805 5555 5199 5639 5450 5831 5787 4991 5532 5774 5747 5540 5582 5953 5702 5405 5900 5354 5520 5018 5768 5875 5192 6012 5951 5142 5816 5521 5415 5783 6188 5277 5198 5880 5778 5045 5078 5718 5916 5213 5140 5877 5281 5448 5182 5550 5330 5669 5783 5135 5290 5528 5344 5656 6173 5567 5481 5541 5505 5560 5556 5606 5483 5395 5646 5762 5634 5691 5832 5453 5753 5694 5311 5552 5451 5514 5972 5475 5417 6150 5514 5940 5900 5875 5608 5762 5587 5556 6084 5504 5816 5344 5733 5145 5752 5846 5669 5638 5523 6003 5715 5482 6106 5193 5912 5157 5554 5540 5465 5662 5379 6054 5470 5590 5552 5688 5604 6136 5365 5329 5503 5845 5553 5603 5446 5660 5631 6043 5833 6027 5673 6029 5341 5858 5782 5585 5431 5437 5102 5526 5708 5943 5631 5779 5261 5828 5378 5761 5776 6188 5250 5699 5641 5682 5558 5464 5023 5483 5218 5858 5404 5042 5516 5660 5374 5789 5435 5579 5555 5672 5758 5240 5829 5490 5789
5221 5568 5336 4913 5509 5297 4801 4727 5141 5524 4915 5064 4998 5136 5091 5256 4785 5236 5322 5195 5099 5005 5034 4639 5308 5140 4978 5111 4961 4820 5214 5339 4675 5267 5371 5058 4865 5254 5230 5413 4746 5304 5266 5587 4921 5177 5254 5113 5206 4831 5506 5528 5554 5318 4993 5623 5397 4819 5045 5187 5039 5536 5125 5396 5436 4980 4950 5299 5153 5478 5124 5345 5020 4898 5084 5226 5111 5199 5027 4853 5070 5074 4905 4764 5191 4811 5242 5010 4565 5165 5246 5162 4887 4939 5245 5259 4771 5587 4789 4834 4656 4975 5179 4860 5407 5470 4658 5275 5015 4998 5107 5551 4649 4615 5013 5189 4710 4564 5076 5177 4994 4857 5622 4609 5163 4846 4997 4832 5221 5495 4578 5016 5026 4949 5255 5531 5310 5087 5206 5250 4885 4899 4984 5320 5203 5268 5423 5114 5076 5078 4971 5234 5172 4936 5185 5022 5139 5676 4923 5024 5243 5088 5439 5170 5246 5254 5391 4891 5327 5590 4942 5224 5011 5575 4845 5093 5163 5155 4939 4987 5171 5068 5076 5275 4852 5457 4590 5019 5549 5058 5167 5039 5362 4966 4992 5224 5236 5121 5252 4953 5023 4994 5349 5145 4913 5458 5189 4883 5413 5171 5077 5094 5139 4919 5109 5059 5191 4893 4854 5096 5223 5151 5304 5190 5412 4763 5268 4645 5185 5251 5753 4633 5202 5298 5172 5302 5288 4874 5113 4843 5304 4577 4698 5039 5228 5172 5334 5102 5156 5085 5189 5362 5022 5571 4886 5351
5317 5494 5516 4860 5467 5275 5103 5010 5098 5659 5029 5212 5408 5049 5322 5205 5289 5499 5390 5409 4811 5098 4929 4916 5322 4946 5130 5253 4914 5155 5256 5514 5086 5301 5118 5174 5066 5035 5214 5417 5056 5539 5074 5641 5100 4967 5230 5270 5381 5064 5522 5757 5549 5594 5392 5437 5941 4867 4912 5055 5367 5453 4856 5833 5394 5011 5086 5259 5189 5270 5280 5453 5248 5372 5223 5241 5099 5534 5233 4913 5311 5353 4993 4860 5153 5120 5671 5262 4648 5201 5358 5261 4801 5291 5156 5443 5092 5585 4735 5052 4731 5142 5388 4896 5222 5440 4881 5414 5349 5190 5480 5503 4515 4961 5356 5218 5086 4572 5181 5296 5113 4940 5482 4748 5311 5055 5352 5077 5291 5268 4748 5200 5004 5204 5230 5751 5332 4925 5263 5137 5221 5186 5046 5370 5125 5329 5417 5403 5476 5239 5101 5377 5245 5218 5289 5219 5344 5183 4809 5041 5623 5396 5600 5246 5133 5306 5384 5268 5342 5697 4927 5318 5318 5389 4802 5194 5242 5293 5270 5225 5464 5301 5032 5466 4735 5220 4847 5151 5359 5254 5120 5037 5556 4938 5077 5211 5123 5383 5745 5321 4954 4989 5359 5271 5135 5598 5448 5225 5305 5426 5298 5234 5338 5046 5443 5248 5342 5168 4918 4717 4966 5252 5448 5159 5459 5143 5268 4764 5226 5309 5675 4864 5378 5028 5145 5408 5162 4548 5004 5023 5443 5082 4952 4978 5404 5311 5230 5211 5602 4830 5173 5509 5263 5659 5071 5302
4818 5507 5267 4594 5275 5104 4742 5042 5225 5233 4628 4815 5249 5016 5067 4928 4966 5457 5038 5087 4903 5070 4905 4949 5050 4761 5129 4960 4965 4971 5098 5048 4943 5170 5164 4903 5163 5063 5175 5167 4890 5376 5356 5400 4825 4771 5079 5247 5373 4657 5375 5582 5268 5608 5181 5333 5485 4824 4847 5113 5035 5407 4845 5399 5355 5046 4887 5080 5158 5440 5167 5337 5029 5219 4865 5109 4809 5207 4980 4900 5181 5348 5070 4794 5155 4762 5293 5204 4770 4957 5548 5214 4934 4943 5344 5351 4902 5542 4997 4874 4600 5067 5258 4668 5333 5392 4676 5168 4801 5002 4803 5399 4564 4757 5338 5189 5004 4668 4948 5462 4792 4956 5409 4834 5153 4708 4978 4917 5042 5329 4768 4819 5123 5000 5028 5673 5106 5026 5077 5097 5057 5014 4896 5143 5107 5208 5215 5272 4939 4941 5298 5142 5158 4915 5024 5226 4771 5363 4860 4966 5533 5048 5338 5109 5258 4929 5337 4884 5091 5372 4789 5241 5037 5435 4697 5055 5198 5161 5029 5015 5142 5449 4846 5392 4662 5311 4517 5072 5020 5148 5484 4801 5289 4803 5031 5098 5085 5308 5087 4698 4689 5037 5341 4966 4844 5328 5176 4873 5514 5284 5222 4981 5349 4823 5066 5114 5123 4924 4851 4497 4976 4992 5308 5057 5136 4737 4954 4891 4938 5299 5594 4678 5133 5074 4969 5016 4881 4802 5193 4818 5271 4831 4610 5027 5312 4780 5135 5151 5400 4940 4967 5258 5066 5323 5136 5305
5372 5551 5306 4941 5438 5365 4849 5180 5259 5345 4654 5076 5493 5184 5050 5253 4992 5294 5331 5277 5039 5157 4878 4992 5474 5047 5415 5052 4803 4726 5335 5192 4756 4970 5356 5248 4965 5087 5105 5395 4934 5731 5339 5835 4835 4912 5104 5309 5458 4830 5539 5755 5505 5360 5187 5243 5542 5030 4975 5132 5275 5614 5159 5732 5460 5090 5043 5368 5142 5255 5122 5305 5057 5161 4975 5128 4947 5261 5019 5217 5451 5201 5195 4876 5397 4664 5642 5312 4649 5005 5332 5126 4921 4857 5216 5323 4832 5254 4938 4649 4603 4961 5167 4727 5281 5474 4855 5181 5164 5143 5016 5421 4679 4539 5407 5178 4933 4980 5236 5493 4712 5002 5528 4796 5215 4764 5140 4970 5027 5410 4616 5163 4961 4895 4947 5428 5339 5106 5209 5409 4957 5066 5379 5108 5191 5177 5280 5359 5182 4986 4755 5412 5143 4976 4953 5115 5215 5298 4898 4924 5498 5005 5556 5253 5415 5024 5306 4981 5140 5583 4999 5265 5066 5519 4913 5329 5160 5285 5295 5172 5258 5261 4906 5490 4784 5559 4854 5136 5367 4970 5002 5010 5346 5120 5507 5136 5118 5303 5284 4862 5028 4827 5291 5145 5004 5115 5081 5273 5468 5202 5451 5121 5252 4819 5324 5163 5132 5172 4963 4868 4969 5225 4889 5109 5170 4885 5351 4859 5323 5236 5744 4964 5205 5353 5091 5171 5161 4730 5088 4630 5116 4979 4913 4987 5068 5015 5494 4871 5400 5071 5071 5456 5056 5796 5202 5631
5289 5705 5516 5110 5585 5515 4765 5016 5137 5448 4972 5055 5357 5023 5785 5245 4958 5699 5530 5159 5243 5175 5422 5185 5376 4962 5119 5174 5080 5077 5671 5041 5079 5168 5377 5331 5091 5366 5377 5501 4892 5606 5370 5664 5116 5073 5403 5469 5554 5238 5635 5806 5218 5347 5242 5419 5577 4932 5223 5194 5290 5566 5264 5679 5521 5066 4934 5302 5051 5221 5215 5365 4954 5538 5372 5434 4915 5153 5111 4915 5290 5321 5229 4812 5182 5082 5615 5302 4897 5000 5497 5086 5179 5114 5264 5341 5203 5566 5114 4781 4796 5176 5292 4738 5732 5615 4862 5376 5165 5278 5369 5558 4713 4713 5593 5221 4896 4907 5424 5727 5005 5039 5280 5091 5180 5060 5051 5007 5213 5243 4723 4776 5168 5201 5152 5615 5499 5235 5055 5292 5378 5484 5252 5235 5244 5358 5294 5296 5458 5319 5242 5352 5145 5321 5110 5312 5214 5732 4868 5071 5885 5100 5543 5396 5386 5316 5360 5065 5271 5555 4979 5139 5204 5704 4780 5342 5573 5189 5098 5141 5365 5159 5052 5375 5127 5380 4741 5226 5371 5386 5242 5227 5399 5221 5339 5247 5413 5439 5463 4838 4859 5199 5410 5144 5133 5227 5381 4972 5745 5442 5402 5128 5228 4852 5327 5422 5377 5016 4987 4602 5259 5224 5383 5380 5388 4778 5259 5084 5354 5596 6027 4760 5330 5175 5403 5410 5152 4765 5488 4779 5246 4850 4846 5133 5778 5232 5652 5207 5466 5331 5141 5267 5222 5494 5315 5638
5409 5588 5534 5076 5684 5717 5113 5080 5483 5807 5220 5295 5455 5290 5539 5305 5024 5701 5553 5456 5167 5277 5325 5028 5451 4994 5497 5444 5242 5023 5452 5356 4981 5313 5423 5377 5179 5563 5334 5744 4973 5755 5437 5737 5312 5309 5447 5331 5719 5574 5455 5918 5532 5389 5465 5709 5780 4939 5155 5153 5476 5512 5391 5698 5536 5430 5407 5512 5595 5615 5462 5684 5281 5379 5207 5325 5139 5424 5311 5167 5685 5258 5499 4951 5377 5205 5712 5321 4893 5205 5423 5439 5072 5238 5590 5497 5226 5679 5118 5160 4893 5128 5391 4926 5543 5518 4883 5478 5225 5196 5228 5762 4781 4957 5596 5191 4985 4799 5282 5818 4942 5330 5722 5028 5074 4897 5600 5068 5241 5643 5065 5378 5120 5223 5253 5892 5514 5575 5518 5271 5437 5110 5407 5160 5247 5577 5512 5483 5362 5334 5306 5356 5527 5065 5241 5444 5428 5693 5274 5078 5805 5380 5862 5465 5292 5435 5432 4926 5344 5708 5006 5316 5148 5840 4863 5513 5578 5591 5275 5278 5456 5599 5153 5479 5044 5643 4881 5363 5520 5299 5424 5349 5679 5449 5595 5248 5525 5459 5493 5013 5286 5375 5363 5125 5347 5503 5642 5232 5583 5919 5524 5511 5214 5133 5379 5363 5219 5380 5267 4958 5163 5664 5399 5461 5178 4769 5507 5005 5440 5776 5793 4948 5519 5225 5373 5662 5101 5045 5322 4947 5474 5125 5022 5104 5562 5362 5759 5233 5696 5413 5320 5431 5029 5945 5412 5945
5197 5447 5852 5175 5520 5606 5030 5192 5432 5615 4950 5191 5358 5352 5523 5343 4974 5620 5641 5443 5256 5474 4955 5169 5368 5087 5171 5189 5228 5123 5609 5519 5038 5582 5425 5157 5307 5498 5438 5675 5079 5768 5533 5912 5045 5176 5357 5454 5658 4931 5522 5565 5497 5658 5400 5645 5690 5097 5370 5397 5464 5594 5371 5657 5502 5133 4908 5487 5491 5632 5510 5563 5239 5256 5209 5417 5211 5554 5193 4823 5400 5576 5411 5101 5500 5092 5521 5434 4883 5180 5623 5193 5188 5254 5705 5631 4934 5388 5232 5216 5004 5374 5339 5014 5666 5716 4931 5596 5128 5066 5430 5617 5001 4915 5557 5512 4997 4986 5565 5699 5173 5217 5731 5292 5323 4981 5271 5009 5237 5671 5142 5152 5224 5207 5406 5677 5229 5380 5344 5398 5273 5194 5247 5625 5335 5657 5830 5356 5436 5429 5261 5343 5330 5092 5154 5141 5243 5581 4958 5106 5565 5368 5649 5659 5380 5380 5642 5390 5556 5747 4934 5700 5421 5822 5040 5554 5572 5439 5156 5267 5515 5382 5154 5562 4924 5486 4775 5319 5456 5513 5233 5096 5865 5198 5275 5517 5354 5498 5579 5026 5262 5335 5467 5409 5011 5449 5485 5413 5642 5650 5442 5335 5406 5014 5541 5209 5086 5223 5241 5048 5320 5282 5398 5689 5509 4870 5264 4967 5589 5513 5801 4779 5428 5427 5134 5491 5464 4880 5387 4717 5226 4913 4834 5055 5744 5353 5740 5467 5516 5108 5482 5433 5187 5697 5346 5490
5106 5387 5184 4447 5077 4970 4701 5040 4824 5302 4886 4860 4811 4476 4974 4989 5000 5325 4855 4872 4630 4974 4793 4913 4983 4988 5087 5076 4691 4656 5014 4904 5077 4984 4959 4548 4916 4879 5116 5093 4515 5043 4962 5364 4741 4909 4855 5323 5167 4644 5385 5180 5222 5164 5035 5190 5600 4847 4994 5079 5116 5390 4790 5312 5122 4624 4845 4965 4956 5171 5016 5291 4695 5187 4739 5080 4982 5031 4738 4809 4904 4906 5149 4713 4969 4698 5331 5031 4525 4974 4872 4989 4823 4934 5167 5095 4590 5298 4873 4622 4421 4818 4807 4542 5228 5174 4506 5216 5005 4838 4781 5190 4562 4674 5207 4648 4434 4635 5146 5524 4762 4869 5253 4883 5294 4579 4863 4841 4806 5206 4562 4802 4885 4792 4874 5479 4904 4939 5111 4956 5045 4997 5065 4939 5120 4980 5298 5069 4984 5054 4937 5247 5177 4879 4759 4862 4825 4989 4783 5037 5295 4979 5257 5239 5150 5110 5187 4717 4931 5325 4805 5125 4902 5058 4838 4869 5198 4977 4818 5099 4968 4962 4554 5289 4530 5030 4448 4828 5159 4959 5020 4839 5312 4786 4653 4741 4965 5449 5270 4786 4332 4809 5353 4777 4965 5162 5100 4760 5156 5302 5050 4947 5170 4613 4949 4846 4901 4935 4800 4683 4860 5116 5078 5165 4894 4820 4912 4802 5166 5140 5387 4662 5214 5054 4828 5247 5202 4727 5190 4831 5039 4569 4516 4997 5275 4966 5202 5221 5111 4788 4831 5124 4922 5343 5259 5225
5366 5510 5487 4975 5451 5411 5038 5476 5178 5622 5020 5183 5126 5216 5420 5235 5071 5699 5604 5442 5163 5148 5165 5222 5454 5002 5503 5394 5252 5193 5547 5259 5197 5596 5144 5269 5188 5201 5561 5613 4672 5350 5378 5899 5407 5094 5290 5455 5583 5083 5757 5723 5399 5359 5520 5532 5637 5154 5355 5396 5475 5453 5336 5675 5594 5067 5158 5719 5590 5342 5335 5794 5393 5659 5233 5533 5205 5130 5191 4854 5694 5646 5143 5040 5498 5094 5566 5212 4607 5481 5403 5296 5207 5078 5409 5482 5216 5763 5008 5069 4966 5648 5446 4953 5647 5352 5155 5727 5265 4951 5419 5650 4822 4841 5325 5168 4901 4967 5336 5586 5156 5119 5570 5071 5279 5118 5263 4954 5306 5673 5057 5142 5296 5213 5504 5749 5481 5317 5584 5605 5459 5486 5472 5093 5244 5618 5475 5348 5219 5280 4919 5547 5356 4973 5383 5385 5315 5517 4912 5248 5616 5423 5802 5151 5531 5353 5662 5214 5685 5463 5086 5483 5312 5696 5045 5556 5514 5539 4911 4998 5326 5188 5200 5615 4918 5590 4782 5185 5657 5371 5163 5296 5436 5215 5297 5354 5354 5633 5767 5129 5112 5145 5565 5194 5131 5564 5622 5463 5694 5910 5638 5399 5499 4953 5448 5281 5451 5348 5265 4979 5309 5265 5757 5136 5644 4899 5209 5072 5195 5541 5822 5166 5252 5482 5349 5551 5092 4919 5271 4756 5404 4985 5101 5446 5535 5454 5799 5352 5504 5280 5495 5672 5402 5653 5149 5649
5309 5787 5515 4945 5592 5192 4828 5029 5252 5664 4819 5099 5445 5097 5306 5361 5033 5402 5624 5656 5154 5410 5317 4869 5348 5137 5000 5297 5099 4892 5347 5471 5221 5273 5181 5112 5104 5351 5505 5362 4805 5606 5280 5534 5098 5045 5102 5394 5521 5285 5470 5720 5690 5286 5306 5288 5926 5242 5130 5255 5441 5492 5459 5687 5533 5093 4951 5317 5511 5394 5331 5434 5074 5126 5044 5360 4974 5297 5293 5140 5343 5209 5183 4774 5457 5165 5769 5518 4680 4946 5400 5300 5010 5261 5269 5524 5048 5684 5117 5105 4837 5142 5299 4966 5576 5504 5009 5469 5185 5136 5198 5611 5114 4863 5404 5153 4975 4903 5696 5593 5275 4903 5884 4853 5119 4960 5175 4850 5236 5351 4840 5355 5077 5324 5410 5832 5363 5453 5365 5258 5122 5038 5296 5300 5355 5611 5382 5346 5220 5342 5136 5741 5384 5202 5364 5207 5209 5632 5118 5047 5623 5392 5613 5439 5377 5155 5682 5082 5344 5715 5033 5582 5119 5712 4970 5426 5506 5215 5145 5147 5388 5210 5091 5415 5007 5490 4740 5183 5443 5391 5408 4881 5518 5089 5219 5419 5347 5556 5487 5294 5088 5227 5396 5097 5141 5319 5324 5206 5616 5509 5269 5211 5386 4926 5465 4954 5511 5180 5183 5000 5217 5323 5527 5565 5420 4917 5312 4864 5419 5556 5615 4857 5698 5250 4899 5337 5197 5035 5327 4946 5618 4990 5081 5129 5498 5054 5646 5048 5509 5263 5475 5430 5294 5678 5288 5601
5334 5499 5341 4790 5464 5407 5039 4852 5030 5536 4659 4869 5013 5086 5363 5446 4745 5507 5501 5192 5035 5093 5088 5249 5423 5023 4993 5170 4837 4834 5450 5172 4958 5146 5099 4890 4773 5300 5081 5363 4712 5476 5219 5463 5150 5029 5278 5159 5513 5053 5238 5547 5253 5129 5050 5379 5699 4834 4862 5016 5298 5453 5022 5420 5324 4908 4838 5510 5362 5233 5165 5244 5045 5168 5198 5234 5121 4969 4992 4757 5246 5510 5312 4866 5139 4723 5542 5169 4645 5001 5235 5427 4966 5006 5200 5138 4893 5490 4926 5169 4832 5013 5047 4795 5353 5451 4800 5281 4947 5521 5271 5560 4716 4680 5214 4908 4678 4626 5478 5558 4963 4884 5351 4733 4921 4897 4955 4853 5145 5482 4475 5018 4996 5031 4810 5559 5248 5141 5186 4859 5114 5012 5055 5160 4943 4890 5171 5241 5063 5184 4927 5049 5170 5239 5369 5056 5100 5530 4938 4898 5467 5153 5343 5423 5293 5046 5417 4842 5056 5664 4756 5143 5175 5381 5001 5199 5570 5232 5129 5231 5071 5316 5010 5447 4882 5363 4678 4796 5390 5185 5472 5007 5155 4938 5189 4979 5104 5357 5388 5122 4912 5063 5247 5164 5081 5307 5149 4854 5202 5417 5334 5293 5069 4836 5300 5055 5064 5045 4773 4709 4825 5258 5241 5339 5257 4646 5284 4772 5327 5360 5631 4566 5291 4854 5264 5290 4826 4664 5165 5028 5213 4757 4680 5140 5409 5105 5434 5100 5259 4896 5261 5181 4897 5415 5189 5477
5109 5470 5496 4945 5448 5135 4692 4761 5000 4934 4811 4910 5074 5002 5372 4935 4736 5318 5398 5159 4713 5005 4942 4952 5230 4886 5094 5067 4746 5081 5383 5126 4958 5220 5185 5071 4933 5221 5177 5316 4863 5273 5066 5398 4844 4993 4874 5346 5478 4999 5283 5528 5202 4865 5344 5337 5741 5195 5153 5026 5241 5214 5122 5520 5371 4826 4871 5254 4993 5365 5130 5140 4799 5335 4989 5266 5075 5184 5152 4779 5093 5128 5146 4645 5393 4876 5420 4929 4828 5112 5176 5070 4855 5033 5511 4920 4629 5256 4980 4700 4553 4995 5298 4616 5526 5374 4904 5013 4845 5098 5307 5416 4794 4765 5522 5236 4701 4911 5057 5105 4952 4918 5401 4878 5364 4768 5188 5013 4982 5343 4436 4992 5094 5077 5324 5838 5203 5032 5221 4980 5345 5145 5253 4969 4969 5184 5269 5257 5008 5147 4910 5320 4944 5081 4806 5200 5065 5233 4620 4871 5369 5122 5441 5402 5147 4996 5304 4890 5020 5425 5062 5229 4988 5245 4956 5248 5255 5154 4913 5063 5211 5146 4747 5180 4998 5392 4648 4687 5203 5108 5106 4951 5314 4783 5117 5048 5281 5254 5198 4808 4690 4982 5310 4892 4952 5140 5190 5263 5321 5362 5267 5248 5132 4815 5235 5122 5221 4796 5041 4746 5219 4967 5186 5274 5109 4652 5346 4912 5295 5254 5745 4671 5284 4987 4958 5378 4854 4729 5018 4523 5166 4897 4744 5109 5443 5008 5344 5185 5096 4920 5090 5302 5186 5446 5084 5424
4959 5039 4929 4666 5222 5029 4472 4691 4693 4934 4617 4617 5061 4846 4752 4795 4503 4972 5265 4715 4715 4587 4685 4463 5118 4807 5160 4612 4734 4621 5160 4813 4741 4951 4724 4578 4659 4968 5179 5219 4294 5116 4628 5329 4470 4448 4843 4964 5058 4857 4876 5039 5066 5022 4888 5397 5195 4627 4852 5086 4845 5008 4817 4997 4963 4786 4444 4716 4937 4695 4743 4980 4714 4939 4626 5116 4327 4777 4442 4535 4944 4833 4811 4514 4969 4838 5178 4808 4293 4722 4753 4870 4791 4714 4938 4635 4504 5055 4513 4747 4420 4715 5179 4521 5027 5161 4665 4853 4638 4669 5026 5043 4469 4530 4851 4750 4589 4411 4844 4794 4801 4669 5308 4328 4955 4495 4809 4546 4760 4976 4345 4591 4603 4780 4948 5231 4927 4734 4760 4777 4828 4732 4808 4687 4650 5009 5012 4702 4729 4969 4790 4980 4718 4738 4703 4681 4571 4952 4646 4741 5126 4436 5124 5040 4813 4964 4785 4705 4721 5297 4847 4956 4665 5158 4557 4879 4893 4782 4625 4793 5096 4802 4755 5215 4655 5225 4343 4531 4968 5017 5164 4495 4960 4682 4966 4774 4975 5003 5093 4651 4513 4747 4871 4664 4544 4858 4928 4593 4987 5058 5003 5030 4582 4725 5068 4851 4739 4693 4627 4649 4757 4816 4769 4777 4914 4351 4880 4474 5114 4845 5327 4414 5106 5081 4759 4939 4864 4192 4552 4503 4831 4639 4424 4619 4938 4861 5232 4709 4939 4603 4904 5070 4498 5227 4830 5187
5423 5697 5617 5070 5447 5555 5085 4712 5215 5640 4986 5143 5449 5171 5468 5354 5041 5494 5546 5433 5171 5334 4958 5004 5443 5180 5307 5393 4942 4869 5341 4971 5231 5262 5142 4953 5150 5234 5291 5710 5085 5340 5456 5725 5238 5264 5201 5176 5813 5110 5445 5654 5386 5037 5257 5467 5525 5208 5316 5356 5457 5172 5289 5445 5413 4993 4976 5469 5518 5554 5337 5341 5107 5321 5317 5324 5271 5102 5158 4953 5331 5290 5394 4914 5577 4819 5625 5283 4728 5092 5462 5420 4923 5400 5526 5418 4929 5406 5065 5179 4843 5215 5448 4877 5631 5620 4850 5305 5262 5360 5382 5650 5002 5062 5130 5347 4598 4800 5595 5466 4894 4802 5727 5015 5356 4981 5217 5060 5270 5516 5117 5465 5102 5306 5296 5965 5150 5309 5095 5173 5381 5352 5360 5283 5379 5357 5497 5436 5499 5307 4935 5126 5034 5135 5279 5523 5330 5402 4979 5131 5597 5231 5424 5499 5188 5235 5519 5187 5251 5755 5013 5463 5123 5579 4999 5570 5290 5378 4867 5379 5330 5393 5186 5679 5080 5393 4647 4931 5182 5356 5439 5139 5476 5179 5346 5266 5418 5430 5479 5145 4890 5208 5443 5247 5177 5163 5635 5322 5409 5400 5523 5134 5410 5315 5418 5220 5329 5184 5288 5001 5186 5340 5285 5286 5377 4952 5334 5004 5356 5528 5726 4703 5496 5281 5263 5474 5137 4982 5253 4979 5045 4882 4752 4873 5399 4901 5614 5082 5474 4983 5267 5410 5211 5596 5137 5502
5009 5267 5548 4811 5163 5399 5061 5030 5119 5432 5064 5153 5248 4901 5233 5227 4759 5404 5395 5396 4827 5319 4713 4835 5166 4875 5081 5040 5173 4954 5380 5403 5185 5428 4897 4965 5184 5196 5128 5120 5013 5523 5007 5216 5182 4821 5165 4986 5555 5074 5144 5465 5383 5224 5220 5296 5658 4797 4903 5019 4888 5153 5370 5504 5343 5015 4939 5446 5166 5580 5143 5261 5057 5198 4983 5351 4823 5472 5002 5220 5435 5381 5360 4601 5235 5004 5504 5141 4792 4976 5355 5142 4841 5085 5518 5524 5070 5298 5022 4949 4760 5278 5148 4868 5465 5318 4694 5515 5052 4754 5422 5385 4817 4561 5356 5073 4974 4789 5212 5363 4960 4876 5417 4710 4937 4889 5295 4882 5034 5352 4827 5064 5194 4818 5079 5656 5146 5350 5319 4975 5112 4935 5268 5115 5341 5200 5395 5052 5288 4918 5353 5319 5253 4890 4941 5137 5096 5402 4826 5153 5519 5142 5255 5307 5076 5359 5169 5010 5284 5510 4787 5101 5026 5351 5119 5197 5173 5360 5100 4856 5400 5231 4983 5406 4752 5396 4506 5316 5258 5258 5244 5014 5476 5064 5040 5249 5166 5222 5506 5043 4818 5255 5293 5188 5062 5213 5563 5165 5400 5550 5243 4867 5279 4917 5291 5022 5163 4853 4914 4829 5038 5248 5165 5409 5288 4672 5457 4785 5243 5204 5417 4829 5359 4829 4998 5068 5092 4815 5110 4670 5340 4835 4771 5081 5571 5042 5356 4891 5540 5012 5112 5439 4913 5446 5049 5491
5133 5679 5583 4829 5515 5477 4950 5183 4884 5324 4907 5108 5360 5207 5249 5147 5143 5399 5328 5495 5016 5161 4982 4934 5229 4816 5042 4969 5036 5202 5277 5125 4933 5572 5178 5179 4878 5247 5191 5644 4863 5906 5229 5472 4925 4857 5282 5213 5670 5083 5292 5416 5506 5045 5053 5584 5630 5081 4952 5166 5242 5337 5348 5351 5430 5051 5011 5295 5028 5496 5443 5256 5200 4930 4941 5314 5063 5386 4827 4941 5132 5289 5066 4639 5359 4791 5443 4968 4639 4942 5485 5173 4830 5127 5348 5347 4872 5591 4939 4851 4770 5464 5312 4923 5150 5404 4693 5225 4883 5219 5258 5687 4912 4919 5095 5200 4537 4884 5292 5279 4877 4998 5635 4668 5047 5126 5124 4643 5236 5205 4782 5102 5145 4873 5148 5710 5329 5393 5132 5335 4965 5039 5130 5175 5317 5421 5329 5401 5336 5392 5066 5419 5428 4946 5253 4931 5236 5425 4913 4735 5529 5012 5612 5452 5340 5126 5515 5376 4912 5678 4906 5213 5135 5485 4841 5340 5187 5036 5108 4996 5438 5188 4922 5406 5115 5369 4864 5246 5274 5127 5263 4924 5424 5221 5251 5193 5000 4986 5476 4912 4919 4967 5238 5272 5338 4994 5310 5106 5430 5452 5593 5397 5382 5006 5286 5220 5387 4870 4729 4850 4971 5244 5203 5176 5466 5257 5244 4924 5551 5404 5768 4645 5081 5099 5225 5261 5060 4505 5078 4981 5259 5012 4849 5034 5296 4980 5355 5175 5329 5210 4975 5262 4995 5642 4917 5569
5377 5630 5632 5109 5532 5325 5056 4916 5277 5560 5171 5352 5445 4990 5600 5402 4917 5331 5549 5527 5226 5285 5260 4930 5466 5254 5148 5410 5296 5060 5339 5306 4923 5447 5437 5315 5148 5377 5511 5660 4936 5728 5412 5771 5269 5023 5245 5435 5782 5094 5697 5771 5415 5520 5497 5669 5725 5129 5259 5316 5449 5802 5459 5457 5339 5171 5321 5596 5364 5774 5325 5555 5142 5571 5230 5473 5352 5349 5385 5004 5406 5616 5126 4765 5297 5182 5561 5103 4727 5147 5501 5410 5172 5174 5498 5522 5072 5848 5090 4895 4852 5530 5308 4843 5578 5480 5076 5466 4990 5335 5552 5821 4878 5043 5353 5233 4801 4924 5399 5741 4901 5118 5701 4988 5309 5084 5334 4889 5396 5529 5063 4988 5196 5135 5159 5819 5519 5210 5548 5360 5494 5384 5223 5031 5132 5731 5709 5274 5581 5382 5075 5453 5266 4963 5211 4979 5238 5509 5203 5143 5615 5310 5799 5522 5460 5235 5452 5160 5122 5478 5114 5416 5234 5542 5192 5295 5562 5517 5131 5337 5452 5282 5168 5599 5127 5548 4859 5265 5609 5372 5091 5235 5622 5291 5129 5456 5217 5626 5585 5034 5154 5316 5411 5236 5211 5281 5549 5380 5538 5585 5308 5546 5439 5055 5453 5319 5201 5203 5187 5077 5459 5368 5519 5410 5643 4858 5475 4966 5441 5405 5885 5199 5563 5563 5329 5642 5306 4935 5360 5063 5384 5065 4829 5179 5623 5238 5655 5526 5160 5152 5486 5663 5309 5725 5032 5759
4741 4948 4995 4514 4933 4901 4196 4506 4763 5055 4493 4654 4556 4425 4812 4803 4536 4919 4859 4864 4552 4582 4472 4486 4652 4776 4909 4770 4718 4522 4661 4988 4481 4937 4570 4724 4835 4645 4718 5177 4563 4949 4932 5074 4437 4409 4666 4588 5092 4389 4933 5191 5016 4614 4909 5193 5203 4551 4728 4773 4514 4808 4677 5098 4756 4636 4434 4976 4823 4817 4823 5054 4643 4709 4498 4643 4576 5029 4776 4242 4806 4771 4400 4276 4720 4318 4854 5091 4254 4470 4879 4837 4628 4429 4877 4804 4425 4996 4490 4514 4097 4591 4745 4264 4886 5125 4408 4902 4498 4835 4377 5305 4427 4310 4724 4637 4354 3948 5008 4787 4603 4540 5036 4461 4749 4578 4721 4637 4801 5070 4342 4682 4756 4520 4590 5333 4609 4607 4758 4842 4590 4749 4903 4695 4898 4625 4952 4764 4675 4658 4585 4652 4756 4596 4612 4551 4540 5100 4553 4516 5324 4741 5096 4803 4471 4878 4914 4549 4676 5057 4468 4916 4394 5043 4474 5071 4959 4951 4391 4740 4858 4718 4593 4849 4447 4822 4105 4501 4725 4644 4956 4335 5011 4515 4822 4752 4499 4677 4966 4461 4333 4655 4792 4685 4491 4646 4860 4755 5060 4774 4849 4765 4738 4540 4909 4410 4664 4496 4510 4183 4750 4753 4666 4566 4765 4494 4847 4422 4799 4687 4977 4535 4928 4751 4809 4816 4752 4199 4652 4490 4774 4797 4276 4655 5018 4379 4885 4831 5010 4515 4694 5016 4655 5264 4451 4995
5536 5526 5416 5140 5520 5362 5086 5353 5375 5492 5018 5098 5335 5314 5290 5211 5300 5750 5763 5317 5278 5309 5214 5046 5367 5447 5303 5138 5503 5045 5677 5400 5401 5319 5329 5097 5220 5236 5606 5614 4972 5797 5322 5620 5157 5294 5347 5640 5645 5077 5492 5716 5411 5430 5551 5569 5835 5145 5204 5353 5478 5453 5343 5716 5681 5165 5336 5380 5319 5694 5488 5436 5281 5294 5173 5589 5106 5434 5174 5256 5208 5519 5561 5233 5266 5051 5604 5462 4841 5051 5499 5443 5264 5219 5210 5245 5079 5922 5026 4965 4759 5280 5537 4972 5531 5589 4836 5636 5485 5177 5494 5727 4789 5049 5623 5253 4796 4977 5586 5582 5286 5088 5774 4738 5412 4955 5325 5018 5344 5668 4902 5141 5116 5051 5401 5789 5262 5549 5463 5171 5469 5405 5381 5262 5342 5390 5301 5261 5250 5236 5217 5623 5047 5462 5284 5349 5322 5628 5220 5414 5636 5435 5648 5605 5336 5100 5423 5160 5499 5658 5260 5449 4993 5627 5257 5544 5350 5445 5030 5399 5802 5361 5062 5560 4882 5706 4648 5342 5720 5368 5444 4725 5742 5308 5296 5269 5324 5517 5439 5252 4934 5417 5688 5047 5116 5674 5496 5319 5430 5746 5675 5362 5336 5180 5154 5248 5312 5315 5266 4963 5228 5190 5503 5346 5363 5003 5262 5064 5634 5564 5786 4893 5501 5202 5352 5462 5193 4887 5449 4940 5642 5138 4869 5283 5409 5179 5506 5203 5587 5376 5154 5495 5329 5740 5038 5808
5232 5494 5563 5058 5315 5356 4902 5355 5345 5361 5137 5218 5538 5145 5212 5389 5048 5535 5316 5130 5340 5421 5214 4897 5388 5142 5357 5235 5062 4895 5577 5270 5112 5212 5445 5227 5078 5271 5199 5428 5131 5621 5132 5719 5045 5027 5560 5435 5431 5027 5617 5622 5382 5511 5418 5525 5381 5063 4839 4978 5249 5550 5268 5364 5532 5104 4835 5352 5248 5462 5266 5445 5430 5395 5138 5373 4994 5435 5042 5261 5345 5406 5176 4754 5257 5087 5436 5107 4816 4990 5477 5308 5029 5272 5289 5687 5132 5512 5005 4772 4840 5363 5568 4787 5539 5371 4828 5618 5013 4902 5365 5658 4958 4763 5245 5167 4556 4929 5287 5380 5022 4846 5674 4878 5268 5173 5157 4721 5098 5639 4928 5205 5180 5130 5172 5837 5266 5489 5387 5129 5088 5144 5391 5094 5109 5370 5442 5073 5489 5431 5160 5332 5359 5086 5076 5338 4885 5617 5243 5072 5534 5162 5518 5250 5194 5231 5541 5132 5564 5647 4915 5287 5266 5601 4937 5429 5402 5399 5153 4932 5500 5500 4815 5696 5030 5461 4725 5187 5324 5187 5275 5283 5424 5122 5245 5285 5048 5538 5533 5124 5003 5131 5497 5305 5185 5241 5363 4937 5209 5393 5573 5329 5539 4960 5244 5221 5295 5140 5280 4689 5021 5601 5398 5096 5419 4705 5201 4996 5469 5480 5785 4781 5193 5376 5373 5244 5120 4853 5358 5093 5274 4819 4707 5202 5370 5184 5386 5063 5478 5056 5064 5453 5114 5605 5388 5729
5997 6376 5828 5735 6163 5842 5206 5644 5498 6341 5659 5847 5912 5779 5563 5738 5417 6150 5940 5918 5831 5715 5751 5426 5885 5394 5899 5381 5671 5678 5895 6101 5543 5971 5930 5691 5731 6010 5818 6093 5545 6131 5690 6482 5943 5488 5955 5924 6277 5760 5931 6293 6026 5872 5939 6041 6208 5517 5598 5932 5704 5915 5573 6186 5994 5634 5530 5915 5770 6021 5956 5794 5642 6076 5816 6156 5627 5884 5752 5545 5938 6089 5826 5560 5920 5681 6131 5882 5297 5595 5682 5751 5708 5689 5913 6188 5869 6211 5839 5580 5414 5612 5673 5208 6202 5876 5529 5857 6021 5508 5861 6081 5432 5440 5914 5865 5282 5481 5698 6072 5692 5553 6126 5338 5710 5496 5689 5362 5632 6038 5575 5589 5488 5660 5997 6280 5997 5762 5677 5668 5776 5818 5785 5640 5947 5830 5966 5613 5745 5780 5722 6073 5765 5797 5771 5679 5574 5765 5664 5821 6121 5563 6133 5815 5758 5641 5745 5630 6057 6173 5420 5905 5786 5983 5464 5832 5894 5666 5448 5555 6018 5833 5623 5996 5440 6165 5446 5706 5628 5798 5792 5550 6138 5572 5662 5735 5976 6068 6227 5644 5560 5784 6037 5532 5526 5626 5969 5766 6186 5961 5891 5708 5989 5538 6058 5612 6105 5615 5579 5304 5910 5851 6106 5867 6041 5358 5807 5437 5984 6038 6524 5359 5970 5685 5934 5983 5692 5378 5635 5339 5955 5479 5374 5650 6011 5580 6040 5801 5951 5731 5735 6001 5635 6128 5896 6264
5284 5784 5582 5273 5714 5721 4992 5192 5455 5880 5305 5537 5558 5249 5531 5298 5209 5923 5507 5331 5163 5353 5320 5305 5361 5042 5358 5575 5350 5224 5604 5518 4960 5612 5557 5353 5453 5392 5416 5952 5145 5979 5300 5924 5246 5250 5479 5704 5690 5204 5539 5684 5567 5614 5592 5793 5809 5141 5503 5486 5620 5604 5369 5864 5695 5372 5064 5689 5450 5833 5609 5528 5520 5521 5322 5375 5235 5820 5257 5263 5494 5626 5644 4777 5750 4908 5893 5477 4618 5207 5318 5340 5230 5308 5592 5742 5284 5740 5467 5144 4805 5633 5683 4869 5473 5754 5033 5439 5096 5300 5698 5509 5219 4975 5515 5412 4854 4937 5770 5714 5237 5068 5886 5240 5582 5099 5512 4993 5336 5657 5304 5115 5346 5072 5420 5661 5448 5342 5575 5391 5522 5363 5602 5356 5517 5508 5691 5371 5696 5403 5332 5416 5631 5222 5378 5146 5403 5563 5198 5195 5892 5499 5982 5675 5484 5480 5704 5400 5260 5925 5120 5474 5370 5570 5055 5691 5826 5565 5141 5351 5371 5840 5289 5706 5227 5633 4829 5156 5650 5347 5460 5004 5759 5434 5679 5645 5610 5677 5838 5195 5278 5199 5622 5371 5303 5667 5727 5508 5703 5622 5703 5822 5406 5212 5746 5384 5483 5175 5250 4866 5165 5754 5515 5443 5488 4899 5556 5204 5545 5577 5957 5062 5333 5279 5626 5360 5380 4657 5454 5135 5412 5123 5058 5462 5534 5351 5843 5616 5681 5517 5175 5424 5315 5779 5378 5813
5434 5523 5209 4896 5360 5160 4657 4866 5123 5492 4721 5143 5350 4933 5077 5152 5026 5418 5109 5303 4885 5292 5268 4957 5209 5171 5064 5184 4984 4786 5377 5257 5085 5021 5187 4833 5268 5312 5191 5490 4912 5530 5309 5620 4964 4821 5251 5221 5594 4908 5300 5384 5486 5379 5415 5484 5784 4807 5023 5176 5221 5270 4968 5283 5407 4958 4969 4989 5036 5212 5103 5285 5488 5237 4823 5483 5052 5269 5203 4822 5174 5318 5063 4642 5102 4964 5643 5232 4568 5178 5122 5183 4955 4909 5375 5241 5188 5399 4924 4855 4942 5200 5128 4854 5185 5394 4607 5146 5022 5076 5337 5637 4660 4814 5138 5388 4791 4724 5173 5279 4972 4815 5207 4834 5239 4919 5093 4898 4939 5519 4803 5273 5137 4926 5145 5892 5244 5248 5148 5017 4996 4926 5107 4857 5094 5191 5557 5245 5194 5163 5139 5248 5211 5046 5195 5114 4934 5320 5046 5336 5400 5026 5228 5324 5090 4961 5263 4981 4871 5612 5216 5435 4950 5373 4844 5088 5208 5156 4926 4973 5289 5150 4689 5538 5017 5379 4607 4934 5274 5102 5301 5034 5198 5070 5183 5134 5026 5158 5588 5161 5009 4930 5269 4931 4961 5138 5357 5018 5285 5430 5348 5279 5313 5010 5322 5226 5217 4959 4968 4886 5215 5250 5356 5105 5293 4552 5292 4994 5228 5318 5818 4902 5193 5244 5064 5108 5052 4747 4877 4845 5342 4862 5002 4881 5229 5160 5269 5018 5253 5079 5000 5282 5091 5309 5093 5379
5199 5238 5387 4989 5296 5068 4640 4890 4878 5267 4522 5082 5154 5145 5167 4917 4744 5504 5284 5349 4905 4763 5055 4801 5319 5037 4952 5067 4874 4586 5409 5116 4860 4971 5113 4750 5085 5102 4820 5225 4605 5455 5147 5353 4846 5019 5165 5223 5235 4955 5284 5287 5410 5028 5147 5120 5591 4735 4996 5075 5223 5270 5163 5401 5343 4673 4847 5524 5159 5446 5087 5169 4756 5155 5042 5094 4746 5168 5146 4785 5292 4945 5119 4668 5090 4846 5259 5127 4794 4977 5054 4860 4824 5115 5076 4994 4988 5280 4779 4628 4662 5110 4964 4510 5234 5297 4374 5403 4722 5121 4995 5563 4556 4582 5030 5183 4462 4706 5277 5654 4692 4661 5251 4500 4967 4908 4943 4613 5233 5393 4755 4943 4978 4969 4918 5438 5121 4991 5108 4953 5098 5165 4930 4936 5024 5353 5200 4953 5173 5019 5188 4960 4975 4761 4902 4895 4998 4996 4832 4872 5101 4968 5166 5172 5498 5128 5248 4956 5094 5371 4848 5056 4890 5392 4818 5161 5088 5085 5007 4921 5208 5081 4789 5314 4994 5189 4556 5122 5242 4992 5112 4995 5264 4949 5101 4972 5238 5215 5376 4870 4964 5035 5030 4878 4815 5003 5162 5065 5322 5453 5630 4963 5509 4714 5109 4820 4887 5048 4984 4769 4938 5155 5117 4902 5213 4919 5387 4722 5171 5093 5634 4500 5061 5227 4905 5183 4990 4704 5234 4442 5118 4607 4592 4890 5416 4875 5322 4913 4931 4948 4835 5208 5009 5427 4965 5251
4991 5322 5314 4811 5294 5043 4667 4805 5211 5413 4789 4898 4995 4845 5106 5236 5008 5210 5215 5220 5077 5274 4771 4701 5489 5032 5317 5088 4870 4903 5358 5324 4955 5155 5087 5029 5044 5224 5159 5263 4851 5451 5062 5216 4610 5087 5127 5100 5419 4831 5198 5328 5463 5296 5033 5317 5428 4925 4980 4859 5007 5258 5075 5373 5375 4860 4673 5336 5328 5517 5063 5295 5249 5128 5025 5317 4594 5332 5017 4739 5136 5286 5372 4649 5193 4807 5287 5255 4384 5084 5196 5249 4907 5043 5459 5246 4832 5451 5068 4881 4611 5324 4928 4646 5317 5430 4704 5410 5158 4835 5186 5421 4652 4511 5433 5108 4816 4693 5318 5307 4971 4795 5251 4822 5117 4704 4944 4875 5316 5355 4926 4939 5071 4949 4919 5562 5139 5231 5131 5178 4843 4743 5206 4999 5272 5105 5509 5158 5161 5209 5014 5101 4923 4921 5243 4940 4789 5346 4801 5115 5500 5203 5438 5203 5178 5099 5341 5169 5104 5525 4859 5367 5084 5519 4856 5164 5275 5203 4854 5022 5390 5094 4902 5598 4661 5570 4490 5035 5270 5149 5253 4859 5291 4712 5040 5294 4799 5191 5209 4945 4830 5193 5397 4956 4992 5102 5453 5138 5246 5139 5406 4949 5286 4737 5311 5008 5187 4695 4849 4861 4885 5146 5261 4934 5115 4622 5122 4762 5427 5238 5541 4865 5230 5169 4887 4913 4844 4438 5033 4699 5428 4900 4778 5033 5190 5151 5527 5591 5355 5031 4898 5451 4950 5583 4747 5229
5398 6027 5459 4875 5820 5542 5053 5329 5431 5448 5155 5358 5679 5206 5387 5735 4936 5953 5657 5438 5086 5580 5329 5110 5501 5374 5353 5299 5195 5013 5622 5538 4995 5318 5190 5336 5384 5238 5493 5603 4878 5632 5312 6014 5232 5146 5571 5677 5727 5093 5527 5809 5487 5379 5523 5638 5836 5155 5254 5460 5452 5743 5616 5722 5636 5250 5106 5613 5399 5606 5465 5716 5200 5478 5376 5431 5325 5449 5454 5119 5503 5447 5290 4838 5365 5197 5710 5128 4723 5521 5397 5630 5119 5202 5744 5477 5329 5735 5286 4913 5070 5336 5386 5093 5613 5884 4959 5594 5286 5312 5319 5690 4749 5020 5500 5433 4951 5004 5508 5485 5205 5225 5418 5171 5352 5000 5613 4960 5382 5457 4903 5263 5202 5402 5234 5927 5588 5475 5632 5223 5494 5302 5368 5308 5378 5593 5690 5543 5277 5478 5197 5540 5603 5239 5313 5405 5248 5815 4986 5212 5736 5208 5586 5302 5460 5439 5708 5046 5290 5717 5123 5570 5287 5545 5042 5581 5432 5458 5317 5377 5490 5449 5188 5751 4916 5505 4977 5193 5601 5431 5234 5380 5476 5300 5341 5451 5522 5621 5717 5162 5331 5564 5687 5286 5465 5319 5315 5333 5606 5592 5712 5353 5658 4997 5624 5176 5627 5183 5106 5091 5416 5361 5627 5376 5596 4979 5647 4958 5360 5550 5909 4878 5541 5269 5487 5422 5497 4843 5547 5092 5444 5132 4814 5388 5559 5426 5719 5248 5715 5322 5285 5790 5461 5865 5425 5720
4758 5035 5251 4563 5038 4849 4696 4989 4773 4922 4566 4608 5117 4574 4775 4538 4824 5177 4848 4904 4359 4646 4885 4676 4840 4566 4982 4758 4936 4555 4885 4769 4633 5284 4699 4621 4718 4968 4939 4766 4635 4926 4753 4994 4536 4574 5013 5224 5076 4634 4976 5160 4983 5019 5161 4971 5132 4544 4660 4745 5024 4766 4877 5008 5165 4556 4584 4894 4927 5036 4727 5079 4585 4892 4727 5067 4436 4707 4677 4650 4795 5074 5165 4509 4694 4569 5184 4742 4362 4577 4987 4671 4605 4621 5039 4845 4682 5130 4635 4357 4363 5065 4855 4317 5223 5006 4544 4837 4582 4490 4913 5051 4345 4445 4895 4733 4594 4400 4791 5199 4751 4630 5091 4393 4947 4497 4690 4547 4703 4927 4527 4610 4837 4666 4885 5417 4832 4723 4886 4753 4792 4731 4878 4705 4783 5085 4964 4755 4809 4797 4746 5089 4754 4677 4656 4537 4597 4874 4350 4871 5048 4631 5114 5059 4964 4816 4906 4820 4883 5001 4655 4945 4530 4789 4686 4840 5102 4956 4706 4417 4712 4537 4657 5036 4744 4802 4296 4599 4815 4854 4865 4494 4811 4585 4884 4671 4760 5002 4996 4640 4404 4706 4894 4716 4619 4812 4712 4802 4944 5110 5125 4698 4876 4417 4958 4646 4766 4633 4531 4395 4714 4597 4981 4704 4876 4330 4873 4690 5101 4971 5074 4400 4881 4782 4711 4886 4681 4251 4862 4336 4840 4713 4485 4748 5102 4667 4760 4584 5042 4763 4743 4855 4500 5317 4664 5264
5169 5652 5668 4976 5597 5369 4844 4951 4937 5709 5026 4948 5160 5121 5346 5190 5147 5399 5424 5314 4878 5011 5069 4976 5228 4708 5059 4854 4819 4933 5244 5123 4772 5499 5240 5176 5173 5234 5294 5337 4963 5720 5334 5848 4963 5100 5014 5064 5610 4966 5377 5561 5151 5234 5462 5661 5455 4983 5079 5375 5513 5359 5262 5502 5451 5173 4854 5472 5199 5474 5022 5264 5263 5231 4967 5444 4940 5395 5029 4945 5167 5094 5234 4950 5208 4706 5456 5158 4626 5012 5402 5058 5047 5126 5286 5559 4981 5644 4817 4800 4756 5442 5238 4650 5073 5613 4908 5403 4957 4862 5264 5654 4778 4867 5235 5285 4721 4748 5206 5599 4927 5172 5563 4846 5208 5099 5161 4821 5147 5460 4937 4908 5079 5068 4942 5639 5056 5170 4973 5261 5328 5312 5098 4991 5001 5420 5623 5054 5188 4979 4881 5437 5292 4609 5197 5032 5321 5371 5039 4890 5530 5330 5735 5311 5187 5202 5582 5037 5135 5501 5217 5170 5032 5576 4875 5201 5175 5112 5045 5156 5227 5225 5051 5429 4985 5215 4789 5084 5071 5131 5369 5044 5371 5241 5259 5270 5254 5347 5368 5076 4962 5135 5293 5176 4999 5177 5305 5223 5360 5305 5396 5201 5298 4919 5196 5206 5097 4964 4982 4714 5153 5096 5393 5140 5217 4927 5198 5173 5362 5259 5719 4828 5325 5291 5100 5418 5176 4688 5021 4965 5034 4872 4930 5022 5330 5074 5470 5281 5219 5155 5075 5350 5415 5662 4930 5679
5380 5984 5785 5298 5891 5730 5209 5247 5093 5856 5206 5276 5339 5390 5332 5510 5360 5990 5712 5687 5391 5677 5395 5358 5390 5422 5494 5535 5308 5324 5910 5691 5455 5652 5250 5391 5567 5820 5515 5961 5203 5598 5473 5676 5128 5200 5348 5681 5679 5510 5641 5750 5903 5587 5253 5894 5966 5267 5460 5304 5590 6011 5444 5938 5692 5360 5205 5309 5587 5614 5316 5719 5566 5581 5476 5938 5144 5565 5387 5359 5675 5681 5597 5074 5629 5010 5855 5596 4813 5327 5579 5748 5112 5440 5686 5685 5173 6079 5161 5344 5010 5669 5509 5185 5596 5568 4895 5542 5072 5134 5532 5640 5068 5004 5512 5602 5045 5167 5480 5744 5217 5172 5944 5155 5444 5323 5340 5212 5371 5719 5070 5542 5683 5457 5542 5903 5391 5801 5770 5362 5446 5412 5320 5629 5449 5560 5765 5571 5668 5445 5404 5864 5733 5337 5503 5434 5477 5797 5131 5437 5756 5523 5931 5465 5610 5674 5789 5649 5296 6055 5208 5368 5366 5818 5195 5452 5855 5640 5353 5345 5525 5699 5390 5853 5429 5951 4922 5542 5833 5498 5693 5152 5802 5302 5369 5569 5522 5676 5952 5358 5328 5255 5539 5357 5446 5629 5536 5390 5687 5722 5827 5753 5502 5173 5605 5599 5597 5168 5115 5022 5199 5504 5630 5446 5660 5100 5698 5209 5727 5596 5808 5327 5532 5436 5396 5398 5285 4946 5483 5183 5636 5039 5223 5727 5831 5395 5786 5520 5621 5502 5524 5716 5578 5970 5242 5937
5260 5518 5559 4843 5293 5371 4749 5190 5031 5411 5033 5157 5162 5140 5240 5251 5060 5281 5365 5015 4933 4943 5041 5016 5223 4943 5270 4909 4833 4634 5055 5295 5201 5276 5124 5160 5097 5054 5212 5207 5036 5258 5079 5762 5076 4845 5391 5303 5442 5123 5587 5435 5302 5253 5384 5568 5421 5014 4900 5135 5297 5319 5305 5478 5174 4936 5105 5555 5128 5149 5253 5460 4986 5623 5060 5054 4849 5235 4991 4946 5405 5287 4991 4801 5171 4900 5405 5214 4722 4789 5406 4817 5003 5054 5376 5465 5252 5506 4867 4952 4853 5248 5317 4756 5623 5517 4798 5479 5079 5132 5379 5778 4800 4727 5305 5142 4667 4701 5298 5518 4729 4941 5341 4593 5128 5011 5063 4832 4956 5493 4512 5105 5184 5136 5160 5393 5287 5090 5263 5382 5126 5315 5237 4991 5169 5233 5300 5214 5163 5155 4900 5326 5205 4834 4941 4874 4975 5315 4834 4748 5604 5186 5432 5551 5212 5192 5296 4965 5351 5565 4972 5330 5192 5553 4652 5073 5252 5521 4988 4979 5217 4913 4778 5335 4796 5136 4624 4943 5175 5059 4989 5260 5133 4905 5292 5242 5181 5575 5451 4888 4956 4885 5246 5069 5221 5309 5387 5213 5516 5140 5361 5136 5321 4865 5303 4981 5299 4805 4708 4729 5086 5031 5192 5085 5325 4854 5196 4962 5353 5233 5669 4509 5110 5165 5145 5210 4829 4475 5078 4768 5378 4972 4812 5160 5410 5232 5431 4993 5366 5115 5032 5267 5214 5512 5074 5410
5299 5708 5721 4934 5496 5344 4804 5403 5523 5589 5049 5234 5573 5185 5395 5318 5130 5293 5527 5552 4948 5354 5192 4992 5464 5207 5352 5383 5187 5131 5386 5410 5184 5691 5473 5191 5233 5698 5280 5564 5009 5619 5351 5644 5079 5127 5361 5295 5902 5158 5544 5862 5398 5496 5567 5525 5723 5003 5316 5316 5343 5366 5229 5651 5429 5175 5076 5502 5427 5344 5566 5687 5036 5378 4973 5571 5192 5508 5075 5312 5214 5467 5530 4994 5312 5155 5646 5224 4763 5087 5471 5313 5184 5078 5373 5550 5219 5572 5155 4946 4645 5476 5178 4950 5437 5492 4917 5325 5174 5357 5331 5524 4908 4853 5579 5381 5185 4810 5665 5494 5185 5113 5714 4774 5485 4811 5436 4802 5374 5371 5330 5013 5306 5266 5313 5797 5083 5054 5427 5115 5259 5155 5083 5310 5470 5569 5518 5385 5386 5382 5484 5649 5420 5242 5367 5285 5218 5758 4968 5179 5518 5164 5669 5464 5330 4991 5330 5139 5280 5662 5208 5373 5042 5473 5017 5378 5436 5470 5151 5044 5481 5356 5143 5499 4986 5640 4656 5382 5288 5475 5603 5059 5546 5275 5292 5273 5222 5458 5495 4999 5100 5179 5223 5118 5349 5321 5440 5196 5363 5707 5498 5226 5413 5141 5427 5144 5251 5253 5003 5035 5059 5226 5506 5151 5387 5206 5538 4909 5477 5442 5860 5033 5473 5194 5179 5440 5146 4956 5315 5195 5530 5046 4844 5069 5290 5021 5269 5295 5591 5218 5356 5377 4968 5874 5291 5464
5539 5583 5582 5005 5606 5335 4923 5233 5152 5670 5202 5357 5407 5221 5402 5182 5079 5604 5434 5393 4905 5257 5110 5131 5443 5021 5064 5321 5019 5034 5356 5400 5165 5347 5085 5316 4955 5401 5001 5745 5013 5450 5264 5459 5031 5209 5192 5235 5671 5029 5401 5828 5154 5437 5554 5426 5602 5002 5108 5380 5376 5605 5259 5629 5370 5306 5060 5573 5454 5125 5213 5386 4912 5138 5221 5285 5160 5215 5246 4923 5413 5538 5328 4731 5135 5015 5522 5109 4511 5256 5415 5338 5122 5009 5349 5387 5070 5475 5098 5057 4830 5312 5233 4797 5570 5478 5083 5524 5266 5088 5337 5743 4890 5166 5387 5241 5081 4919 5370 5646 5201 5051 5687 4897 4994 4864 5136 5004 5067 5305 4754 5132 5054 5149 5213 5677 5415 5337 5457 5120 5573 5233 5458 5304 5406 5197 5344 5385 5307 5265 4974 5541 5495 5085 5379 5190 5046 5471 5004 5028 5667 5139 5623 5569 5271 5177 5409 5199 5662 5546 4935 5386 5073 5662 4971 5423 5386 5454 5072 5117 5475 5189 5094 5508 4951 5450 5090 5047 5654 5240 5139 5110 5549 5245 5427 5267 5291 5550 5683 5086 5081 5293 5277 5176 5060 5368 5429 5046 5327 5555 5256 5155 5153 5011 5263 5234 5357 5468 5155 5019 5203 5384 5520 5145 5402 5099 5617 4982 5467 5580 5828 4909 5316 5289 5107 5686 4989 4808 5162 4989 5202 5083 5170 5337 5643 5171 5590 5333 5656 5264 5315 5507 5059 5839 5325 5803
4995 5030 5109 4734 5342 4970 4496 4784 5059 5217 4598 4786 4772 4819 4782 4817 4859 5136 4956 4891 4684 4613 4770 4434 4697 4580 4685 4674 4809 4607 5100 4977 4338 4887 5070 4736 4740 4865 5035 5310 4705 5310 4710 5191 4592 4737 4860 4712 4844 4602 4980 5280 5062 5107 5119 5213 4904 4476 4622 4829 4890 5028 4731 5287 4775 4805 4711 4782 4860 4674 5006 4996 4702 4853 4717 4899 4565 4970 4771 4634 4685 4917 4929 4290 4792 4680 5252 4810 4475 4846 4747 4880 4465 4568 4912 4733 4496 5113 4560 4470 4242 4780 4980 4390 4985 5228 4640 4986 4614 4593 5139 5289 4366 4617 4792 4989 4591 4375 4617 5181 4640 4587 5166 4547 5135 4536 5002 4597 4842 4973 4686 4624 4758 4586 4786 5148 4844 4712 5007 4884 4826 4666 4797 4870 4744 5048 4975 4670 4876 4727 4772 4722 4789 4497 4757 4603 4573 5272 4501 4513 4849 4974 5137 5000 4819 4899 4927 4635 4869 5392 4693 4982 4611 5183 4610 4697 5025 4920 4716 4505 4856 4772 4975 5125 4481 4983 4494 4773 4905 4846 4728 4436 5276 4893 5071 4960 4963 5001 5011 4437 4469 4665 5194 4528 4639 4846 5079 4818 5099 4944 4845 5187 4853 4391 5025 4784 4525 4432 4616 4455 4772 4772 4834 4871 4787 4671 4921 4525 5185 4793 5470 4483 4832 4869 4938 4702 4658 4393 4807 4494 4827 4659 4285 4654 4815 4755 5106 4595 4783 4839 4731 5153 4720 5185 4735 4982
5179 5899 5604 4987 5516 5499 5014 5044 5213 5463 4950 5221 5410 5271 5322 5373 5048 5626 5579 5414 5211 5298 5168 5097 5481 5203 5334 5180 5207 5190 5605 5210 5127 5250 5130 5109 5335 5219 5786 5746 4765 5670 5334 5599 5064 5093 5357 5476 5774 5334 5427 5956 5383 5594 5412 5760 5689 5314 5395 5275 5378 5547 5231 5360 5540 5049 5077 5379 5616 5738 5208 5633 5319 5020 5269 5543 5045 5316 5174 5053 5376 5559 5406 4811 5561 5090 5495 5379 4710 5242 5540 5425 5002 5254 5524 5441 5026 5667 5230 4966 5049 5593 5590 5002 5444 5731 5060 5386 5170 5090 5129 5667 4760 4886 5303 5464 4978 4756 5298 5595 5270 4977 5748 5171 5234 4977 5197 5194 5130 5380 5011 5121 5388 5018 5546 5729 5344 5636 5604 5221 5319 5187 5227 5165 5312 5579 5723 5241 5279 5507 5187 5434 5427 5084 5273 5155 5227 5502 4904 5191 5447 5475 5720 5548 5290 5363 5551 5270 5263 5669 5003 5223 5206 5619 5341 5387 5414 5223 4846 5097 5432 5410 5206 5802 5215 5668 4718 5240 5693 5547 5451 4955 5316 5186 5098 5352 5333 5606 5818 5259 5060 5027 5601 5255 5053 5297 5336 5133 5591 5649 5647 5332 5343 5094 5336 5225 5479 5325 5001 5191 5133 5272 5482 5346 5535 4923 5474 5050 5486 5530 5662 4724 5386 5386 5437 5700 5259 4888 5243 4882 5503 5320 4759 5240 5473 5131 5587 5248 5574 5284 5347 5585 5060 5743 5176 5625
4985 5624 5129 5052 5582 5592 4664 5023 5087 5368 4872 4907 5250 5060 5038 5070 4617 5265 5206 4964 4924 4916 5086 4612 5173 5069 5009 4868 4961 4743 5139 5347 4778 5233 4783 4965 4776 5090 5410 5280 4711 5411 4898 5458 4712 4835 5254 5087 5261 5000 5143 5527 5091 5108 5281 5487 5380 4993 4979 4940 5147 5241 4904 5327 5371 4788 5153 5392 4891 5265 5112 5238 5003 5163 4951 5119 4976 4942 4928 4719 4999 5040 5067 4775 4886 4741 5547 4981 4454 5081 5092 5140 4986 4965 5343 5393 5023 5376 4785 4584 4628 4968 4858 4670 5518 5243 4636 5312 5108 4916 5101 5391 4794 4373 5180 4941 4555 4711 5122 5431 4990 4819 5420 4631 5060 4934 4853 4794 4967 5345 4813 4651 4965 5054 5012 5596 5132 5148 5426 4907 4899 5061 5142 5050 5277 5122 5057 5157 4977 5009 4917 5258 5005 5059 5017 4952 4848 5279 4698 4761 5485 4926 5305 5226 5016 5081 5138 4763 5211 5471 4688 4937 5133 5449 4736 4913 5090 5285 5207 4856 5185 5040 4677 5477 4706 5135 4533 4816 5092 5117 5200 4946 5320 5070 4894 5105 5118 5408 5086 5025 4779 5061 5216 4796 5036 5059 5179 4756 5079 5334 5297 5043 5061 4773 5225 4904 5133 4733 4855 4806 4904 5037 5265 5157 5162 4479 5180 4612 5222 5324 5559 4599 5384 5136 5132 5203 5083 4591 5208 4626 5136 4693 4675 4931 5623 5105 5347 5048 5327 5120 5139 5334 4924 5249 4791 5611
5384 5734 5593 4916 5780 5481 5101 5146 5468 5690 5013 4958 5587 5287 5537 5281 5347 5550 5939 5420 5272 5226 5447 5142 5604 5083 5181 5272 5423 5125 5455 5484 4962 5699 5453 5181 5129 5508 5575 5511 5076 5753 5427 5724 5416 5349 5305 5451 5936 5109 5567 5797 5319 5576 5564 5650 5817 5043 5138 5540 5492 5722 5349 5689 5323 5142 5359 5450 5390 5624 5403 5549 5372 5147 5288 5536 5086 5234 5326 5120 5482 5585 5533 4883 5534 5026 5611 5331 4856 5200 5733 5608 5021 5019 5376 5421 5208 5608 5328 5180 4856 5557 5373 5068 5666 5702 4931 5522 5307 5283 5545 5966 5052 4974 5511 5463 4982 4868 5457 5802 5054 4985 5761 4923 5159 5005 5226 5127 5543 5530 5047 5199 5313 5326 5358 5807 5450 5344 5340 5474 5494 5434 5422 5375 5319 5395 5452 5625 5259 5352 4945 5447 5455 5077 5375 5218 5130 5550 5041 5128 5800 5509 5784 5515 5459 5277 5627 5130 5467 5839 5227 5436 5078 5690 5244 5184 5497 5429 5279 5166 5418 5138 5225 5586 4967 5641 4710 5299 5519 5402 5394 4961 5628 5206 5376 5117 5676 5599 5535 5273 5144 5161 5528 5295 5218 5486 5564 5510 5628 5491 5586 5284 5340 5367 5344 5334 5235 5327 5311 5042 5258 5407 5595 5570 5336 4992 5493 4968 5537 5594 5849 4916 5666 5190 5471 5367 5139 5067 5163 5164 5603 5200 4918 5114 5531 5330 5651 5115 5436 5574 5218 5493 5278 5750 5272 5694
5120 5457 5276 4916 5360 5317 4870 5005 5122 5501 4876 5166 5258 4782 5085 5123 4868 5361 5520 5144 5161 5401 5207 5101 5228 5073 5221 5121 4971 5006 5374 5346 4978 5138 5172 5109 5166 5244 5163 5540 4522 5326 5040 5806 5185 4825 5165 5164 5350 5088 5497 5560 5412 5257 5342 5509 5351 4821 5145 5295 5081 5111 5151 5529 5321 5261 4965 5175 5240 5539 5386 5637 5094 5264 5110 5154 4933 5326 4981 4963 5540 5535 5273 4709 5337 4871 5458 5139 4450 5159 5460 5090 5201 5280 5188 5393 5171 5603 5177 4973 4646 5137 5528 4641 5308 5668 4709 5399 5160 5046 5157 5448 4631 5000 5308 5352 4873 4883 5332 5414 4590 5055 5588 4735 5247 4975 4692 4588 5081 5367 5005 5130 5061 5024 5408 5556 5315 5173 5236 5042 5298 5267 5111 5188 5022 5340 5168 5145 5147 5073 5206 5387 5183 5039 5309 4889 5333 5482 5046 5016 5500 5252 5594 5043 5109 5467 5084 5099 5293 5195 5031 5252 5152 5374 4807 5270 5448 5085 5102 5170 5236 5250 4960 5229 5032 5337 4633 5169 5488 5312 5346 4791 5459 5112 5353 5105 5215 5392 5633 5269 4842 4970 5411 5232 5164 5342 5250 5236 5402 5311 5166 5205 5083 5067 5444 5042 5259 4854 4944 4748 5147 5342 5363 5071 5113 4899 5335 5064 5281 4967 5300 4997 5207 5205 5226 5511 4928 4876 5164 4745 5310 5050 4878 5141 5285 5116 5348 4946 5164 5247 5251 5463 5169 5606 5086 5576
5062 5162 5207 4723 5133 5213 4668 4632 4942 5035 4253 4730 4765 4703 4922 4801 4485 5164 4799 4980 4500 4780 4635 4389 4619 4608 4879 4962 4801 4463 5195 4922 4382 4917 4752 4692 4730 4832 4651 4913 4396 4801 4895 5040 4742 4708 4679 4780 5190 4522 4836 4748 4930 4766 4997 4953 5295 4463 4798 4750 4929 5099 4954 4902 5255 4587 4736 4942 4900 5125 4776 4943 4974 5022 4768 5082 4620 5101 4492 4210 4947 4988 4848 4364 4970 4568 5103 4837 4178 4699 5083 4794 4973 4816 4983 4886 4536 4888 4575 4639 4309 4983 4855 4438 5133 5197 4433 4888 4738 4761 4871 5161 4417 4478 4943 4836 4546 4267 5253 4936 4663 4547 5286 4678 4682 4371 4907 4364 4846 4885 4421 4529 4494 4609 4771 5083 4898 4953 4682 4844 4763 4729 4648 4901 4951 4679 5182 4938 4811 4808 4621 4920 4936 4589 4855 4710 4882 4990 4501 4827 4983 4628 5082 5199 5108 4707 5033 4432 4777 5114 4690 4902 4724 4720 4430 5067 5107 4981 4724 4665 4730 5078 4691 5231 4792 4982 4203 4516 4997 4736 4821 4525 4992 4977 4706 5081 4900 4945 5015 4743 4499 4439 5076 4685 4788 5021 4763 4815 4943 5024 5184 4653 4839 4434 4851 4933 4628 4639 4884 4500 4723 4781 5163 4671 5221 4500 4789 4581 4964 5001 5197 4431 4745 4734 4829 4769 4751 4497 4780 4244 4810 4474 4612 4703 4865 4764 5139 4757 4829 4751 4905 4745 4739 4970 4598 5074
5037 5357 5138 4856 5047 5139 4883 5023 5021 5100 4520 4849 4995 4861 4862 5103 4800 5146 5063 5091 4989 4983 4898 4741 5218 4851 4950 4761 5011 4498 4977 5126 4752 5220 4961 4844 4798 5039 5073 5182 4724 5269 4956 5542 4938 4773 5179 5082 5156 4785 5233 5318 5071 4913 5167 5078 5302 4740 4731 4958 5163 5202 4960 5356 5323 4879 4964 5087 4806 5163 5336 4953 4862 4971 4886 5127 4815 4886 4994 4727 5102 5120 5013 4795 4940 4938 5147 5063 4537 4753 5280 4811 4885 5015 5087 4951 4833 5258 4666 4644 4503 4913 5028 4597 5210 5253 4705 4857 4865 4906 5208 5448 4417 4693 5019 5035 4612 4600 5150 5162 4765 4738 5132 4669 4950 4860 4786 4578 4880 5361 4615 4944 4856 4785 4863 5214 5209 5023 4927 4913 4953 5184 5064 4786 4892 4932 5037 5023 4891 4889 4871 5062 5061 4986 4899 4875 4895 5139 4838 4772 5301 4987 5366 4928 4929 4954 5061 4964 5130 5340 4851 5073 4993 5166 4549 4983 5079 4954 4926 4754 4964 4914 4732 5182 4655 5046 4613 4701 5168 4976 5137 4719 5235 4907 5232 4964 4889 5238 5229 4796 4655 4735 4987 4861 4808 4985 5213 4858 5197 5159 5170 4928 5134 4784 5092 5027 5058 4918 4760 4612 5112 4975 5133 4985 5054 4632 5150 4903 5148 4913 5557 4909 5096 4975 5061 4958 4756 4340 4954 4488 4842 4812 4622 4832 5189 4925 5309 4668 5138 4929 4887 5171 4888 5285 4715 5381
5569 5958 5480 5257 5584 5706 5314 5143 5544 5859 5078 5550 5541 5310 5478 5629 5270 5847 5807 5729 5423 5667 5368 4991 5549 5227 5433 5445 5296 5464 5679 5736 5560 5515 5473 5208 5470 5575 5544 5763 5174 6026 5369 5960 5204 5235 5275 5537 5868 5288 5804 5659 5876 5445 5553 5820 5821 5292 5446 5162 5560 5819 5386 6031 5703 5428 5190 5872 5575 5938 5574 5513 5485 5713 5342 5773 5281 5679 5039 4999 5567 5632 5194 4975 5487 5113 5767 5616 4628 5093 5327 5558 5445 5690 5603 5785 5326 5748 5206 5266 5005 5603 5593 5043 5915 5808 5091 5486 5197 5133 5910 5641 5145 5031 5695 5590 4982 4973 5574 5589 5392 5029 5905 5308 5487 5249 5529 5030 5645 5627 5146 5350 5295 5434 5416 6089 5918 5445 5465 5282 5554 5348 5601 5628 5461 5320 5760 5645 5305 5430 5404 5454 5585 5332 5353 5477 5473 5496 5237 5525 5758 5258 5829 5647 5346 5475 5500 5385 5572 5919 5073 5520 5356 5685 5260 5633 5653 5649 5552 5311 5743 5497 5266 5772 4939 5697 4715 5408 5385 5397 5467 5292 5690 5369 5488 5734 5590 5531 5586 5241 5147 5501 5823 5486 5498 5606 5782 5680 5809 6017 5649 5728 5531 5250 5540 5488 5963 5573 5436 5021 5192 5716 5865 5289 5638 4882 5521 5010 5581 5634 5902 5148 5379 5385 5525 5692 5544 4974 5241 5132 5638 5123 5064 5019 5773 5396 5565 5619 5556 5649 5421 5767 5297 5685 5397 5710
5073 5075 5000 4687 5017 5122 4340 4924 4742 5330 4637 4952 5036 4833 5245 4828 4741 5202 5020 5036 4829 5018 4965 4775 4974 4786 4953 4768 4728 4792 5100 4972 4615 5275 5260 4851 4663 4851 5004 4918 4863 5402 4722 5316 4979 4801 4969 4995 5427 4728 4890 5309 5219 5122 5079 4919 5366 4664 4955 4791 4887 4921 4787 5288 5177 4560 4875 5028 4900 5204 4858 5093 5014 4934 4707 5228 4843 5152 4771 4643 4882 5047 5172 4569 5025 4772 5406 4962 4268 4733 4921 5013 4767 4937 5218 5171 4919 5347 4771 4926 4504 4764 5079 4465 5356 5146 4680 5196 4748 4732 5196 5125 4546 4660 5264 5005 4608 4520 4848 5313 4738 4629 5414 4674 5207 4731 4982 4856 4759 5311 4850 4909 4680 4861 5065 5443 4952 5000 4995 4945 5064 4944 4695 4706 4911 5041 5211 5042 4965 5129 5034 4908 4962 5019 4996 4994 5197 5272 4673 4719 5186 4944 5179 5076 4766 4882 5450 4845 4884 5492 4915 4959 5049 5011 4701 4970 5175 5292 4991 4795 5206 5006 4915 5069 4692 4802 4490 5121 5090 4792 4807 4765 5231 4840 4895 4696 4928 5117 5411 4962 4821 5109 5125 4754 5055 5052 5466 4830 5139 5407 4923 5040 5266 4625 4889 5100 5212 4896 4746 4746 4794 5014 5417 4959 5132 4621 5303 4452 5041 5159 5333 4402 5071 4761 4959 5026 4803 4598 5152 4248 4968 4592 4614 4820 4961 5013 5213 5094 5089 4745 4742 4993 4673 5430 4927 5321
4971 5494 5446 4952 5301 5202 4789 5175 5142 5406 4734 5160 5303 4852 5266 4993 4876 5288 5265 5352 4874 5039 4929 4918 5410 5088 5156 5089 5224 5100 5368 5210 5055 5491 5198 4938 4968 5204 5145 5665 4578 5451 5316 5423 4911 4842 5115 5251 5406 5042 5287 5705 5231 5417 5329 5410 5400 4920 4993 5220 5012 5171 4949 5499 5195 5186 4756 5392 5530 5025 5170 5405 5103 4881 5046 5210 5144 5345 5134 4877 5370 5375 5135 4937 5524 5020 5373 5006 4529 5046 5273 5156 5007 4989 5384 5450 4895 5400 5033 4853 4956 5202 5266 4762 5439 5208 4806 4841 4860 5057 5149 5460 4627 4790 5324 4995 5007 4567 5436 5419 4984 4913 5528 4649 5060 4789 4991 4575 5164 5354 4638 4829 5102 4972 5110 5786 5104 4946 5108 5096 5222 5018 5081 5298 5204 5274 5367 5213 5205 5209 5136 5460 4956 5148 4853 5222 4968 5476 4720 5086 5547 5013 5625 5247 5124 5395 5369 5169 5475 5523 5063 5328 4845 5394 4978 5129 5124 5044 4749 5111 5379 5344 5117 5269 4652 5480 4748 5131 5421 5344 5373 5070 5292 4855 5092 5131 5252 5223 5461 4889 4924 4856 5286 5242 4846 5302 5189 5082 5196 5477 5455 5399 5167 4885 5402 5013 5004 5061 5119 4772 4914 5151 5016 4884 5142 4811 5250 4893 5064 5183 5317 4638 5206 5293 4837 5165 5069 4554 5354 4795 5152 5056 4863 5038 5454 4603 5411 5284 5342 4794 5274 5434 4794 5734 5072 5269
5020 5390 5142 4670 5216 5198 4760 5002 5154 5206 4438 4979 5206 4959 5375 5103 4771 5358 5083 5200 4880 5142 4791 4708 5009 4675 5030 4709 4781 4538 5281 5063 4590 5215 5067 4919 4962 5020 5181 5299 4476 5614 5064 5528 4911 4924 4966 4923 5005 4958 5210 5371 5093 4997 5310 4949 5381 4647 4859 4901 5113 5261 4911 5571 5184 4930 4907 5052 5068 4993 5166 5439 5164 5012 4821 5318 4933 5244 5098 4788 5371 5244 5120 4478 5147 4997 5396 5028 4276 4797 5025 4992 4690 5140 5149 4855 4881 5227 4813 4729 4299 5062 5054 4699 5313 5151 4833 5135 4876 4662 4883 5276 4359 4312 5174 5121 4699 4406 5083 5384 4837 4679 5237 4493 5050 4779 5219 4776 4989 5054 4841 4941 4910 4774 4960 5400 5161 5108 5192 5077 5180 5135 5055 5154 5089 5193 5172 4863 5046 4948 4672 5272 5073 4924 4917 5012 4743 5202 4612 4933 5425 5069 5276 5001 5127 4967 5239 5041 4979 5463 4933 5036 4846 5262 4785 5055 5282 5107 4906 4957 5131 4989 5010 5224 4924 5082 4554 5024 5303 5015 5156 4866 5175 4907 5243 5010 4966 5237 5420 4849 4852 4974 5034 4652 4904 4878 5084 5077 5147 5433 5304 5076 5129 4584 5111 5261 5072 4939 4958 4661 5026 5062 5268 4950 5236 4810 5321 4790 5058 5092 5547 4825 5170 4937 4975 5140 4961 4529 5362 4507 5001 4789 4709 4606 5181 4927 5327 4948 5240 5177 5161 5145 4962 5334 4987 5495
5717 6030 5961 5791 5949 5758 5403 5518 5664 5720 5208 5442 5942 5668 5749 5655 5384 6084 5948 5815 5528 5559 5458 5446 5662 5444 5793 5621 5482 5261 5962 5556 5412 5907 5606 5381 5505 5732 5615 5987 5089 5975 5762 6281 5666 5527 5828 5830 6010 5183 5875 6116 5846 5644 5674 6009 5990 5581 5665 5631 5819 5984 5856 6081 5775 5448 5410 6010 5701 5860 5860 5952 5622 5527 5773 5817 5740 5915 5424 5312 5940 5703 5801 5339 5883 5275 6126 5701 5025 5438 5986 5855 5493 5583 5872 5783 5580 5937 5479 5468 5222 5667 5844 5367 5781 6130 5514 5999 5368 5674 5747 6091 5368 5169 5572 5521 5229 5410 5927 5987 5381 5229 5953 5124 5865 5520 5802 5332 5591 5817 4955 5558 5440 5692 5476 6299 5708 5767 5722 5869 5694 5592 5824 5614 5647 5841 5770 5685 5857 5460 5412 5879 5816 5560 5540 5659 5626 6043 5442 5425 5889 5570 5835 5779 5832 5751 5841 5525 5662 6269 5423 5711 5404 6202 5353 5798 5694 5757 5573 5603 5636 5867 5544 6075 5467 6058 5235 5496 5853 5595 6066 5331 5634 5681 5664 5849 5635 6006 5809 5240 5587 5452 5747 5796 5541 5643 6010 5776 5565 6034 6008 5913 5700 5480 5784 5475 5619 5558 5222 5418 5583 5901 5986 5301 5773 5517 5795 5049 5718 5747 6340 5100 5696 5663 5673 5814 5530 5247 5801 5349 5669 5351 5320 5779 6071 5790 5822 5538 5760 5475 5810 5901 5627 6334 5786 5924
4958 5380 5297 4952 5429 5249 4579 4615 4782 5073 4778 4888 5228 5025 5187 4911 4763 5372 5428 5482 4760 5107 5090 4747 5181 5036 5085 5039 5130 4948 5210 5142 4993 5274 5235 4855 5311 5246 5103 5315 4632 5355 5077 5387 5061 4873 5115 5105 5440 4965 4990 5515 5260 4877 4989 5268 5686 4929 5062 5161 5354 5300 4894 5498 5350 4851 4991 5155 4997 5547 5070 5400 4684 5271 4823 5098 4920 5175 4920 4824 5399 5122 5305 4733 5034 4842 5488 5218 4389 5089 5305 5320 5048 4920 5165 5457 5059 5561 4890 4803 4509 5224 5096 4674 5347 5210 4541 5288 4931 4895 5035 5436 4666 4695 5292 5189 4516 4863 5276 5395 4918 4837 5285 4592 4763 4773 5249 4913 5007 5408 4803 4965 4988 4947 5169 5413 5107 5180 5188 5055 5151 4921 5052 4762 5169 5370 5004 5122 5192 5061 4801 5522 5242 5077 4881 5103 5148 5311 4773 4822 5313 5023 5365 5258 5110 5105 5355 5229 5159 5471 4908 5024 5051 5446 4884 5148 5456 5088 5061 4896 5250 5213 4839 5036 4978 5397 4373 4899 5365 5003 5146 4683 5299 4755 5226 5233 5224 5293 5415 5140 5043 4880 5117 5038 4978 5085 5332 4944 5432 5490 5259 5090 5271 4618 5151 5033 4860 4839 4998 4658 4700 4963 5548 5016 5057 4658 5091 4703 5179 5566 5582 4733 5312 4998 5099 5018 5092 4872 5257 4711 5053 4890 4967 5220 5283 5036 5410 5230 5426 5042 5137 5151 4943 5400 5162 5408
5462 5394 5419 5113 5488 5320 4686 4902 5134 5614 5004 5223 5439 4815 5070 5271 5046 5464 5276 5303 5206 5172 5101 5032 5394 5225 4905 5285 4973 4866 5477 5318 4881 5137 5133 5116 5267 5415 5203 5636 4939 5521 5073 5680 5026 4849 5188 5182 5464 4969 5550 5560 5436 5387 5214 5572 5480 4882 4974 5062 5538 5540 5136 5723 5452 5085 4979 5496 5231 5248 5324 5418 5221 5384 5015 5504 4753 5174 4951 5175 5400 5246 5327 4747 5071 5054 5590 5392 4573 5064 5338 5239 4963 5049 5265 5361 5231 5773 4847 4995 4928 5285 5215 4844 5405 5491 4799 5431 4840 4932 5350 5615 4925 4799 5316 5175 4912 4841 5302 5468 4886 5014 5496 4714 4984 5216 5225 4991 5203 5279 4948 4846 4991 4903 5109 5889 5187 5412 5148 5113 5213 5029 5122 5313 5209 4983 5677 5120 5200 5087 5268 5211 5567 4945 5277 5032 4911 5350 5210 5161 5498 5238 5456 5173 5245 5187 5448 5037 5290 5678 4697 5095 5109 5605 4829 5267 5486 5223 5295 5246 5462 5463 5128 5551 5012 5751 4831 5046 5556 5291 5385 4886 5348 5054 5390 5096 5114 5183 5608 4843 4833 5040 5492 5044 5143 5359 5197 5118 5404 5525 5389 5587 5281 4689 5318 5132 5238 4880 4943 4704 4983 5208 5545 5140 5525 4835 5364 4856 5569 5198 5712 5034 5164 5128 5313 5075 5073 4731 5381 4826 5356 4834 5034 5199 5327 5101 5352 5347 5420 5222 5335 5393 5114 5828 5277 5602
5596 5804 5869 5411 5749 5672 5290 5332 5496 6000 5273 5540 5741 5488 5917 5479 5458 5974 5654 5840 5477 5589 5382 5494 5869 5411 5581 5554 5486 5431 5837 5827 5754 5714 5513 5526 5591 5793 5774 5914 5294 6073 5778 6025 5609 5603 5455 5726 5930 5651 5711 5967 5825 5696 5560 6054 5850 5249 5343 5718 5601 5671 5475 6091 5544 5511 5276 5937 5814 5627 5440 5703 5671 5597 5446 5880 5477 5474 5674 5549 5774 5980 5706 5436 5497 5330 6223 5629 4926 5627 5658 5500 5426 5500 5709 5944 5500 6096 5348 5575 5413 5600 5666 5205 5934 5986 5537 5692 5266 5286 5794 6060 5125 5232 5759 5733 5187 5104 5990 5743 5461 5174 6023 5289 5399 5619 5456 5068 5690 5888 5172 5714 5671 5627 5704 6156 5812 5504 5732 5579 5615 5737 5876 5720 5507 5602 5728 5637 5609 5511 5386 5785 5845 5435 5568 5495 5322 5775 5366 5505 5967 5368 5740 5513 5616 5600 5866 5603 5737 5990 5195 5701 5492 6082 5548 5632 5739 5580 5365 5599 5831 5843 5647 6053 5222 6074 5160 5447 5751 5520 5686 5339 5678 5244 5646 5772 5843 5873 6012 5431 5407 5414 5745 5685 5184 5688 5875 5778 5998 6036 5654 5741 5775 5288 5839 5580 5651 5582 5366 4980 5404 5513 6078 5652 5879 4939 5655 5310 5658 5606 5918 5160 5579 5421 5550 5772 5222 5170 5347 5331 5663 5128 5273 5587 6033 5592 6014 5798 5785 5424 5773 6003 5689 6082 5429 5987
5759 6133 6036 5403 5747 5779 5117 5420 5702 5961 5093 5776 5711 5577 5695 5749 5502 6077 5588 5583 5503 5778 5654 5264 5838 5634 5466 5529 5381 5465 5864 5821 5354 5611 5590 5496 5447 5773 5818 5954 4960 5936 5762 6120 5395 5371 5695 5984 6097 5405 5719 6192 5702 5915 5768 6033 5949 5357 5526 5449 5505 5884 5630 5773 5810 5494 5265 6049 5507 5755 5707 5797 5654 5743 5540 5970 5565 5809 5491 5302 5568 5927 5741 5127 5777 5285 6081 5501 5132 5517 5776 5773 5629 5483 5731 5774 5417 6108 5536 5667 5402 5448 5691 5091 5865 5839 5271 5902 5459 5469 5906 5874 5223 5411 5952 5435 5059 5076 5865 5947 5519 5434 6029 5394 5578 5622 5534 5197 5386 6004 5569 5360 5733 5760 5475 5998 5455 5805 5841 5594 5552 5689 5648 5714 5583 5684 5785 5571 5752 5693 5778 5771 5702 5440 5798 5379 5668 5885 5348 5491 6101 5590 5977 5799 5565 5835 5829 5464 5732 6158 5468 5900 5610 5945 5200 5649 5948 5547 5351 5475 5848 5975 5573 5994 5248 5900 5515 5417 5857 5654 5807 5449 6229 5587 5716 5562 5599 5991 6137 5248 5631 5594 5856 5510 5405 5763 5780 5497 6016 5976 5963 5836 5647 5103 5551 5589 5761 5481 5365 5204 5458 5629 6059 5650 5810 5080 5787 5348 5676 5842 5940 5023 5663 5677 5578 5701 5446 5057 5807 5230 5621 5166 5315 5507 5813 5613 6040 5683 5632 5609 5709 5929 5367 6035 5615 5885
5271 5756 5571 5156 5569 5212 5165 5025 5033 5505 5054 5242 5418 5430 5335 5257 5093 5685 5286 5330 5114 5127 5248 5006 5649 5412 5358 5217 5235 5134 5444 5527 5329 5383 5551 5068 5394 5355 5373 5532 4814 5778 5297 5760 4985 5032 4919 5562 5714 5109 5553 5838 5383 5287 5453 5471 5725 5131 5107 4999 5459 5460 5290 5861 5424 5146 4913 5748 5429 5663 5414 5697 5451 5506 5331 5408 5204 5550 5099 4966 5331 5353 5319 5030 5494 4795 5770 5227 4713 5293 5177 5376 4999 5270 5257 5593 4936 5649 4951 4756 4713 5247 5460 4736 5656 5637 5230 5622 5110 5207 5425 5298 4941 4956 5703 5257 4887 4997 5543 5310 5073 5175 5793 4849 5413 5139 5274 4906 5275 5394 5142 5051 4948 5295 5488 5871 5347 5430 5413 5350 5623 5286 5237 5207 5088 5449 5333 5204 5515 5350 5401 5413 5097 5265 5224 5282 5463 5506 4968 4987 5765 5389 5738 5114 5266 5249 5366 5121 5340 5517 5064 5333 5423 5738 5148 5299 5367 5326 5182 5489 5529 5566 4880 5633 5044 5716 4760 5430 5445 5367 5509 5153 5556 5154 5459 5319 5301 5493 5787 5390 5083 5219 5607 5164 5045 5280 5425 5219 5438 5794 5571 5464 5449 5218 5525 5270 5371 4975 5032 4873 5162 5524 5539 5325 5597 5092 5679 5104 5428 5353 5713 5012 5603 5476 5306 5656 5293 4775 5334 4869 5250 4828 4914 5130 5496 5296 5627 5292 5212 5138 5260 5652 5310 5849 5346 5541
5316 5524 5532 5112 5683 5292 4973 5271 5040 5635 5028 5104 5324 5166 5174 5204 5199 5387 5514 5504 5050 5209 5108 4903 5413 5196 5065 5150 5089 5201 5483 5188 5048 5485 5108 5105 5245 4891 5303 5298 5123 5378 5342 5782 5181 5169 5036 5106 5717 5018 5552 5767 5436 5385 5189 5399 5365 5146 5087 5211 5110 5428 5230 5582 5207 5176 5037 5630 5388 5625 5162 5352 5192 5184 5245 5475 4992 5322 4948 5094 5378 5363 5273 5021 5337 4922 5365 5241 4861 5254 5443 5487 5031 5152 5220 5391 5129 5466 5062 5149 4926 5308 5239 4867 5554 5542 4787 5398 5210 5022 5447 5603 4963 4729 5372 5306 4804 4988 5327 5642 5031 5094 5699 4785 5288 4967 5393 4705 5341 5531 5060 4986 5075 5116 5463 5800 5037 5272 5251 5143 5371 5217 5387 5375 5061 5344 5319 5401 5424 5051 5031 5323 5418 5136 5301 5368 5210 5665 5025 5169 5575 5238 5589 5316 5441 5255 5427 5328 5484 5621 5190 5416 5238 5620 5087 5198 5123 5316 4955 5273 5180 5183 4927 5404 4796 5783 4666 5238 5285 5212 5486 4919 5539 4924 5248 5282 5206 5419 5545 5385 5308 4997 5643 5033 5110 5469 5409 5354 5407 5658 5450 5458 5600 5049 5305 5208 5229 5020 5055 5112 5056 5444 5570 5240 5380 4968 5245 5121 5405 5383 5630 4896 5469 5103 5203 5346 5146 5004 5155 4950 5439 5039 5067 4972 5395 5088 5232 5151 5464 5020 5293 5500 5236 5629 5358 5512
4786 5008 5022 4430 4899 4897 4699 4693 4632 4922 4566 4741 4812 4463 4810 4546 4794 5197 5044 4720 4453 4825 4446 4670 4885 4512 4886 4740 4643 4639 4994 4846 4411 5111 4839 4732 4543 4701 4546 4946 4620 4935 4779 5354 4712 4515 4765 4932 5103 4512 4924 4965 5030 5022 5057 4917 4992 4696 4670 4766 4769 4948 4725 4783 4873 4894 4642 4786 4756 5020 4831 4998 4533 4755 4503 4738 4721 5008 4328 4443 4764 4937 4877 4632 4896 4575 5010 4670 4125 4669 4930 4723 4660 4673 4803 5033 4543 5104 4466 4601 4345 4694 4740 4478 5037 4742 4288 4767 4765 4362 4850 5003 4190 4557 4794 4575 4445 4463 5164 4995 4568 4459 5201 4506 4916 4283 4754 4498 4656 5049 4409 4627 4466 4769 4473 5347 4725 4800 4799 4869 4776 4600 4753 4849 4635 5013 4954 5084 4848 4614 4657 5056 4794 4698 4819 4775 4820 5014 4571 4731 4896 4917 5193 5004 4597 4745 4939 4728 4743 5188 4591 4958 4617 4884 4595 4790 4812 4929 4658 4745 4668 4784 4635 5031 4324 4856 4245 4585 5110 4799 4710 4469 4976 4573 4629 4877 4861 5054 4803 4564 4652 4615 4898 4740 4632 4820 4982 4610 4940 4772 5088 4609 4812 4697 4848 4621 4648 4591 4660 4369 4574 4943 5020 4544 4774 4475 4672 4492 4721 4907 5086 4230 4836 4702 4779 4918 4778 4435 4670 4302 4722 4489 4505 4704 4599 4650 4924 4555 5021 4690 4777 4816 4765 5338 4604 4921
5159 5424 5256 4902 5267 5370 4657 4975 4900 5757 4843 5238 5130 5197 5180 5166 4750 5331 5267 5368 4909 5220 5048 4908 5254 5259 5252 5267 5067 5085 5446 5164 4864 5562 5255 4913 5210 5072 5304 5429 4896 5458 5334 5578 5231 4975 5148 5195 5286 5091 5466 5555 5338 5251 5166 5486 5356 5090 5129 5103 5085 5465 5372 5544 5279 5163 4993 5206 5007 5452 5135 5447 5173 5321 4951 5329 4849 5449 5212 4955 5430 5293 5269 4577 5400 5086 5333 4996 4671 5328 5099 5025 5018 5164 5228 5324 5070 5427 4980 5043 4655 5056 5315 4741 5447 5615 4716 5296 5185 5062 5287 5556 4514 4778 5218 5053 4816 4550 5164 5312 5036 4898 5320 4734 5446 4574 5334 4836 4901 5522 4938 4910 5078 5037 5251 5639 5426 4961 5179 5173 5345 5031 5261 4821 5182 5284 5412 4945 5106 5117 4877 5377 5150 4917 5031 5027 5168 5411 5021 5304 5569 5115 5404 5209 4963 5082 5510 4995 5080 5410 4971 5511 5046 5755 4657 5253 5220 5443 4876 5091 5303 5087 4912 5385 4927 5434 4492 5129 5375 5059 5172 5112 5545 5265 5420 5464 4997 5338 5506 5142 5042 5160 5435 5032 4920 5094 5383 5164 5427 5732 5361 5297 5320 4947 5326 5060 5125 4988 4994 4808 5181 5406 5047 5100 5296 4914 5351 4618 5356 5348 5805 4906 5293 5053 4907 5238 5261 4514 5290 4898 5054 5091 5060 5115 5315 5026 5466 5040 5473 5168 5066 5268 5042 5659 5473 5487
5010 5715 5229 4627 5096 5256 4596 4948 4824 5382 4534 4986 4905 4913 5032 5127 4692 5264 5328 4950 5036 4894 5056 4896 4947 4932 5034 4984 5144 4518 5269 5115 5007 4970 5028 5045 4994 5138 4817 5278 4671 5259 5066 5469 4548 4615 5122 5229 5082 4519 5329 5099 5073 5032 5213 5235 5379 5031 4858 5190 5167 5467 4845 5456 5258 5023 5009 5334 4995 5161 5065 5158 4932 5196 4828 5207 4938 5132 4825 4792 5174 4989 5060 4646 5060 4873 5428 5030 4466 5079 5320 4997 4990 5292 5057 5148 4911 5450 4613 4718 4697 5151 5143 4799 5179 5430 4794 5075 4890 4930 5259 5588 4477 4631 5458 5042 4489 4596 5257 5447 4640 4786 5202 4570 5119 4631 4951 4799 4975 5182 4667 4867 4883 4966 4997 5650 5389 4990 4943 5152 4974 5174 5058 4878 5100 5439 5335 5289 5184 5210 4891 5374 5245 4694 4993 4989 4829 5190 4774 4959 5454 5096 5313 5169 5242 5054 5180 4706 4961 5147 4875 5103 5001 5362 4401 4997 5217 5205 5016 4862 5203 4984 4820 5130 4704 5423 4512 4834 5145 5039 5193 5148 5290 4930 5009 5280 5148 5244 5270 4702 4806 4945 5195 4777 5059 5232 5231 5112 5304 5241 5309 5277 5189 4410 5171 5073 5052 4767 5028 4598 5075 4903 5070 4867 5063 4600 4979 4540 5342 5164 5685 4840 5196 5145 4669 5117 4868 4376 5302 4671 5275 4605 4821 4814 5261 4870 5524 4975 5444 5031 4892 5179 5115 5434 4971 5385
5285 5587 5433 4830 5264 5324 4861 5029 5109 5164 4521 5008 5066 4855 5033 4930 4707 5565 5340 5261 4889 5115 5002 4874 5234 5177 5315 5068 4955 5046 5490 5399 5157 5032 4950 5133 5006 5604 5152 5196 4885 5143 5043 5593 4921 4730 4975 5347 5503 4846 4949 5569 5169 5370 5572 5469 5555 4986 5159 5191 4913 5602 4946 5297 5388 5002 4614 5426 5420 5454 5220 5227 4787 5368 5146 5341 5062 5365 5172 4803 5203 5321 5034 4809 5224 4863 5417 5056 4867 4900 5363 5082 4870 4993 5279 5360 4845 5716 4957 5055 4778 5369 5120 4573 5238 5178 4970 5340 4994 4773 5088 5211 4490 4920 5257 5190 4836 4836 5363 5391 5051 4917 5616 4871 5053 4830 5034 4843 5136 5475 4787 4898 5225 5143 5150 5469 5228 5194 5154 5179 4884 5143 5266 4948 4985 5443 5311 5032 5143 4930 5018 5345 5349 4968 5049 4971 5017 5298 4797 5102 5540 5152 5389 5285 5130 5158 5010 4842 5194 5521 4956 5265 5051 5307 4874 5332 5318 5154 4974 5017 5222 5226 4840 5787 4723 5307 4643 5078 5123 5104 5236 4906 5138 4965 5076 5036 5023 5459 5565 4749 4894 5078 5339 5047 4803 5189 5231 5233 5110 5300 5078 5279 5047 4905 5304 5072 5156 5050 5130 4705 5075 5136 5471 5012 4996 4754 5243 4814 5093 5373 5608 4831 5376 5327 5197 5255 4985 4817 4953 4981 5137 4957 4622 5305 5409 5114 5416 4813 5278 4939 5235 5330 4972 5476 5092 5430
5132 5605 5686 5228 5418 5599 4959 4973 5314 5575 4935 5327 5467 5197 5514 5221 5133 5600 5577 5471 5059 5083 5149 5102 5523 5100 5603 5378 5474 5241 5682 5268 5325 5499 5273 5157 5194 5310 5437 5387 4895 5579 5307 5767 5046 5204 5430 5335 5782 5152 5577 5475 5698 5482 5570 5837 5807 4972 4994 5399 5325 5393 5355 5530 5481 5344 5218 5672 5504 5728 5391 5423 5172 5688 5060 5672 5103 5538 5167 5251 5695 5456 5339 5041 5508 5103 5537 5301 4969 5251 5552 5212 5259 5458 5562 5520 5127 5603 4914 5087 4984 5543 5477 4801 5503 5516 4796 5517 5179 5150 5590 5776 4977 5200 5443 5404 5154 4800 5380 5732 5220 5176 5660 4870 5246 5069 5265 4914 5362 5518 4890 4963 5301 5396 5271 5926 5393 5344 5330 5343 5142 5536 5663 5199 5111 5572 5654 5394 5379 5362 5268 5487 5334 4915 5144 5081 5110 5580 5135 5088 5544 5321 5623 5635 5541 5330 5363 5230 5671 5668 5060 5412 5224 5589 5016 5581 5381 5399 5143 5238 5431 5195 4984 5799 4914 5918 4638 5445 5477 5401 5516 5075 5646 5338 5332 5423 5407 5476 5400 5226 5251 5132 5493 5384 4926 5599 5582 5400 5765 5692 5684 5351 5377 5184 5707 5214 5177 5103 5297 4956 5217 5298 5582 5407 5631 4913 5365 4953 5534 5426 5637 5220 5498 5366 5261 5422 5274 4724 5126 4892 5626 5156 4913 5377 5447 5366 5681 5371 5550 5229 5418 5544 5241 5770 4995 5633
5365 5819 5536 5203 5545 5530 5112 5463 5326 5917 5060 5328 5617 5059 5549 5487 5090 5720 5598 5464 5057 5248 5066 5101 5689 5113 5329 5397 4973 5114 5483 5510 5032 5690 5322 5220 5216 5549 5345 5674 4924 5694 5260 5745 5413 5125 5515 5389 5701 5402 5638 5903 5581 5603 5483 5543 5635 4940 4923 5292 5254 5621 5356 5895 5484 5237 5299 5650 5304 5441 5479 5637 5428 5464 5314 5529 5301 5430 5332 5163 5585 5530 5648 4807 5582 5136 5745 5292 4872 5456 5487 5427 5021 5339 5602 5557 5235 5705 5280 4979 4749 5129 5577 4955 5676 5571 5147 5507 5179 5170 5741 5658 4982 5195 5618 5422 5095 4921 5358 5634 5017 5194 5562 5045 5279 4988 5433 5114 5277 5704 5295 5113 5297 5066 5294 5897 5508 5334 5576 5205 5496 5411 5562 5327 5399 5433 5647 5587 5449 5238 5411 5267 5341 5373 5344 5122 5261 5505 5100 5329 5751 5387 5621 5338 5361 5596 5367 5399 5473 5697 5000 5158 5330 5699 4969 5464 5382 5555 5347 5173 5334 5646 5279 5693 4943 5441 4789 5161 5633 5345 5532 5183 5736 5129 5345 5414 5722 5457 6005 5218 5379 4982 5601 5325 5300 5390 5622 5421 5679 5498 5331 5394 5537 5087 5454 5402 5366 5020 5062 4907 5361 5450 5612 5568 5395 4952 5748 4980 5617 5615 5888 5032 5535 5016 5433 5328 5149 5087 5313 4973 5540 5120 4839 5077 5674 5387 5998 5374 5660 5218 5418 5620 5258 5874 5320 5797
4963 5343 4961 4700 5109 5147 4691 4987 5047 5200 4594 4993 5068 4810 5095 4976 4636 5271 5479 5046 4797 4760 4925 4872 5244 4640 4969 5143 5025 4637 5281 5030 4875 4978 4958 5109 4603 5037 5065 5246 4618 5339 4855 5426 4780 4783 4870 4992 5340 4901 5218 5329 5121 4835 5021 5402 5319 4706 4904 4861 4914 4937 5053 5373 5372 4943 4837 5108 5189 5024 5113 4974 4977 5202 4667 5120 4788 5002 4930 4731 5032 5339 4969 4422 4933 4549 5296 4706 4532 4837 5028 4972 4783 4863 5013 5068 4879 5355 4980 4705 4518 4965 4842 4538 5420 5046 4477 5216 4897 4862 5045 5466 4542 4478 5321 4926 4579 4685 5185 5084 4701 4420 5250 4514 5111 4811 4948 4591 5109 5166 4645 4799 4853 4929 4958 5310 5003 5153 5040 4989 4805 4832 5051 5022 4912 4799 5046 5043 4824 4843 4696 5250 4855 4631 4997 5042 4801 5221 4714 4760 5263 4863 5275 5234 4822 4655 5073 4706 5101 5092 4601 5113 5168 5421 4715 5148 5275 5028 4755 4792 5281 4844 4804 5295 4495 5365 4403 4945 5412 5142 5027 4760 5101 4880 5156 4943 4809 5090 5086 4783 4894 4654 5082 4990 4957 5216 5258 5074 5195 5283 5303 5258 4966 4680 5261 4905 5345 4873 4698 4658 4804 4956 5046 4997 5139 4737 5055 4496 5186 5223 5645 4697 5174 4887 5092 5011 4516 4495 4940 4514 5196 4657 4686 4738 5261 5037 5318 5085 4988 5325 4781 4976 4803 5013 4759 5183
5102 5364 5254 4989 5500 5106 4773 5028 5394 5482 5086 5065 5642 5072 5297 5341 5211 5393 5329 5503 5027 5348 4964 4983 5403 4921 5111 5318 5100 4772 5208 5396 5284 5359 5304 5163 5117 4945 5276 5573 4943 5607 4917 5562 4970 5246 5057 5462 5489 5013 5504 5577 5391 5429 5380 5217 5429 5259 4789 5006 5204 5456 5184 5673 5280 5137 4830 5453 5278 5188 5163 5219 5153 5211 5103 5467 5123 5340 5135 5004 5429 5223 5084 4674 5316 4848 5441 5389 4618 5126 5292 5297 4780 4809 5174 5278 4775 5385 4993 4842 4642 5112 5398 4578 5623 5391 4919 5258 4916 4993 5385 5369 5070 4780 5490 5307 4650 4645 5333 5523 5043 4993 5468 4702 4758 4826 5273 4879 5314 5241 4842 4843 4817 5103 5110 5507 5134 5031 5211 5065 5389 4909 5397 5144 5231 5325 5339 5531 5104 5315 5097 5089 5020 5060 4959 5020 5025 5700 4900 5293 5690 5002 5492 5387 5266 5081 5367 5126 5138 5651 4908 5154 5030 5483 5051 5387 5491 5257 5088 4876 5487 5422 4804 5400 4808 5558 4564 4975 5344 5009 5309 4824 5220 5048 5276 5259 5391 5307 5480 4894 4801 5060 5554 5222 5245 5253 5193 5335 5825 5455 5310 5082 5411 4728 5349 5504 5203 5199 5251 4710 5000 5193 5223 5261 5267 4782 5062 5027 5052 5462 5600 4873 5346 5290 5271 5108 4965 4756 5335 4730 5257 5124 4706 5092 5254 5081 5463 5114 5398 5130 5181 5595 5196 5687 5298 5532
5239 5588 5537 5205 5508 5486 4921 5102 5329 5813 5121 5284 5623 5329 5427 5452 5017 5650 5563 5311 5096 5337 5045 4912 5412 5228 5315 5166 5150 5170 5614 5241 5258 5498 5103 5288 5134 5281 5322 5639 5040 5661 5114 5753 5293 5055 5505 5205 5589 5063 5678 5759 5496 5426 5342 5464 5558 5004 5332 5264 5549 5328 5472 5578 5520 5276 5021 5289 5527 5600 5389 5598 5275 5457 4990 5643 5090 5490 5298 5301 5494 5495 5296 4771 5343 4983 5645 5436 4667 4972 5639 5343 4890 5134 5343 5431 5099 5805 5162 5289 4856 5404 5291 4991 5622 5550 5047 5458 5290 5182 5125 5513 4929 4957 5424 5561 5152 4874 5395 5727 4975 4994 5853 4786 5309 4922 5273 5098 5246 5623 4961 4847 4960 5237 5320 5826 5320 5399 5475 5339 5210 5252 5378 5169 5321 5383 5519 5380 5319 5479 5008 5503 5334 5179 5268 5077 5083 5700 5116 5209 5590 5280 5477 5514 5475 5273 5561 5222 5417 6005 4874 5422 5347 5631 4831 5478 5499 5314 5098 5188 5406 5327 5219 5598 4889 5674 4901 5277 5382 5377 5423 5092 5366 5207 5244 5589 5229 5360 5591 4911 5006 5261 5517 5412 5222 5462 5499 5378 5484 5777 5299 5399 5391 5137 5618 5431 5472 5232 5060 4874 5018 5359 5402 5197 5605 5022 5342 4865 5445 5625 6002 4724 5592 5245 5336 5135 5209 4643 5367 4900 5272 4944 4919 5155 5535 5222 5368 5141 5482 5337 5697 5461 4900 5793 5244 5541
4822 5347 5242 4799 5262 4968 4580 4822 4718 5266 4587 4953 5098 4886 5037 4814 4690 5089 5065 5016 4749 4896 4904 4650 4988 4876 4885 4955 4897 4458 5299 4932 4420 4617 4804 4945 4810 5200 4896 4902 4363 5614 4805 5288 4683 4775 4777 5117 5327 4596 4950 5462 4883 5085 4924 5428 4990 4637 4790 4689 4842 5349 4998 4988 5283 5010 4691 5256 4985 5053 4785 4978 4895 4672 4944 5109 4837 4926 5046 4580 5022 4981 4816 4252 5112 4599 5271 4936 4386 4818 5118 5176 4648 4847 5110 5330 4686 5394 4759 4697 4433 5137 5078 4642 4988 5188 4625 5089 4807 4721 5145 5373 4535 4344 4662 5053 4388 4553 4921 5311 4554 4993 5150 4335 4903 4868 4704 4648 4839 4959 4436 4781 4933 4580 5032 5375 4977 4847 4978 4804 4804 4949 5019 4924 4887 5007 5131 4588 5070 4755 4731 5021 4934 4515 4820 4723 4611 5120 4523 4772 5272 4808 5275 4809 4997 4928 4844 4817 5183 5043 4545 4671 4962 5362 4504 4829 5202 5082 4918 4888 5054 4795 4984 5153 4550 5189 4432 5000 4999 4729 5100 4643 4935 4821 4731 4857 4913 4817 5302 4899 4666 4956 4890 4781 4628 4805 5025 4821 5043 5430 5061 5174 5117 4595 5201 5203 4933 4776 4580 4626 5102 4920 4983 4827 5196 4420 5073 4364 5016 5222 5772 4463 5075 5093 4859 4988 4858 4451 4920 4759 4967 4774 4310 4747 5115 4820 4958 4669 4974 4729 4915 5210 4810 5393 4934 5458
5117 5651 5259 4659 5142 5443 4970 4974 5040 5167 4943 4809 5022 5060 5055 5256 4990 5639 5266 5042 5332 5071 5004 5163 5109 4933 5144 5120 5017 4647 5147 5228 4737 5127 4897 4929 4686 5385 5080 5372 4790 5670 5088 5568 5010 4688 5159 4996 5507 4908 5077 5487 4986 5028 5049 5286 5472 5309 5143 5121 5258 5304 5241 5396 5281 4943 5053 5463 5256 5202 5402 5351 5037 5203 5082 5047 4931 5343 4935 4802 5239 5164 5143 4669 5281 4694 5330 5210 4683 5225 5153 5043 4799 5166 5240 5334 4938 5413 4892 4864 4725 5398 5194 4690 5220 5384 4989 5308 4966 4995 5012 5415 4642 4486 4972 4830 4684 4709 5274 5576 4857 4894 5464 5033 5035 4945 4965 4794 4790 5670 4916 4997 5108 5025 5183 5762 5394 5150 4948 5033 5365 5280 4961 5296 5006 5350 5349 5085 4983 4975 4705 5164 5126 4972 4915 5410 5196 5276 4823 4915 5273 4904 5468 4934 5095 5172 5437 4739 5246 5516 4711 5109 4953 5598 4871 4952 5188 5370 4628 4971 5096 5102 5114 5227 4931 5191 4724 5108 5269 5188 5445 5015 5320 5268 5272 5137 5162 5340 5173 4770 4791 5224 5146 5029 4806 5138 5281 4846 5260 5584 5468 5230 4871 5153 5129 5103 5265 5024 4787 5085 5022 5217 5328 4975 5185 4975 5271 4860 5239 5408 5690 4741 4805 5189 4999 5394 5247 4703 5384 4786 4911 4689 4659 5043 5515 5056 5278 5039 5361 5158 4971 5244 4917 5518 5069 5582
5217 5620 5345 4968 5554 5357 4763 4838 5371 5621 4901 5319 5248 5128 5549 5335 5083 5507 5336 5108 5008 5199 5241 5162 5223 5029 5441 5193 5203 4975 5238 5356 4943 5511 5286 4858 5129 5022 5222 5558 4845 5689 5576 5636 5009 5154 5066 5299 5726 5003 5460 5527 5418 5257 5385 5800 5449 5141 5054 5321 5499 5321 5196 5739 5394 5026 5121 5223 5485 5315 5140 5409 5094 5522 5105 5313 5209 5282 5292 5254 5491 5316 5274 4892 5465 5025 5601 5299 4691 5129 5162 5432 5039 5009 5479 5231 5113 5703 5013 5004 4879 5043 5134 4904 5533 5416 4965 5156 5041 4966 5433 5642 4800 5063 5314 5182 4906 4802 5251 5750 4968 4886 5607 4959 5279 4992 5188 4919 5109 5515 5012 5099 5198 5086 5203 5700 5276 5290 5172 5368 5523 5154 4961 5112 5153 5519 5580 5452 5192 5155 5138 5401 5320 5177 5179 5455 5300 5318 4995 5017 5780 5269 5734 5552 5545 5298 5516 4945 5304 5811 4992 5303 5222 5532 5189 5438 5504 5382 5139 5102 5324 5475 4967 5591 4923 5439 4908 5016 5210 5379 5218 5350 5664 5340 5282 5376 5400 5365 5362 5042 4993 5367 5413 5060 4997 5261 5286 5098 5447 5630 5548 5203 5216 4797 5470 5202 5419 5237 4904 4944 5333 5353 5403 5448 5062 4880 5564 5036 5452 5521 5821 4835 5490 5081 4982 5395 5050 4814 4989 4846 5183 5067 5118 5193 5756 4953 5301 5286 5305 5217 5345 5243 5453 5560 5225 5542
5316 5883 5804 5042 5382 5625 5092 5188 5084 5542 5127 5197 5476 5447 5295 5525 5105 5460 5380 5258 5336 5387 5088 5270 5462 5147 5151 5265 5107 4824 5594 5255 5283 5375 5250 5268 5007 5521 5460 5596 5052 5534 5488 5754 5191 5123 5344 5382 5754 5050 5529 5684 5231 5642 5389 5426 5703 5051 5053 5292 5600 5627 5052 5674 5677 5058 5154 5412 5377 5504 5426 5108 5437 5217 5245 5710 5005 5138 5007 5155 5234 5439 5376 5206 5260 5019 5582 5213 4806 4996 5341 5313 5127 5520 5401 5241 5141 5602 5044 5144 4979 5388 5484 4921 5510 5621 5046 5346 5276 4924 5436 5657 4782 5101 5318 5332 4931 4823 5339 5458 5270 5096 5786 5128 5224 5225 5109 5189 5227 5564 4978 5293 5149 5127 5457 5816 5322 5394 5155 4970 5200 5295 5245 5222 5358 5241 5568 5238 5313 5374 5153 5261 5367 5303 5283 5123 5036 5525 4938 5201 5686 5469 5541 5545 5533 5368 5588 5174 5407 5872 5048 5245 5253 5646 5293 5308 5315 5509 5193 5300 5448 5403 5089 5473 5010 5605 4919 5065 5088 5414 5530 5166 5548 5146 5161 5095 5298 5152 5661 4946 4967 5262 5708 5271 5182 5246 5526 5211 5492 5595 5547 5321 5448 5018 5379 5541 5186 5173 5119 4829 5165 5299 5605 5414 5440 4973 5445 5130 5513 5109 5928 5077 5294 5299 5357 5480 5017 4732 5218 4997 5390 4943 5014 5213 5672 5122 5613 5367 5488 5236 5349 5461 5132 5639 5259 5600
5600 6006 5656 5033 5714 5614 5240 5062 5563 5814 4964 5137 5348 5097 5549 5425 5133 5715 5476 5367 5075 5559 5074 5148 5409 5253 5526 5342 5378 5093 5609 5456 5109 5708 5502 5195 5436 5283 5580 5756 5083 5650 5323 5775 5481 5094 5413 5500 5728 5094 5670 5962 5503 5474 5650 5652 5721 5109 5689 5403 5581 5635 5325 5904 5596 5296 5282 5399 5512 5490 5284 5903 5325 5350 5340 5634 5153 5587 5173 5213 5730 5700 5486 4822 5420 5298 5692 5280 5018 5135 5462 5315 5154 5255 5598 5316 4950 5739 5135 4939 4733 5403 5420 4942 5732 5645 5176 5477 5203 5057 5353 5405 5050 5078 5530 5073 5028 4869 5489 5786 4982 4885 5779 5091 5374 4982 5337 5086 5378 5608 5381 4936 5372 5116 5536 5710 5451 5394 5394 5262 5577 5470 5498 5536 5586 5694 5716 5528 5518 5322 5478 5554 5489 5428 5348 5411 5516 5862 5239 5470 6011 5459 5753 5684 5490 5477 5551 5370 5378 5811 5100 5489 5418 5395 5090 5679 5622 5792 5344 5274 5526 5375 5388 5595 5140 5456 4782 5243 5556 5444 5377 5266 5516 5301 5382 5377 5434 5597 5676 5389 4885 5123 5421 5245 5393 5291 5864 5251 5346 5569 5427 5470 5492 5212 5544 5298 5642 5441 5268 5139 5475 5458 5453 5249 5573 5019 5490 5359 5385 5570 6003 5070 5616 5421 5526 5401 5349 4855 5391 4850 5172 5048 5063 5258 5493 5484 5392 5094 5667 5252 5468 5919 5215 5806 5460 5748
5270 5397 5499 5030 5483 5452 4902 5058 5188 5438 4886 4991 5510 4963 4884 5144 5186 5672 5262 5630 4791 5061 5043 4884 5456 5076 5340 5120 4929 5040 5546 5335 5046 5337 4947 5165 4866 5552 5198 5414 4825 5541 5014 5556 4992 5047 5083 5624 5516 5164 5101 5459 5571 5463 5038 5518 5400 4989 4839 4876 5202 5575 5214 5453 5494 5005 5062 5338 5384 5390 5124 5176 5106 5229 4909 5457 5031 5156 5133 5016 5465 5267 5384 5040 5298 5092 5366 5294 4713 4769 5433 5291 4959 5215 5492 5469 4715 5451 4918 4966 4855 5089 5060 4816 5424 5314 4928 5223 4918 5197 5478 5253 4790 4646 5279 5112 4780 4841 5332 5676 4981 4932 5652 4967 4998 4959 5229 4752 5089 5313 4738 4925 4959 4965 4960 5739 5212 5240 5307 5245 5075 5122 5210 5421 5345 5077 5358 5298 5428 5046 5189 5375 5315 4893 5207 4978 5227 5447 5159 5136 5359 4873 5293 5157 5174 4993 5231 5104 4974 5668 4867 5122 4966 5472 4998 5257 5318 5181 4759 5123 5420 5312 5183 5568 4776 5461 4990 5024 5465 5134 5388 5089 5424 5239 5320 5291 5426 5374 5392 4784 4812 5103 5287 5221 5109 5299 5341 4997 5155 5501 5288 4869 5299 4867 5229 5114 5003 5275 4795 4942 4911 5200 5396 5036 5313 4929 5464 4936 5627 5269 5626 4841 5241 5118 5075 4987 5103 4787 5127 4736 5147 4910 4871 5059 5486 5239 5516 5254 5326 5225 5172 5630 4760 5685 4869 5418
4641 5326 5005 4416 4821 4922 4510 4727 4663 5065 4523 4765 4673 4643 4972 4833 4396 5151 5052 4785 4493 4597 4791 4675 4846 4482 4677 4910 4586 4660 4854 4674 4536 4879 4853 4724 4444 4738 4833 4967 4514 5121 4584 5097 4839 4633 4896 4807 4950 4246 4783 5245 4768 4800 4692 4749 5023 4415 4675 5002 4848 5036 4695 5270 4858 4611 4401 4949 4725 4810 4705 4881 4571 4733 4670 4863 4648 4698 4672 4511 4869 5049 4981 4322 4741 4675 5102 4785 4119 5040 4768 4783 4636 4854 5028 4939 4831 4830 4597 4669 4476 4701 4828 4518 5121 5161 4392 4917 4554 4474 5016 5180 4180 4331 4925 4801 4305 4438 4704 4931 4424 4419 4997 4530 4836 4338 4815 4554 4828 5105 4339 4688 4669 4662 4994 5143 4911 4573 4818 4699 4867 4693 4988 4428 4959 4808 4811 4701 4812 4709 4417 5025 4657 4831 4745 4990 4724 5022 4276 4555 4984 4674 4989 4923 4857 4801 5066 4402 4984 5222 4488 4822 4751 5265 4832 4489 5117 4989 4572 4490 4820 4741 4755 4978 4373 4933 4404 4706 4708 4649 4526 4736 5130 4491 4807 4744 4881 5297 5198 4717 4714 4689 4946 4729 4650 4786 5140 4740 4877 5066 4955 4611 4898 4406 4942 4759 4846 4801 4474 4322 4544 4612 4947 4865 4840 4439 4981 4319 4870 4889 5362 4206 4877 4797 4710 5021 4741 4329 4666 4238 4820 4366 4393 4617 5120 4648 5116 4852 4969 4757 4930 4964 4615 5226 4836 5029
5368 5467 5495 5449 5328 5379 4967 5035 4953 5273 4954 5220 5339 4963 5481 5312 5116 5525 5445 5210 5197 5430 5179 4963 5487 5193 5104 5098 5196 5096 5665 4978 5063 5554 5267 5133 5307 5138 4976 5638 4922 5571 5272 5596 5040 4917 5330 5462 5671 4984 5383 5689 5480 5463 5415 5505 5658 4908 5275 4860 5387 5464 5466 5594 5542 4937 4905 5282 5409 5558 5288 5213 5066 5382 5214 5431 5410 5436 5309 4922 5552 5507 5328 4963 5305 5010 5728 5183 4713 5092 5422 5308 5166 4893 5379 5505 4944 5645 5037 5103 4697 5293 5153 4591 5669 5377 4964 5096 4898 5265 5320 5554 4900 4920 5114 5285 4849 4899 5458 5588 5178 4800 5513 5076 5306 5064 5245 4917 5217 5442 5062 5117 5164 5220 5109 5570 5145 5446 5357 5342 5311 5174 5357 5342 5537 5191 5497 5159 5616 5243 5189 5361 5283 5161 4929 5153 4906 5287 4955 5199 5553 5316 5489 5214 5211 5338 5536 5103 5195 5865 5189 5115 5199 5263 4979 5274 5486 5447 5078 5093 5423 5284 5185 5638 5001 5700 4742 5373 5675 5374 5077 5169 5566 5070 5297 5214 5225 5550 5748 4999 5183 5323 5202 5211 4981 5292 5518 5136 5498 5505 5412 5336 5449 5000 5353 5266 5276 5278 5065 5087 5370 5192 5512 5223 5411 4861 5498 5006 5151 5309 5761 5108 5457 5371 5379 5316 5069 4962 5126 4923 5239 4842 5068 5201 5502 5219 5828 5353 5510 5275 5137 5372 5159 5631 5292 5577
5114 5239 5063 4582 4872 4903 4588 4750 5225 5304 4732 4812 5087 4947 4966 4891 4475 5047 5227 5185 4683 4923 4827 4709 5210 4830 4931 5185 4819 4665 5287 5056 4861 5069 4979 4656 4875 5178 4811 5286 4750 5258 4917 5093 4777 4768 5004 5072 5248 4607 5266 5396 5319 5174 5306 5278 5382 5001 5030 5091 5181 5180 5144 5336 5245 4980 4744 5207 5108 5397 4857 4835 4834 5062 4923 5229 4961 5169 4609 4911 5028 5092 4934 4543 4944 4902 5352 5062 4500 4955 5206 4827 4877 4760 4741 5186 4935 5345 4859 4926 4535 5100 4875 4673 5149 5236 4575 4908 4866 4898 4881 5273 4856 4635 4942 5223 4443 4634 5144 5338 5055 4701 5308 4578 4721 4714 5141 4482 4984 5106 4822 5042 4860 4917 5143 5271 5059 4956 4951 4902 4829 4744 5127 4914 4879 5262 5215 4905 5344 4942 4846 4997 5194 4943 5015 4869 4814 5050 4775 5055 5268 5046 5208 5150 5141 4755 5075 5039 5007 5200 4694 5277 4874 5166 4857 5169 4884 4832 4855 4818 5155 5098 4947 5283 4771 5128 4637 4635 5400 4960 5025 4720 5273 5001 4876 4971 4774 4966 5335 4726 4833 4932 5228 4983 4723 5168 5122 4889 5111 5387 5313 4947 5106 4397 4768 4712 4939 4886 5117 4539 4873 4798 5135 4786 4970 4482 4942 4665 5082 5405 5275 4603 4864 5024 4842 5028 4809 4693 4991 4578 4925 4699 4694 4688 5097 4873 5223 4789 5110 4969 4927 5237 4741 5385 5009 5332
4894 5045 5191 4657 4818 4974 4537 4586 4710 5183 4630 4791 5043 4689 4902 4687 4749 5170 5025 4723 4905 4790 4749 4807 5256 4882 5207 4965 4818 4779 5068 4912 4697 4908 4900 4761 4873 4994 4841 5168 4331 5063 4616 5255 4670 4642 5036 5097 5140 4485 5093 5277 5020 5041 5098 5164 5072 4557 4864 4805 4836 4770 5338 5154 4998 4628 4813 4900 4971 5214 4873 4880 4675 4821 4874 4741 4666 5064 4698 4599 4959 4970 4854 4743 4948 4569 5278 4782 4145 4695 4955 4848 4890 4734 4989 4930 4600 5393 4625 4870 4606 4991 4984 4471 5046 5087 4443 5095 4681 4899 4973 4870 4252 4762 4788 4832 4650 4247 4933 5166 4540 4530 5280 4718 4960 4687 4656 4784 4892 5091 4593 4612 4688 4887 4957 5203 4857 4651 4906 4914 4927 5113 5068 4771 4931 5016 5080 5073 5016 4872 4790 5117 4900 4535 4825 4460 4819 4893 4696 4538 5239 4830 5180 4971 4652 5037 5040 4830 4969 5514 4700 5011 4692 5141 4679 5330 5093 4821 4667 5185 4974 4733 4869 5300 4734 4743 4443 4910 5184 4785 4978 4481 4930 4592 5004 4612 4793 5079 5148 4842 4702 4803 5036 4806 4549 5095 5032 5011 5071 5431 5019 4967 4703 4579 4955 4985 5043 4707 4713 4545 4984 4861 5190 4791 4903 4354 5054 4786 5106 4969 5069 4405 4826 4903 4970 5093 4724 4331 4742 4368 4832 4727 4612 4846 5113 4671 4958 4554 5025 4913 4856 5080 4819 5366 4801 5346
5449 5837 5712 5014 5639 5635 5061 5446 5476 5919 5212 5454 5568 5298 5691 5318 5183 5667 5655 5621 5219 5594 5274 5116 5416 5318 5339 5322 5261 4998 5529 5551 5252 5476 5177 5157 5397 5528 5566 5615 5259 5704 5555 5917 5126 5081 5445 5484 5997 5267 5699 5945 5512 5529 5758 5792 5737 5208 5038 5261 5694 5909 5450 5832 5738 5319 5418 5892 5405 5452 5380 5439 5259 5565 5260 5443 5191 5469 5159 5221 5517 5591 5291 4966 5527 5084 5820 5384 4845 5141 5569 5261 5238 5424 5270 5517 5315 5707 5178 5241 5106 5393 5531 4933 5669 5641 5207 5552 5165 5265 5586 5950 5297 5072 5689 5554 5144 5043 5611 5762 5118 5429 5877 4944 5254 5122 5416 4836 5304 5502 5000 5258 5424 5185 5567 5827 5525 5329 5552 5439 5441 5513 5638 5273 5281 5597 5518 5324 5476 5425 5378 5723 5533 5286 5385 5148 5266 5638 5200 5102 5869 5382 5801 5906 5405 5339 5475 5387 5586 5685 5087 5659 5346 5676 4865 5587 5401 5691 5246 5171 5555 5471 5194 5518 5011 5486 4810 5108 5535 5416 5480 5242 5777 5274 5388 5406 5375 5701 5755 5026 5225 5314 5402 5034 5231 5618 5491 5462 5660 5781 5647 5469 5470 5053 5476 5133 5405 5220 5226 4891 5449 5643 5618 5390 5524 5019 5182 5085 5556 5644 6074 5185 5227 5349 5187 5540 5173 5020 5259 5035 5491 5224 5007 5408 5811 5397 5792 5128 5480 5407 5369 5416 5369 5814 5377 5725
5045 5347 5050 4870 5305 5415 5045 4959 5023 5204 4842 4981 5295 4720 5050 5095 4699 5312 5487 5053 4879 5175 4931 5062 5195 4869 5235 5012 4845 4885 5364 4985 4898 5332 5087 5061 4984 5203 5140 5609 4616 5508 5200 5748 4878 4961 5376 5279 5307 4707 5532 5524 5226 5135 5278 5481 5543 4798 5112 4899 5181 5358 4927 5515 5297 4949 4796 5234 5125 4975 5191 5397 5032 5029 5146 5054 5334 5149 4851 4760 5105 5455 5105 4647 5379 4835 5401 5129 4556 5169 5054 5306 4838 4816 5261 5044 4933 5076 4922 4764 4584 5039 5088 4746 5371 5136 4704 5105 4928 5024 5161 5384 4642 4692 5289 5246 4601 4996 5209 5287 4865 5104 5362 4705 5095 5081 5024 4759 4925 5278 4674 5092 4971 4962 5072 5331 5385 5157 5479 5149 5244 5001 5212 5072 4982 5090 5296 5243 5189 5214 4928 5250 5082 5156 4904 4908 4885 5278 4791 5061 5743 5202 5432 5281 5078 5121 5028 5244 4969 5336 4867 5111 5139 5244 4956 5201 5317 5110 5115 5097 5220 5074 4941 5297 4831 5293 4776 4816 5234 5139 4973 4932 5256 4944 5004 5187 5288 5395 5354 4793 4884 4939 5377 4844 5075 5069 5140 4966 5502 5438 5381 5172 5238 4824 5365 5205 5118 4963 4704 4871 5120 5039 5111 5068 5233 4909 5091 4779 5231 5406 5514 4601 5315 5146 5018 5183 4999 4808 5085 4665 5091 4969 4703 4870 5216 5116 5495 5040 5365 5285 5404 5318 4950 5443 5169 5314
4963 5334 5214 4875 5188 5191 4601 4686 4920 5533 4674 5314 4877 4863 5118 5013 4964 5347 5388 5077 4803 5026 5022 4780 5292 5000 5104 5233 4847 4866 5335 5008 4955 5204 5049 4965 5071 5236 5155 5495 4612 5366 4932 5595 5106 4762 4857 5146 5376 4958 5170 5521 5449 5109 5039 5370 5460 4923 4839 5020 5153 5295 4908 5388 5491 4796 4855 5394 5353 5410 5030 5078 5130 5291 4883 5062 4907 5001 5105 4705 5215 5303 4957 4749 5000 4574 5198 5107 4330 4877 4915 5039 4810 4937 5092 5321 5153 5416 4813 4856 4687 5102 4857 4750 5263 5263 4680 5070 4847 5004 5124 5314 4854 4789 5017 5262 4577 4602 5162 5644 4794 4957 5310 4768 5095 4678 4842 4782 5129 5266 4741 4767 5012 5020 4954 5572 4947 4743 5147 4800 5096 5207 5122 5110 5164 5261 5251 5125 5003 5228 4982 5112 5247 4802 5072 4977 5020 5256 4795 4868 5174 5098 5390 4927 4996 4925 5150 4885 4975 5468 4594 4938 4920 5243 4654 5058 5094 5203 4841 5064 5157 5197 4983 5203 4807 5280 4663 4975 5136 4718 5317 4892 5343 4968 5001 4950 5249 5411 5493 5015 4853 4868 5013 4889 4858 5324 5185 4991 5402 5461 5252 4846 5310 4821 5093 4976 5314 5056 4742 4783 4776 5055 5371 4948 5244 4600 5119 4854 5158 5194 5422 4688 5157 5164 5237 5258 4906 4788 4849 4556 4968 4921 4652 5103 5348 4813 5263 5345 5325 5047 4983 5249 5058 5515 4946 5402
5313 5811 5290 5269 5413 5403 4728 5072 5142 5698 5195 5331 5527 4953 4919 5141 5101 5534 5402 5458 4880 5058 4885 4874 5315 5172 5379 5428 4924 4944 5169 5178 5086 5421 5166 5133 5225 5389 5444 5694 4612 5368 5135 5714 4927 5143 5135 5328 5450 5151 5367 5658 5222 5300 5196 5708 5383 5039 4962 5291 5097 5193 5234 5862 5540 5247 4938 5409 5017 5424 5210 5174 4813 5342 5145 5323 4779 5271 5031 5093 5516 5136 5539 4804 5135 4863 5437 5395 4446 5282 5491 5339 5096 5162 5119 5236 5300 5518 5033 5004 4596 5155 5267 4911 5520 5520 5071 5366 5166 4952 5531 5414 4899 5046 5217 5086 4803 4912 5407 5256 5060 4967 5610 4747 4986 5083 5312 4814 5142 5260 5038 5070 5052 4996 5267 5512 5380 5299 5294 5172 5678 4995 5476 5045 5233 5333 5288 5275 5099 5281 4938 5373 5526 5115 5210 5253 5156 5729 5129 5141 5652 5096 5386 5122 5133 4995 5402 5035 5402 5634 4736 5300 4825 5550 4810 5421 5234 5468 4992 5164 5439 5384 4847 5437 4980 5408 5042 4839 5547 4975 5278 4977 5224 5144 5560 5403 5422 5433 5725 4935 4994 5070 5378 5126 5327 5342 5376 5170 5706 5683 5423 5384 5158 4882 5334 5172 5364 4988 5096 4773 4992 5320 5355 5235 5391 5049 5155 4846 5409 5460 5804 5008 5378 4996 5358 5200 4961 5074 5099 4776 5182 4922 5048 5235 5550 5126 5322 5124 5311 5256 5171 5356 5318 5553 5410 5649
5259 5601 5290 4794 5556 5062 4850 5066 4966 5341 5090 5170 5207 5003 5124 4954 4852 5520 5291 5230 4785 5134 4922 4827 5222 4878 5064 5218 4896 4948 5272 5383 4984 5166 4842 4788 5127 5042 5033 5691 4620 5507 4999 5332 4776 4771 4695 5162 5330 4923 5410 5536 5330 5182 5117 5234 5340 4992 5053 5107 5169 5332 5165 5465 5415 4997 4896 5456 5246 5517 5158 5489 4905 5191 4838 5135 4970 5406 4860 4736 5321 5398 4960 4559 5180 4745 5409 5012 4480 5486 5168 5143 4912 5173 5172 5309 4640 5505 5075 4620 4579 5110 4943 4543 5592 5386 5082 5261 5161 4956 4954 5348 4437 4744 5204 5083 4661 4890 5483 5395 4833 4943 5704 4592 5096 4878 5234 4791 5226 5266 4870 4988 4718 5041 5034 5756 5195 5278 5287 5190 5325 4889 5186 5032 5127 5189 5268 5262 5151 5231 5043 5322 5239 5009 4922 4942 4898 4989 4651 4986 5375 5038 5638 5121 5225 5222 5438 5002 5330 4994 4961 5134 4850 5356 4962 5306 5000 5139 5072 5046 5344 5054 4696 5303 4741 5374 4551 5035 5618 5146 5130 4885 5443 4956 5251 5054 5224 5498 5168 4870 4938 5008 5347 4884 4931 5410 5170 5162 5358 5400 5389 4952 5243 4736 5656 4914 5080 4842 5075 4887 4887 5246 5493 4966 5111 4977 5134 4753 5281 5425 5392 4876 4981 5257 5018 5389 5066 4923 4957 4849 5196 5098 4724 4877 5308 5175 5436 5298 5243 5104 5125 5553 4879 5565 5232 5292
5263 5437 5204 4682 5346 5350 4900 4963 5030 5467 4705 5212 5070 4888 5039 4977 4703 5377 5187 5170 5098 5028 4802 4873 5107 5093 5188 4891 5121 4837 5149 5394 4729 5264 5115 4933 5112 5277 5337 5579 4954 5305 5349 5622 5131 4756 5030 5176 5358 4998 5260 5517 5138 5160 5183 5367 5344 4907 5041 5128 5074 5207 5062 5774 5145 5041 4750 5120 5159 5401 5233 5329 5152 4784 4997 5334 4850 5101 5020 5038 5090 5393 5148 4840 5391 4716 5439 5143 4449 5109 5232 5064 4781 4979 5143 4949 5002 5369 5036 4960 4641 4962 4941 4567 5359 5442 4787 5242 4926 4960 4877 5266 4525 4591 5240 4968 4791 4617 5375 5246 4964 4840 5406 5012 5005 4961 4994 4727 5046 5470 4671 5085 4952 4953 4961 5567 5070 4967 5244 5081 5173 5183 5245 5131 5079 4938 5072 5177 5077 4994 5233 5117 5230 4993 5100 4972 4952 5469 4893 5318 5616 4986 5424 5224 4915 5166 5042 4848 5151 5421 4993 5153 4920 5481 4992 5372 4916 5104 4823 5117 5275 5193 5114 5344 4954 5313 4627 4768 5406 5031 5222 4627 5342 4914 5119 5177 5131 5228 5409 4862 4992 4981 5335 5163 4840 5085 5284 4943 5331 5406 5396 5151 5115 4839 5258 5032 5034 5057 4772 4882 4989 5277 5253 5043 5155 4770 5250 4870 5309 5128 5482 4729 5307 4845 5295 5177 4897 4848 4845 4812 5052 4911 4667 4923 5423 5011 5594 4930 5187 5134 5056 5201 4908 5468 5046 5093
4794 5383 5200 4771 5224 5227 4530 4809 5035 5274 4662 5002 4838 4882 5263 5042 4748 5190 5337 5289 4789 4964 4902 4637 5342 5019 5116 4947 4900 4621 5178 5021 5000 5002 5166 5006 5008 5186 5041 5253 4642 5287 5300 5479 4898 5010 5083 5378 5453 5075 5390 5392 5128 5283 5040 5220 5314 4688 4768 4809 5341 5156 5170 5506 5263 4750 4783 5381 4933 5466 5103 5275 5008 5075 5052 5137 4738 5007 5103 4736 5140 5017 5040 4669 4865 4723 5200 5191 4558 4897 5233 4972 4906 5157 5133 5119 5013 5521 4933 4797 4801 5012 5229 4724 5612 5487 4558 5150 4630 4878 5179 5416 4449 4487 5248 4928 4753 4411 5028 5161 4694 4781 5296 4687 5121 4789 4971 4672 4979 5106 4628 5089 4902 4563 4829 5570 5097 4873 5132 4905 5118 4980 5080 5126 5013 5034 5173 5092 5045 4932 5017 5001 5001 4869 4621 5045 4835 5361 4677 4894 5201 4904 5394 5260 5062 5033 5139 4951 4941 5312 4618 5254 5041 5165 4646 5209 5349 5332 5050 5049 5032 5254 4845 5116 4407 5321 4460 4817 5128 5110 5148 4677 5121 4827 4876 5265 4974 5124 5447 4647 4647 4834 5212 4997 4955 4973 5004 5100 5413 5247 5153 5040 5138 4672 5187 5082 5036 4741 4694 4751 4596 5171 4876 5266 5285 4545 5279 4943 5280 5100 5646 4855 5224 4964 4784 5118 4933 4545 5062 4610 5161 4834 4659 4752 5652 4980 5622 5075 5010 4746 4956 5148 5101 5632 4971 5491
5469 5722 5705 5202 5380 5525 4940 5084 5258 5526 4685 5032 5368 5281 5483 5476 4901 5557 5406 5444 5081 5387 4874 5113 5336 4920 5197 5322 5107 4927 5520 5400 5247 5336 5365 5250 5188 5403 5192 5471 4972 5551 5465 5409 5040 5067 5244 5060 5808 5276 5425 5545 5424 5025 5459 5739 5836 5206 5355 5239 5460 5402 5389 5641 5321 5037 5139 5729 5336 5441 5241 5249 4956 5284 5314 5330 5143 5620 5240 5227 5348 5327 5409 5000 5360 4951 5581 5114 5050 5175 5576 5233 5225 5055 5443 5266 4932 5552 4885 5090 4807 5223 5238 4835 5529 5569 5072 5499 4976 5059 5183 5726 4962 4801 5530 5213 4905 4791 5510 5592 4971 5268 5661 5155 5359 5264 5330 4975 5140 5559 4965 5121 5266 5194 5467 5732 5340 5162 5364 5236 5376 5167 5329 5283 5164 5416 5332 5194 5244 5453 5218 5365 5601 4748 4915 5085 5151 5363 4907 4964 5750 5026 5603 5553 5524 5165 5413 4934 5149 5425 4918 5259 5340 5446 5062 5428 5311 5380 5161 5249 5347 5321 5080 5643 4991 5597 4605 5144 5204 5226 5483 5041 5548 5325 5409 5094 5077 5594 5545 4945 4754 5268 5469 5260 5132 5252 5293 5007 5406 5512 5549 5425 5487 5067 5501 5242 5109 5224 4997 4822 5211 5308 5624 5640 5239 4639 5288 4836 5533 5491 5959 4887 5267 5267 4992 5447 5004 4781 5310 5095 5261 4763 4927 5306 5722 5136 5551 5068 5449 5175 5351 5308 5042 5473 5426 5505
5261 5543 5471 4891 5272 5461 4948 5041 5116 5705 4862 5301 5520 4856 5297 5098 4928 5623 5167 5075 5006 5070 4937 5094 5332 5031 5153 5190 4966 4979 5265 5165 5028 5135 5203 5086 5034 5108 5334 5484 4885 5453 5352 5665 5203 5072 5209 5324 5382 5147 5508 5726 5337 5120 5229 5459 5544 5113 5196 5183 5364 5407 5129 5357 5510 5139 5249 5339 5293 5313 5465 5477 5013 5428 5122 5289 5237 5274 5076 4786 5327 5324 5085 4774 5187 4933 5498 5130 4607 5197 5447 5158 4825 5150 5179 5534 4941 5345 4810 5146 5014 5138 5384 4927 5379 5436 4942 5606 5267 5033 5418 5309 4668 4707 5336 5187 4751 4573 5338 5431 4939 5072 5635 4676 5143 5285 5352 5014 4991 5428 4715 5238 5154 5273 5097 5635 5347 5334 5251 5273 5095 4997 5048 5229 5133 5276 5312 5410 4981 5135 5134 5561 5214 5041 5149 5075 5169 5363 5002 5048 5697 5275 5677 5468 5514 5462 5564 5111 5474 5654 4666 5342 5041 5584 4900 5301 5372 5281 5207 5068 5327 5490 4696 5328 4841 5286 4928 5174 5670 5094 4980 5190 5301 4921 5215 5210 5352 5603 5412 5164 4896 5095 5596 5180 5479 5501 5425 5125 5555 5546 5102 5552 5546 4836 5438 5387 4970 5069 5048 4817 4950 5191 5404 5002 5417 4980 5161 4737 4996 5728 5817 4648 5304 5158 5150 5349 5290 4750 5322 4873 5287 5212 4849 5135 5181 5250 5466 5120 5444 5180 5213 5152 5226 5384 5192 5504
5068 5471 5186 4535 5060 5282 4527 4702 5017 5195 4685 4978 5268 4900 5073 5076 4606 5348 5116 4938 4865 4703 4525 4966 4988 4923 4954 5077 4676 4933 5261 4936 4659 4927 4822 5030 4663 5004 5045 5188 4707 5167 4944 5479 4959 5101 4599 5001 5288 4790 5013 5416 4936 5175 4907 5174 5204 5018 5001 4832 5057 5472 4819 5150 5275 4995 4624 4996 5066 5069 4869 4998 4921 5189 4965 5185 4920 5041 4944 4591 4994 5157 5164 4583 5189 4594 5183 4637 4516 4959 5032 5176 4483 4874 5035 5030 4579 5405 4643 4512 4649 4970 5198 4405 5017 5090 4628 5111 4876 4640 5224 5041 4399 4533 5097 5000 4399 4543 5112 5151 4555 4742 5302 4680 4960 4602 5088 4550 4960 5187 4685 4827 4696 4871 4970 5475 5023 4987 5067 4801 5088 4736 4774 4967 5117 5076 5190 5097 5092 4851 4608 4828 5121 4823 5029 5052 5072 5309 4489 4876 5496 4857 5366 5101 4975 4694 4982 4764 4772 5214 4711 5049 4871 5478 4838 5283 5017 5075 4701 5004 5164 4899 4652 5230 4536 5145 4651 4760 5217 5055 5012 5020 5071 4613 4965 4888 5151 4891 5323 4741 4828 4875 5083 4763 4976 5028 5115 4835 5119 5304 5162 4951 5050 4566 5019 5129 5045 4909 4433 4555 4923 4850 5086 4994 5140 4575 5065 4541 5020 5260 5492 4395 5055 4876 4978 4842 4993 4453 4778 4719 4738 4621 4623 4821 5133 4920 5250 4893 5089 4770 4884 5031 4830 5245 5101 5265
4950 5630 5384 4639 5344 5326 4724 4914 5067 5265 4868 5140 5344 4955 5117 4902 4917 5456 5270 5356 5124 5083 5132 4741 5211 4973 5124 4689 4962 4706 5184 5167 4944 5153 5163 5136 4767 5286 5061 5484 4589 5666 4959 5585 5043 4783 5250 5143 5459 4998 4961 5347 4986 5154 5388 5258 5515 4834 4761 5311 5164 5498 4851 5297 4941 5025 4875 5317 5168 5144 5165 5238 5103 4891 5038 5206 4933 5250 4816 4787 5252 5077 5019 4651 5003 4807 5425 5165 4485 4983 4998 4944 4724 5049 5193 5201 5019 5374 4746 4730 4828 5201 5060 4824 5494 5198 4765 5212 4837 5004 5409 5735 4610 4690 5128 5015 4905 4695 5134 5457 4738 4748 5536 4706 4971 4916 4954 4663 5214 5066 4807 4805 5100 4698 5100 5412 5311 5059 5258 5070 5319 5221 4947 5097 5072 5223 5458 5287 5019 5149 4813 5287 5153 4668 4780 4976 4991 5497 4741 4626 5292 4911 5341 5068 5187 5028 5194 4884 4918 5572 4512 5149 5181 5200 4661 4987 5320 5236 5086 4872 5188 5340 5177 5289 4721 5203 4600 4848 5122 5123 5242 5038 5577 5012 4945 5266 5335 5200 5435 4663 4761 4906 5083 4974 5028 4761 5313 4956 5269 5461 5326 5253 5170 4754 5336 5009 5137 4979 4782 4760 4853 5074 5289 4795 5317 4785 5261 4724 5169 5219 5773 4594 4931 5041 5010 5151 5200 4549 5204 4638 5132 4896 4407 5083 5521 5066 5339 5122 5186 5126 5032 5136 5167 5503 4978 5405
5285 5991 5612 5215 5594 5813 5031 5476 5350 5722 4868 5229 5373 5247 5570 5528 5219 5825 5615 5569 5429 5407 5318 5096 5528 5365 5466 5539 5531 5008 5610 5572 5271 5607 5529 5336 5248 5681 5268 5690 5093 5559 5533 5733 5195 5261 5617 5369 5734 5165 5655 5882 5504 5547 5465 5773 5703 5386 5401 5357 5440 5698 5527 5761 5430 5403 5172 5583 5758 5546 5495 5487 5447 5576 5470 5631 5194 5564 5548 4980 5494 5529 5635 4976 5566 5181 5605 5492 4897 5451 5543 5349 5066 5580 5638 5597 5379 5786 5222 5221 4875 5570 5428 4995 5722 5653 5191 5567 5322 5204 5414 5928 5065 5032 5434 5467 4882 4942 5635 5779 5313 5128 5917 5138 5482 5177 5472 5000 5511 5770 5274 5329 5622 5099 5585 5975 5413 5249 5671 5310 5489 5457 5618 5608 5439 5625 5803 5508 5582 5469 5330 5577 5643 5240 5217 5760 5405 5619 5228 5385 5795 5388 5784 5546 5552 5506 5619 5201 5564 5875 5032 5558 5302 5937 4941 5380 5772 5685 5478 5231 5537 5458 5181 5885 4944 5714 4845 5303 5554 5538 5611 5356 5529 5450 5324 5576 5303 5606 5687 5349 5202 5262 5620 5480 5232 5525 5641 5291 5545 5667 5550 5647 5419 5404 5606 5443 5629 5436 5195 5120 5318 5222 5422 5473 5504 5065 5554 5394 5580 5743 6164 4953 5693 5669 5489 5867 5442 5003 5464 5153 5472 5036 5125 5300 5816 5276 5547 5230 5692 5309 5291 5525 5475 5940 5511 5978
5115 5686 5392 4922 5502 5537 4807 5226 5141 5517 4781 4955 5263 5036 5529 5072 4823 5266 5168 5260 5187 4941 4987 5094 5240 5162 5350 4949 4932 5090 5473 5166 4883 5196 5076 4956 5132 5458 5084 5227 4796 5695 5117 5393 4919 5131 5343 5170 5274 4961 5278 5545 5176 5162 5239 5460 5421 5144 5187 5184 5385 5246 5251 5527 5524 5371 5027 5202 5196 5269 5177 5313 5195 5311 4894 5506 5133 5214 4975 4866 5320 5145 5386 4784 5539 4760 5793 5273 4492 5027 5202 5326 5107 5069 5245 5375 4944 5469 4955 4967 4924 5141 5012 4659 5436 5396 4806 5393 5202 5034 5360 5619 4689 4643 5236 5171 4855 5023 5312 5582 4763 4980 5712 4973 5270 5075 5066 4835 5272 5543 5024 4970 5147 5147 5219 5519 5303 5318 5066 5244 5316 5313 5017 5390 5240 5369 5517 5304 5173 5224 5172 5394 5244 5095 5175 5203 5068 5446 4749 4943 5646 5165 5698 5219 5402 5164 5340 4981 5257 5474 4852 5018 5032 5769 4624 5121 5147 5429 4849 4757 5309 5169 5128 5717 4819 5095 4804 5059 5358 5466 5268 5002 5447 5268 5205 5126 5353 5318 5543 5126 4916 5323 5296 4988 4958 5230 5304 4935 5337 5404 5379 5265 5093 4814 5315 5159 5071 4993 4954 4824 4852 5268 5289 4940 5250 4687 5173 4936 5197 5470 5850 4752 5305 5235 4605 5253 4936 4695 5147 5013 5103 4796 4861 5168 5535 5082 5509 5071 5485 5100 5378 5302 5296 5457 5119 5552
5221 5605 5625 4868 5484 5140 4738 4970 5037 5362 4906 4966 5336 4934 5455 5031 4909 5422 5274 5486 4763 5245 5150 4699 5270 5025 5052 4976 4875 4949 5115 5352 4758 5510 5387 5061 4959 5306 5190 5260 4722 5341 5194 5413 4963 4837 5169 5379 5586 4872 5210 5427 5214 5456 5362 5498 5734 4690 5029 5258 5264 5340 5185 5300 5312 4919 4908 5432 5125 5247 5191 5255 4866 5127 4931 5279 4986 5295 5105 4826 5136 5280 5218 4741 5019 4726 5407 5046 4581 5011 5328 5074 4850 4933 5497 5291 5022 5527 5089 5029 4571 4887 5273 4749 5381 5196 4688 5197 4795 4993 5093 5712 4776 4793 5545 4973 4870 4764 5358 5551 4984 4936 5498 4804 5174 4780 5097 4777 5261 5445 5009 4985 5002 4724 5086 5594 5216 4969 5105 5092 5070 5043 5337 5106 5137 5346 5493 5376 5185 5278 4829 5258 5150 4733 5109 4720 4848 5458 4605 5038 5369 5060 5536 5360 5398 5200 5088 5095 5036 5480 5003 5355 4949 5299 4742 4885 5430 5353 5090 4898 5004 5145 5038 5474 5016 5413 4541 4936 5094 5061 5320 4896 5537 4921 5211 5038 5065 5104 5308 4694 4818 4972 5216 5066 5040 5152 5064 5044 5590 5200 5347 5182 5228 4693 5326 5223 5084 4799 4998 4681 5025 5081 5366 5195 5334 4729 5177 4778 5494 5069 5634 4978 5392 5054 5170 4977 5121 4671 4962 4696 5164 4812 4552 5229 5407 4874 5478 5093 5292 5148 5246 5311 4833 5452 5164 5323
4934 5324 5067 4717 5087 5087 4749 5067 5155 5173 4603 4794 5038 4794 5126 5096 4761 5339 5232 4906 5032 4838 4904 4882 5098 4911 5088 5080 4946 4613 4959 5133 4849 5201 5019 4903 4931 4886 4964 5287 4599 5223 5135 5229 4646 4715 5090 5009 5353 4593 5224 5247 5110 5356 5083 5424 5372 4912 4957 4808 4928 4956 5092 5635 5441 4679 4775 5231 5123 5183 5068 5125 5218 5049 4901 5194 4970 5166 4856 4773 5278 5015 4775 4645 5035 4623 5298 5155 4478 4952 5013 5003 4779 5007 4955 5123 4823 5286 4966 4747 4524 5172 5108 4602 5263 5172 4514 5247 5004 4934 4791 5474 4754 4520 5112 5043 4511 4674 4884 5286 4935 4795 5500 4867 4883 4928 5090 4915 5075 5170 4653 4908 4816 4684 5238 5366 5040 4906 5215 4788 5117 5033 5056 4929 4833 4844 5061 5020 5167 5237 4826 4892 5141 5088 4950 4965 4864 5603 4445 4847 5691 5231 5031 5332 5031 5114 5046 5037 5312 5318 4746 5144 4951 5548 4599 4968 5202 5229 5053 4979 5208 5116 4566 5452 4474 5090 4362 5040 5124 5090 5076 4568 5113 4888 5070 5062 4711 5176 5419 4873 4674 4759 5146 4925 5154 5299 5198 5043 5170 5369 5226 5262 5177 4665 5014 5211 5302 5067 4830 4663 4792 5202 5202 4929 5144 4583 5034 4979 5198 5312 5505 4605 5044 5123 5069 5001 5023 4752 5217 4719 5217 4736 4718 5000 5307 4885 5226 4772 5336 4930 4904 5238 4844 5318 4717 5328
5073 5401 5328 4857 5155 5211 4836 5054 4875 5218 4826 5129 5168 4936 5008 5023 4703 5090 5070 5140 4877 5006 4775 4892 5291 4958 5178 5075 4907 4829 5230 4884 4832 4929 5129 4682 4806 4982 4957 5463 4527 5239 5156 5505 4840 4831 5140 5170 5215 4878 5286 5421 5161 5136 4974 5627 5515 4638 4995 5009 5070 5284 5065 5493 5145 4851 4770 5243 5031 4936 5086 5157 5127 4994 5098 5198 4814 4953 4852 4935 5062 5118 5088 4683 5165 4510 5536 5117 4311 4970 5057 4682 4953 4848 4843 5100 4820 5428 4906 4768 4865 5029 5186 4485 5148 5503 4780 4879 4790 4869 4915 5407 4586 4624 5486 4767 4769 4724 5278 5115 4815 4795 5309 4971 5056 4685 4855 4616 4881 5149 4620 4976 4886 4858 4993 5302 4815 5040 5042 4971 4871 4952 4895 4680 4989 4807 5355 4927 4903 5192 4989 4994 4978 4671 4926 5142 4965 5190 4696 4922 5406 4817 5311 4932 5295 5035 5356 4757 5257 5206 4639 5182 4859 5138 4478 5215 5154 4852 4770 5009 5243 5104 5219 5592 4505 5355 4536 4896 5312 5207 4885 4725 5141 4882 5170 4956 5237 5161 5470 4708 4782 4873 5276 5062 4888 5153 5128 4775 5094 5274 5332 5279 4765 4644 5404 4707 4837 4997 4767 4610 4879 5032 5057 5070 5137 4656 4740 4490 5166 4993 5404 4806 4889 4934 5042 5028 4808 4584 4981 4583 4867 4726 4645 5375 5374 5009 5613 4858 5157 4787 4992 5204 5018 5195 5055 4880
5673 5744 5765 5209 5694 5852 5238 5577 5352 5662 5097 5289 5357 5330 5383 5553 5451 5874 5676 5750 5386 5580 5424 5340 5649 5432 5643 5473 5402 5267 5588 5872 5423 5444 5359 5292 5096 5602 5642 5951 5028 5778 5672 5696 5387 5509 5486 5418 5801 5342 5721 5726 5637 5646 5627 5668 5873 5290 5509 5632 5737 5726 5416 5974 5503 5334 5174 5586 5579 5669 5534 5832 5257 5485 5782 5789 5273 5660 5775 5068 5673 5585 5651 5228 5640 5243 5776 5528 5177 5292 5684 5421 5614 5499 5701 5569 5434 5888 5338 5481 5247 5732 5503 5134 5662 5779 4982 5755 5450 5501 5396 5819 4982 4893 5558 5470 5032 4881 5546 5816 5092 5175 5793 5137 5392 5203 5272 5136 5304 5776 4899 5689 5431 5384 5510 5947 5541 5515 5395 5296 5422 5727 5433 5591 5485 5526 5702 5490 5597 5536 5282 5856 5535 5464 5411 5577 5197 5779 5135 5587 5770 5084 5839 5733 5715 5528 5635 5444 5671 5771 5404 5837 5481 5855 5152 5393 5634 5667 5271 5483 5815 5338 5462 5854 5263 5772 4750 5591 5674 5718 5758 5079 5845 5343 5510 5461 5285 5934 5747 5256 5133 5438 5567 5394 5218 5617 5402 5488 5592 5930 5884 5352 5394 5283 5556 5519 5665 5566 5328 5439 5569 5436 5643 5371 5676 5080 5646 5257 5738 5489 6325 4756 5520 5544 5348 5619 5424 5205 5546 5100 5549 5137 5193 5504 5952 5403 5887 5551 5855 5390 5352 5594 5202 6071 5379 5754
5444 5411 5480 4910 5636 5273 4820 4951 5271 5282 4912 5150 5268 5118 5280 5093 5179 5562 5297 5438 5147 5158 5326 4860 5287 5259 5205 5224 4937 5122 5130 5402 5163 5281 5286 5189 5063 5148 5254 5406 4822 5614 5210 5475 4832 5114 5372 5351 5435 5158 5619 5499 5148 5164 5243 5391 5687 4958 5110 4833 5387 5223 5285 5452 5486 4931 5057 5373 5270 5536 5381 5539 4937 5518 5336 5375 4945 5384 4880 4836 5208 5361 5266 4888 5482 4751 5420 5372 4732 5316 5236 5149 4969 5142 5455 5493 4930 5360 4970 4839 4582 5295 5230 4496 5585 5330 4789 5412 5023 5237 5380 5724 4741 4975 5136 5266 4609 4787 5505 5544 5259 5158 5668 4867 4787 4807 5296 5144 5259 5462 4916 5207 5068 5339 5288 5626 5392 5285 5282 5229 5473 5088 5229 5322 5244 5406 5239 5414 5270 5232 5041 5403 5212 5299 4799 5014 5161 5404 5196 5198 5600 5037 5756 5302 5209 5168 5639 5249 5438 5428 4986 5313 4907 5604 4969 5449 5345 5492 4998 4821 5446 5070 4787 5367 5141 5488 4690 4910 5469 5144 5087 4894 5632 5303 5553 5294 5077 5296 5567 5024 4733 5318 5243 5081 4894 5283 5294 4892 5550 5564 5346 5073 5190 4840 5285 5013 5108 5247 5016 4933 5231 5319 5402 5157 5317 4833 5541 4770 5536 5463 5700 4761 5234 5130 5068 5620 5453 5018 5149 4794 5414 4900 4972 5045 5494 5101 5625 5168 5466 5164 5218 5502 5138 5675 5065 5457
4911 5056 5069 4517 4681 4944 4403 4543 4686 4842 4363 4376 4714 4587 4723 4888 4475 4911 5154 4850 4214 4398 4479 4418 4905 4751 4866 4895 4731 4440 5081 4607 4502 4801 4553 4486 4756 4893 4655 4870 4324 5150 4856 4944 4504 4414 4568 4873 5088 4436 4971 5299 4888 4925 4652 5037 5382 4202 4774 4627 4794 4940 4594 5154 4992 4602 4406 4837 4622 4860 4829 4994 4697 5028 4622 4834 4439 4741 4757 4424 5008 5127 4973 4030 4770 4508 5189 4857 4445 4767 4802 4664 4476 4641 4858 4852 4181 4959 4280 4516 4194 4842 4910 4286 5128 4921 4466 5053 4608 4631 4676 5034 4233 4315 4854 4847 4385 4234 4667 4803 4436 4521 4843 4574 4960 4319 4781 4415 4718 5070 4669 4782 4582 4555 4629 5259 4692 4855 4627 4510 4769 4750 4894 4784 4733 4836 4909 4928 4769 4537 4656 4704 4912 4485 4385 4726 4508 4676 4581 4830 4931 4604 4870 4692 4766 4789 4725 4639 4665 4885 4899 5017 4753 5230 4676 4787 4895 4804 4670 4719 4733 4662 4454 4865 4322 5107 4230 4790 4982 4799 4698 4846 4955 4443 4716 4826 4686 4680 4837 4697 4752 4428 4833 4593 4280 4743 4978 4700 5083 5004 5029 4598 4870 4533 4988 4779 4873 4822 4688 4397 4735 4579 4657 4895 4921 4171 5008 4573 5043 4945 5225 4484 4865 4819 4533 4919 4718 4579 4606 4402 4647 4515 4433 4371 4865 4478 5164 4630 5015 4762 4723 4671 4563 5114 4740 5055
5274 5590 5509 5229 5448 5383 4822 5020 5044 5862 4824 5059 5566 5225 5268 5174 4992 5717 5290 5387 4891 5148 4887 5110 5183 5115 5128 5068 5093 5109 5527 5373 5135 5236 5365 4973 5187 5312 4991 5325 5011 5527 5252 5758 4878 5198 5391 5240 5529 4861 5479 5961 5361 5408 5483 5564 5613 4814 5075 5431 5339 5374 5297 5583 5347 5105 4983 5532 5406 5423 5364 5489 5094 5185 5252 5391 4927 5488 5208 5015 5582 5311 5379 4831 5467 4754 5527 5300 4629 4988 5608 5200 5061 5130 5334 5557 4882 5629 4982 5216 4687 5386 5313 4661 5356 5536 4864 5471 5033 5145 5648 5369 4957 4974 5340 5144 4923 4802 5466 5506 4915 5120 5869 4772 4935 5185 5004 5046 5273 5410 5179 5070 5154 5060 5387 5830 5281 5291 5269 5185 5237 5218 5111 5409 5280 5234 5382 5403 5443 5306 5341 5410 5275 5173 5232 5013 5234 5374 5059 5106 5590 5425 5581 5361 5556 5408 5482 5260 5484 5714 4950 5196 5137 5125 4920 5306 5587 5297 5251 5314 5252 5209 5211 5162 4765 5502 4994 5460 5469 5251 5419 5140 5420 4956 5395 5199 5354 5332 5731 5030 5113 5186 5284 5103 4939 5273 5446 5137 5399 5402 5436 5448 5338 4943 5675 5191 5359 5150 4976 4902 5067 4991 5377 5153 5486 4938 5457 4855 5302 5373 5803 4839 5370 5356 5159 5422 5095 4467 5220 4807 5260 5129 4912 4941 5397 5235 5384 5250 5215 5103 5139 5269 5070 5468 5187 5314
5364 5576 5651 5150 5477 5338 4883 5193 5188 5647 5052 5090 5382 5180 5701 5282 5105 5481 5335 5268 5383 5089 5036 4985 5384 5129 5538 5368 5146 4858 5596 5367 5382 5390 5016 5294 5247 5484 5398 5571 4920 5576 5344 5599 5198 5113 5129 5271 5413 4906 5719 5633 5470 5405 5379 5804 5727 4878 5063 5122 5353 5520 5217 5330 5653 4958 4994 5378 5277 5312 5304 5345 5381 5482 5191 5500 5098 5276 4945 5053 5546 5420 5343 4864 5318 5031 5701 5471 4850 5258 5368 5408 5055 5340 5516 5423 5074 5612 5042 4866 4865 5086 5578 4762 5546 5363 4851 5423 5280 5058 5207 5694 4528 5120 5529 5282 4728 4995 5431 5626 5196 5006 5834 5046 5228 5176 5187 5046 5303 5719 4917 5284 5117 5150 5403 5952 5613 5431 5464 5163 5276 5384 5335 5461 5240 5385 5654 5404 5292 5206 5217 5764 5338 5192 4991 5057 5077 5416 5141 5282 5645 5148 5691 5275 5264 5583 5296 5347 5515 5504 5000 5346 5236 5656 5232 5259 5402 5473 5243 5296 5367 5201 5166 5704 5014 5640 4788 5080 5350 5338 5288 5243 5459 5123 5112 5319 5346 5511 5768 5191 4903 5118 5493 5156 5194 5401 5649 5232 5584 5512 5362 5511 5747 4973 5526 5210 5210 5090 5168 4800 5187 5502 5631 5216 5290 4923 5123 5022 5605 5657 5691 5012 5370 5359 5429 5314 5184 4936 5297 4982 5553 4931 4954 5124 5631 5122 5562 5485 5529 5047 5488 5548 5205 5868 5160 5830
4964 5481 4972 4889 5124 5264 4626 4725 5099 5340 4622 5048 5075 4944 4862 4834 4719 5528 4990 5139 5010 4709 4929 4838 5349 4827 5086 4865 4796 4998 5115 4962 4776 5193 5032 4860 4817 5179 4903 5459 4683 5416 5000 5410 4868 4880 4945 5031 5348 4895 5167 5657 5023 5196 4930 5183 5242 4756 4835 4888 5068 5248 4768 5275 5134 4960 4952 5313 5229 5498 5041 5005 4954 5009 4905 5150 4775 5112 4879 4779 5222 5106 5043 4677 5165 4482 5568 5071 4646 4970 5377 4821 4477 5035 5220 4824 4662 5461 4823 4787 4653 4964 5299 4482 5220 5142 4709 5180 4779 4624 4975 5296 4580 4538 4945 4897 4825 4637 5006 5547 4599 4953 5332 4705 4903 4866 4811 4847 4816 5270 4608 5114 4706 4733 4959 5602 5239 5176 5058 4939 4968 5070 4924 5109 4799 5022 5211 5372 5179 5067 4795 5069 5060 4881 4777 5014 4911 5212 4937 4774 5268 4938 5547 5095 5092 5174 5148 4829 5174 5246 4845 5252 5053 5305 4642 5010 5136 5041 4956 5091 4807 5096 4935 5288 4694 5419 4478 5101 5230 4880 5252 4882 5295 4800 5122 5056 5159 4859 5247 4821 4702 4835 4937 5046 4851 5025 5126 5088 5080 5518 5353 5288 4896 4728 5390 5334 5038 4889 4886 4727 4837 5019 5048 5068 5080 4682 5146 4608 5245 5141 5339 4811 4905 4907 5309 5123 4947 4784 4913 4699 4838 4787 4428 4700 5372 4753 5407 4865 5020 5014 5353 5022 4795 5501 5183 5115
5353 5589 5385 4792 5602 5401 4863 4926 5018 5424 4691 5058 5028 5005 5179 5179 4769 5501 5266 5240 4910 4947 5121 4857 5079 4965 5379 4942 5060 4635 5429 5332 5177 5248 5236 5328 5181 5182 5157 5286 4867 5364 4986 5461 5403 4985 5105 5438 5369 5049 5260 5525 5333 5361 5152 5348 5578 5030 5021 5078 5242 5388 5499 5370 5380 5098 4978 5284 5420 5627 5317 5669 5216 5168 5030 4847 4958 5413 4971 4785 5392 5214 5196 4652 5384 4878 5540 5206 4870 5238 5298 5351 5042 4958 5301 5421 4938 5412 5035 4919 4981 5056 5193 4645 5469 5597 4750 5409 4902 5019 5190 5637 4682 4631 5460 4886 4695 4707 5403 5427 4707 4856 5554 4894 5036 4787 5369 4897 5169 5464 4696 5050 4941 4905 4956 5509 5159 5443 5238 5315 5121 4959 5143 5042 5163 5290 5627 5266 5257 5152 5100 5197 5073 4735 5025 5343 5294 5533 4794 4955 5280 4861 5336 5453 5257 5193 5293 4616 4980 5499 4901 5207 5133 5333 4773 5246 5553 5531 5050 4879 5190 5330 4910 5351 4902 5421 4635 4975 5284 5105 5024 5095 5234 5073 5061 5360 5468 5673 5556 5059 4776 5030 5171 4958 5302 5182 5353 5077 5538 5241 5355 5020 5327 4713 5176 5055 5104 5042 5080 4931 4765 5312 5329 5284 5182 4683 5317 4887 5200 5367 5463 4731 5229 5359 5163 5390 5108 4797 5325 4598 5303 4886 4727 5129 5309 5252 5551 4930 5394 4971 5072 5456 5073 5625 5259 5668
5011 5490 5206 4987 5311 5355 4749 5232 5047 5581 4591 4941 5017 5095 5315 4986 4847 5609 5429 5190 4977 5275 5077 4558 5205 4862 5235 5198 5067 4805 5399 5284 4912 5295 5250 4841 5075 5182 5296 5306 4846 5525 5330 5650 5039 4860 5350 5238 5333 4971 5275 5604 5207 5305 5291 5303 5452 4825 4972 5045 5196 5240 5253 5599 5537 4934 4921 5219 5307 5342 5153 5251 5110 5219 4985 5342 4889 5457 4916 4882 5205 5309 5283 4843 5519 4847 5673 5272 4531 5057 5246 4854 4945 5103 5369 5491 5031 5458 5027 5017 4652 5310 5182 4706 5457 5273 4816 5361 5008 4909 5248 5403 4737 4769 5069 5291 4927 4532 5204 5571 4704 4702 5403 4739 5223 4746 4951 4930 5129 5516 4829 5032 5085 4872 4968 5541 5029 5094 5238 5024 5219 5085 4959 5246 4940 5478 5218 5192 5171 5242 4968 5363 5153 4945 5113 5040 5178 5421 4828 5131 5125 5284 5514 5310 5245 5234 5344 5025 4974 5611 5143 5322 5094 5130 4758 5062 5179 5270 4934 4828 5027 5230 4999 5348 4702 5378 4548 5015 5310 5333 5190 4867 5324 5094 4984 5402 5160 5289 5492 4890 4794 4988 5244 5107 4925 5522 5269 5128 5331 5546 5096 5017 4907 4617 5246 5122 5236 4919 5124 4870 5233 5233 5259 5107 5212 4699 5352 5197 4951 5343 5476 4463 5247 5148 4903 5197 5060 4958 5244 4840 5150 4686 4794 4989 5417 5132 5132 4755 5164 5084 5299 5214 5048 5580 4963 5518
5047 5229 5024 4694 5132 5049 4391 4620 4931 5235 4460 5032 4887 4667 4596 4742 4723 5041 4824 4819 4800 4778 4707 4779 4878 4823 4925 5045 4759 4794 5291 4745 4811 4837 4905 4838 4731 5024 4933 5221 4445 5253 4802 5267 4801 4650 4771 4971 5011 4725 5097 5181 5072 5174 4818 5084 5388 4499 4740 4890 4922 5256 4733 5110 5088 4680 4471 4854 4900 5083 4895 4947 4695 5104 4980 5054 4802 4587 5028 4711 4886 5154 4934 4342 5075 4528 5363 4914 4576 4761 5143 4917 4667 4655 5052 5016 4513 5111 4715 4734 4451 4947 5024 4539 5247 5083 4624 5200 4882 4887 4824 5034 4370 4502 4952 4911 4478 4205 4950 5267 4847 4626 5114 4553 4768 4515 4566 4706 4824 4999 4442 4784 4892 5010 4909 5131 4994 5312 5066 5085 4783 4965 4828 4870 4888 4891 5037 4886 4790 4942 4759 4846 4954 4738 4827 4868 4715 5271 4635 4671 5008 4745 5095 4788 4903 4830 4981 4732 4917 5327 4762 4960 5076 5163 4548 4810 5315 4905 4787 4800 4741 4731 4881 5125 4531 5180 4531 4492 5085 5044 5244 4730 5034 4673 4944 4728 4907 4856 5182 4666 4666 4841 5068 4784 4590 4812 4852 4939 5132 5144 5144 5039 4691 4427 4970 4842 4879 4709 4484 4527 4877 4722 5030 5103 5017 4771 5071 4613 5005 4995 5192 4643 4734 5090 4912 4982 4491 4503 5081 4739 4793 4665 4478 4688 4823 4928 5090 4701 5117 4867 5002 5172 4839 5370 4892 5103
5216 5575 5289 4734 5348 5186 4717 5120 4994 5300 4964 5090 4947 4896 5201 5108 5151 5376 5382 5043 4855 5146 4889 4728 5427 4873 5099 5064 4971 4949 5463 5156 4894 5140 4957 5061 4912 4906 5354 5257 4770 5411 4888 5688 4864 4736 5359 5177 5582 4786 5313 5405 5108 5171 5278 5495 5315 4998 4901 5106 5003 5191 4853 5353 5447 4913 5084 5395 4930 5188 5162 5023 4957 5210 4939 5433 4960 5156 4627 4912 5171 5237 5223 4823 5325 4837 5616 5123 4407 5228 5096 4987 4973 5209 5028 5348 4949 5352 4733 5052 5175 5183 4969 4759 5326 5300 4626 5299 4916 4781 5285 5695 4682 4512 5221 4977 4647 4721 5130 5351 4844 5049 5280 4704 5162 4935 5070 4665 5162 5229 4757 5114 4779 4924 5090 5678 5084 5257 5303 4695 5054 4835 5071 5090 5136 5276 5277 5171 4998 5332 5076 5207 5042 5009 5115 4754 5039 5255 4893 5118 5283 4720 5190 5189 5050 5030 5266 4816 5226 5496 4938 5128 5055 5318 4733 4843 5268 5210 4763 4683 5384 5206 4828 5309 4802 5634 4678 4745 5234 5247 5241 4947 5304 4940 5099 5088 5245 5589 5460 4863 4782 5084 5145 4858 4856 5353 5310 4992 5171 5475 5325 5020 5240 4809 5154 4962 5259 4967 4691 4671 4940 5207 5437 5084 5331 4563 4946 4884 5254 5206 5584 4709 5177 5066 4802 5161 5028 4772 5048 4490 5202 4685 4655 5167 5316 5055 5326 5024 5342 4964 5031 5100 5323 5508 5047 5618
5446 5785 5826 5072 5740 5486 4956 5168 5153 5615 4924 5242 5212 5159 5404 5272 5037 5583 5696 5377 5176 5322 5124 5292 5368 5089 5183 5302 5179 5021 5602 5422 5190 5280 5165 5216 5427 5423 5374 5600 5008 5633 5224 5460 5223 4992 5067 5228 5689 4984 5427 5598 5494 5501 5685 5771 5586 5250 5586 5367 5405 5584 5420 5778 5680 5369 4896 5567 5462 5666 5561 5495 5155 5396 5282 5449 5211 5451 5214 5050 5326 5341 5301 4937 5397 5160 5819 5445 4855 5528 5501 5591 5300 5297 5469 5599 4956 5767 5243 5229 5005 5408 5272 4919 5395 5539 4959 5622 4987 5339 5209 5721 4618 4919 5153 5322 4875 4925 5324 5666 5080 5003 5973 5027 5190 5309 5257 4972 5320 5427 5137 5270 5137 5312 5364 5554 5447 5196 5494 5251 5290 5257 5497 5198 5492 5717 5676 5268 5476 5155 5202 5307 5324 5225 5267 4944 5002 5321 4819 5487 5633 5346 5754 5660 5527 5586 5457 5257 5466 5464 5013 5195 5175 5561 4906 5211 5398 5425 5169 5119 5526 5423 5087 5507 5040 5564 4868 4970 5659 5376 5264 5099 5633 5224 5256 5228 5567 5529 5545 5021 5186 5516 5482 5225 5123 5343 5334 5414 5707 5647 5620 5466 5299 4895 5463 5380 5282 5288 5181 4882 5009 5185 5401 5215 5485 4722 5392 5110 5421 5663 5897 4938 5465 5376 5054 5339 5100 4603 5375 4743 5372 5201 4930 5194 5477 5295 5611 4966 5676 5306 5231 5383 5420 5505 5073 5758
5351 5753 5382 4960 5360 5333 5212 4996 5135 5538 4778 5221 5076 5179 5567 5226 5221 5860 5541 5660 5068 5276 5168 4803 5124 5130 5266 5329 5151 5112 5314 5332 4971 5532 5211 4949 5220 5206 5248 5344 5008 5572 5179 5449 5332 4905 5170 5263 5687 5176 5427 5641 5536 5284 5363 5702 5633 4972 5062 4915 5438 5462 5230 5821 5337 4973 4958 5530 5343 5619 5463 5569 5353 5489 5058 5493 5120 5496 5232 5055 5347 5681 5342 4815 5153 4751 5685 5243 4874 5214 5412 5248 4854 5309 5194 5746 5315 5828 5001 5120 5045 5397 5397 4792 5603 5510 5018 5507 4975 4908 5501 5674 4805 4906 5240 5331 4769 4838 5268 5522 5138 5142 5652 5002 5015 4950 5446 5022 5334 5582 4921 5024 5205 5156 5223 5805 5226 5364 5390 5164 5426 5302 5100 5246 4996 5486 5470 5124 5372 5207 4983 5386 5387 4942 5237 5223 5225 5435 5030 5196 5391 5443 5769 5473 5182 5367 5422 5097 5339 5322 4805 5513 5171 5631 4883 5183 5437 5450 5051 5077 5284 5256 5186 5714 5007 5378 4637 5295 5503 5229 5198 4973 5585 5269 5391 5298 5252 5673 5745 5319 4949 4921 5145 5263 5130 5574 5569 5160 5337 5638 5450 5537 5371 4855 5277 5061 5135 5049 4998 4944 5083 5373 5641 5150 5535 4702 5269 4801 5619 5308 5514 4832 5225 5164 5393 5445 5467 4676 5270 4818 5269 5046 4587 5202 5390 5087 5436 5040 5369 4963 5411 5391 5095 5495 5108 5426
5638 6357 6228 5198 5905 5909 5350 5569 5514 6270 5333 5704 5944 5601 5810 5800 5757 5903 6172 5643 5429 5602 5739 5507 5929 5542 5762 5804 5456 5332 6012 5839 5559 5768 5567 5776 5484 5972 5765 5896 5263 6125 5723 5960 5464 5547 5737 5825 5870 5389 5841 6074 5649 5769 5905 5880 6294 5341 5418 5706 5778 5962 5670 6214 5971 5570 5578 5605 5721 5768 5834 6031 5714 5678 5521 5820 5595 5768 5465 5407 6012 5566 5633 5397 5754 5414 6207 5608 5139 5670 5997 5717 5436 5612 5792 5917 5634 5929 5446 5413 5051 5793 5784 5236 6044 6148 5208 5826 5699 5657 5834 6027 5158 5183 5874 5567 5315 5284 5797 5985 5526 5364 5901 5436 5661 5275 5488 5255 5628 5985 5307 5720 5677 5534 5587 6481 5828 5464 5613 5929 5729 5703 5696 5746 5453 5938 6078 5966 5702 5517 5569 5995 5685 5546 5775 5593 5573 6109 5442 5374 6092 5841 6085 5732 5896 5675 6024 5390 5922 6252 5655 5663 5836 6074 5343 5925 6017 5861 5625 5280 5718 5733 5772 5857 5235 5904 5369 5465 5838 5737 5906 5638 6082 5459 5588 5881 5917 5777 6130 5484 5467 5629 5850 5713 5721 5532 6184 5668 5930 6057 6157 5679 5796 5351 6089 5617 5583 5670 5430 5182 5514 5740 5852 5658 5657 5425 5828 5527 5893 5988 6271 5121 5812 5578 5654 5818 5472 5289 5553 5276 5870 5457 5293 5492 6087 5616 6195 5730 5837 5537 5535 5816 5748 6017 5679 6236
5505 5660 5757 5265 5737 5393 5031 4923 5193 5559 5105 5317 5406 5399 5759 5445 5241 5757 5777 5422 5255 5372 5342 5462 5427 5098 5261 5471 5100 5171 5646 5473 5328 5373 5377 5227 5485 5554 5308 5730 5011 5584 5618 5794 4982 5354 5488 5757 5656 5250 5691 5650 5812 5677 5402 5820 5811 5214 5184 5594 5542 5665 5690 5737 5682 5318 5181 5677 5519 5720 5523 5636 5243 5606 5419 5412 5248 5617 5318 5035 5399 5519 5417 4890 5457 5178 5550 5382 4969 5126 5545 5180 5019 5370 5300 5475 5172 5701 5331 5016 4863 5683 5306 5088 5336 5672 4960 5457 5209 5031 5596 5864 5240 4924 5657 5354 4896 5023 5558 5493 5257 5198 5449 5214 5534 5231 5558 5136 5401 5555 5075 5156 5593 5374 5395 5943 5559 5377 5410 5611 5440 5475 5521 5459 5330 5460 5796 5574 5573 5350 5270 5368 5208 5146 5481 5179 5311 5680 5004 5469 5753 5499 5831 5473 5535 5436 5443 5302 5349 5738 4932 5591 5334 5765 4979 5516 5643 5724 5156 5202 5479 5365 4984 5729 5118 5661 4723 5226 5698 5410 5408 5184 5751 5338 5366 5483 5413 5565 5728 4999 5120 5285 5761 5083 5329 5418 5702 5469 5680 5448 5422 5384 5546 5175 5471 5228 5591 5427 5196 5035 5279 5465 5569 5418 5537 5225 5290 5099 5575 5382 6079 5313 5448 5465 5337 5526 5372 4938 5327 5127 5373 5126 5217 5338 5431 5469 5849 5515 5642 5294 5169 5725 5613 5882 5243 5837
5435 5552 5346 5077 5686 5196 5095 5196 5102 5786 4947 5177 5286 5147 5042 5202 5110 5548 5422 5218 5262 5382 5008 4902 5409 4901 5313 5243 5134 4675 5266 5364 5037 5240 5378 5331 5280 5068 5295 5581 5240 5482 5260 5698 5108 4804 5312 5284 5431 5148 5395 5492 5528 5313 5447 5318 5567 5153 5038 5125 5529 5382 5190 5755 5350 4968 4965 5246 5439 5596 5086 5327 5017 5234 5091 5300 5088 5357 5067 5047 5226 5417 5196 5092 5282 5007 5606 5048 5116 5062 5345 5242 4991 5116 5371 5355 5168 5654 5248 4957 4883 5110 5023 4679 5596 5247 4852 5554 4850 5133 5170 5523 4822 4951 4986 5060 4639 5004 5149 5531 4901 4986 5618 4803 5037 4932 5345 5151 5069 5501 4758 5170 4944 4981 5369 5696 5451 5070 5333 5110 5364 5133 5141 5384 4950 5637 5213 5211 5256 5101 5141 5447 5427 5232 5172 5130 5286 5582 5038 5122 5532 5110 5436 5202 5284 5206 5478 5112 5212 5747 4999 5269 5107 5399 4758 5363 5362 5153 5200 5204 5436 5228 5090 5364 4984 5407 4734 5024 5452 5189 5165 5062 5323 4932 5311 5184 5365 5440 5327 5065 5162 5178 5294 5203 5178 5437 5492 5121 5384 5422 5334 5281 5447 5084 5188 5278 5210 5292 4994 5001 5022 5309 5324 5208 5337 4621 5240 4746 5429 5531 5960 4657 5240 5298 5271 5082 4891 4703 5115 4887 5336 4734 4918 5109 5578 5170 5592 4867 5629 5228 5181 5469 4997 5550 5411 5368
5031 6099 5518 5144 5187 5528 4980 5323 5355 5713 5079 5157 5612 4806 5578 5542 5299 5695 5853 5702 5486 5408 5190 5187 5493 5263 5359 5643 5285 5184 5595 5292 5163 5789 5472 5220 5182 5334 5382 5550 5213 5761 5182 6017 5424 5043 5370 5331 5684 5344 5528 5801 5740 5378 5314 5372 6006 5084 5107 5149 5470 5691 5435 5921 5911 5419 5202 5709 5512 5664 5644 5668 5163 5445 5068 5705 5094 5388 5263 5354 5675 5784 5411 5174 5493 5084 5717 5546 4834 5351 5485 5220 5380 5157 5421 5463 5160 5724 5053 5296 5061 5239 5311 5060 5861 5586 5066 5690 5290 5475 5582 5788 4772 4963 5709 5339 5004 4976 5482 5840 5111 5238 5698 5054 5453 5374 5306 4887 5717 5678 5134 5287 5149 5481 5272 5941 5572 5349 5580 5513 5634 5456 5493 5455 5472 5533 5609 5551 5387 5395 5146 5590 5578 5491 5430 5564 5448 6019 5176 5017 5647 5530 5790 5652 5578 5259 5667 5275 5611 5686 5125 5753 5531 6130 5153 5605 5305 5713 5055 5208 5467 5401 5107 5573 4745 5777 4988 5208 5722 5526 5294 5342 5610 5362 5482 5418 5477 5473 5539 5168 5252 5398 5457 5382 5284 5822 5735 5389 5470 5782 5549 5563 5356 5248 5651 5204 5488 5348 5267 5185 5268 5380 5686 5165 5355 5156 5578 5067 5379 5667 5951 5239 5589 5204 5311 5479 5160 4960 5616 4832 5812 5120 5005 5436 5720 5362 5628 5557 5774 5403 5442 5475 5477 5818 5211 5442
5272 5293 5077 4712 5255 5123 4609 4896 4885 5391 4704 4932 5175 4863 5296 4837 4722 5257 5248 5298 4706 5040 4813 4805 5162 4901 4824 4927 4686 4974 5204 4945 4777 5176 5172 5072 4850 5237 5162 5330 4746 5285 5110 5367 4857 5134 5089 5233 5325 5067 5263 5416 5188 5243 4906 5155 5384 4811 4955 4862 5107 5238 5099 5494 5177 4966 4834 5307 5085 5133 5229 5133 5011 4840 4832 5336 4952 4865 4837 4813 4950 5310 5089 4458 5051 4703 5543 5030 4172 5081 5141 4838 4836 4751 5003 5109 4640 5351 4794 4912 4720 4804 5075 4545 5296 5245 4625 5247 4777 4993 5035 5398 4923 4741 5200 4894 4699 4526 5348 5198 5004 4816 5472 4781 4903 4907 5033 4879 5020 5370 4838 4841 4912 5100 4982 5393 4993 5031 5134 5135 5116 5084 4828 5110 5278 5073 5198 5197 5167 5281 5094 5118 5140 4844 5176 4957 4942 5049 4814 4862 5392 4891 5316 5195 4910 4864 5398 5075 4955 5362 4743 5004 5044 5316 4869 5074 5291 5048 4847 5052 5166 5213 5094 5154 4867 5392 4339 4912 5539 5091 5024 4922 5198 4702 5089 4858 5062 5160 5280 4906 5079 4896 5177 5046 4983 5045 5134 4867 5320 5305 5322 5101 5149 4542 5129 4976 5104 4782 4706 4545 4834 4648 5198 4948 5266 4757 5139 4926 5203 5391 5521 4661 5174 4914 4966 5263 4727 4595 5116 4754 5133 4562 4802 4683 5109 4990 5260 5125 5214 5048 5027 4959 4747 5582 4872 5354
5480 5860 5634 5135 5558 5443 4926 5090 5362 5827 4961 5014 5618 5183 5136 5288 5199 5679 5276 5358 4944 5090 4892 5122 5351 5028 5236 5416 5183 4994 5527 5355 4889 5569 5116 5066 5142 5457 5273 5691 4788 5458 5532 5505 5174 5266 5250 5530 5634 5033 5451 5867 5359 5416 5653 5589 5584 5239 5160 5303 5556 5608 5239 5744 5521 5208 5183 5520 5226 5339 5504 5541 5458 5367 5474 5738 5186 5296 5223 5093 5318 5640 5267 4796 5513 5090 5877 5215 4692 5396 5541 5432 5185 5012 5759 5520 5051 5617 5187 5016 5059 5299 5221 5056 5565 5432 5178 5498 5114 4984 5576 5627 4894 4914 5315 5153 4952 4694 5363 5422 5033 4913 5586 4860 5396 5333 5142 4848 5151 5648 5184 5195 5180 5129 5341 6060 5362 5444 5384 5393 5245 5269 5325 5402 5364 5332 5681 5190 5297 5182 5179 5459 5376 5218 5302 5209 5229 5187 5090 5278 5657 5198 5448 5362 5642 5162 5499 5187 5287 5785 5102 5329 5499 5599 5073 5294 5187 5294 5070 5236 5257 5343 5298 5721 5079 5522 5110 5026 5505 5260 5285 5086 5429 5147 5137 5194 5253 5509 5541 5327 5020 5393 5640 5082 4859 5043 5585 5077 5187 5458 5722 5422 5359 4997 5538 5327 5342 5213 5122 4785 5385 5230 5597 5236 5274 4826 5390 5114 5506 5411 5797 4736 5387 5298 5167 5240 4982 4706 5143 4981 5307 5113 5017 5097 5682 5132 5483 5221 5342 5092 5360 5343 5276 5646 5370 5590
5080 5376 5276 5054 5475 5256 4928 5153 4962 5493 5002 5138 5493 5352 5410 5121 5087 5321 5514 5339 5065 5379 5022 4986 5502 5066 5377 5158 5069 4917 5356 5195 5167 5354 5053 5218 5063 5154 5204 5433 4955 5503 5169 5689 4883 5135 5143 5209 5398 4996 5281 5574 5344 5197 5359 5474 5433 5058 4914 5085 5187 5631 5231 5613 5636 5119 5072 5302 5485 5643 5121 5153 5308 5145 5154 5394 5022 5224 5115 5154 5230 5405 5187 4894 5226 4918 5434 5269 4633 4964 5530 5320 4724 5166 5380 5363 5134 5787 4846 4939 4838 5400 5159 4929 5366 5473 4974 5291 5036 5049 5313 5395 4741 4792 5284 5476 4668 4876 5430 5547 4886 4816 5619 4828 5226 4897 4906 4935 5286 5457 4736 5243 5237 5159 5274 5665 5460 5335 5389 5160 5189 5286 5232 5154 5191 5430 5402 5531 5220 5128 4941 5506 5127 4926 5155 5122 4959 5407 4887 5014 5484 5334 5446 5120 5330 5137 5613 4982 5228 5541 4710 5206 5061 5424 4863 5382 5266 5320 4987 5226 5430 5346 5159 5637 4549 5313 4673 5248 5475 5219 5378 4994 5262 4894 5281 5217 5461 5246 5504 4957 5040 5218 5461 5101 5076 5399 5226 5321 5491 5566 5304 5201 5156 4875 5354 5194 5280 4946 4952 4618 5225 5347 5235 5446 5170 4754 5062 4840 5297 5383 5818 4996 5445 5093 5239 5208 4855 4714 5027 4950 5183 4874 5070 5274 5519 5074 5546 5168 5440 5223 4957 5549 5323 5585 5064 5603
4930 5316 5395 4712 5160 4997 4519 4960 4868 5094 4773 4485 5196 4969 4943 5096 4922 5334 5073 5207 4964 5065 4758 4878 4922 4964 4732 4928 4875 4472 5179 5016 4923 5005 4755 4802 4780 5109 5194 5098 4584 5362 5006 5299 4613 4793 4956 4981 5243 4878 4990 5326 5226 5153 5026 5236 5352 4718 4884 4926 4998 5487 5047 5096 5167 4844 4582 5124 5141 4893 5011 5156 4847 5001 4803 5200 4704 5047 4863 4759 5155 5123 4992 4544 5132 4700 5223 4948 4427 4683 5286 5267 4785 4855 4901 5000 4417 5328 4952 4958 4325 4867 5148 4361 5057 5362 4664 5375 4773 4824 4691 5336 4609 4598 4989 4996 4511 4909 5079 5240 4677 4849 5220 4762 4761 4826 4844 4740 5074 5064 4744 4931 4857 5054 4902 5437 5140 5048 5024 4789 5128 4991 5135 4870 5098 5175 5119 4875 5027 5012 4764 4865 5051 4822 4755 4716 4781 5402 4577 4858 5313 4813 5153 5099 4792 5082 5263 4882 4865 5377 4548 5121 4760 5484 5038 5048 4972 4995 4635 5025 5075 4824 4784 5235 4786 5166 4264 5306 4994 4929 5047 4612 5064 4811 5055 4854 5039 5292 5274 4651 4668 4859 5153 4979 4783 5026 4960 4825 5203 5080 5236 5098 5022 5002 5174 4991 4813 4702 4825 4604 4851 5058 5260 4697 5291 4791 5134 4739 4959 4982 5338 4664 5045 5030 4861 5146 5108 4580 5143 4800 4936 4764 4354 4795 5237 4749 5189 5002 5096 4614 5063 5253 5022 5230 4896 5197
5125 5365 5412 4960 5095 4912 4740 5027 4996 5151 4627 4853 4827 4919 4912 5096 4837 5163 5096 4929 5037 4815 4901 4595 5410 5155 4891 4992 4820 4850 5276 4831 4662 5054 5023 4840 4816 5039 5122 5422 4487 5147 4909 5255 4649 4865 5042 4895 5315 4501 5153 5436 5037 4869 5174 5271 5003 4784 4932 5119 5116 5041 5127 5281 4973 4848 4788 5076 5161 5078 5008 5209 4637 5169 4753 5191 4858 4965 4915 4690 5054 4876 5131 4570 5016 4661 5191 4939 4525 4785 5121 4998 4966 4627 5008 5182 5040 5202 5122 4735 4861 4978 4955 4448 5403 5469 4961 4938 4758 4889 4898 5226 4461 4598 4880 5075 4915 4589 5209 5371 5044 4916 5268 4472 4947 4539 4903 4621 4958 5069 4591 4853 4850 5172 5106 5325 5080 4992 5070 5022 5245 4786 4815 5008 5051 5000 4942 4928 4903 4845 4898 5073 5145 5024 4942 5059 4810 5209 4641 4908 5412 4837 5356 4847 4917 4938 5229 4512 5122 5404 4557 4975 4819 5134 4590 5078 4930 5093 5038 4860 4995 5071 5011 5284 4725 5070 4577 5041 5140 4932 4945 4675 5067 4937 4871 5082 5104 5500 5053 4888 4782 4950 5296 5014 4712 5116 5122 5117 5079 5101 5118 4822 4853 4695 5078 4805 5043 4868 4719 4809 4865 5133 5129 4983 5330 4699 4857 4453 5099 5299 5448 4647 4943 4905 4792 5052 4893 4605 4886 4715 5053 4696 4630 5120 5135 4900 5544 4908 5131 4901 5136 5225 5084 5390 5154 5299
4846 5265 5087 4709 4835 4967 4633 4883 4922 5059 4545 4783 4850 4794 4844 5040 4777 5194 5055 5026 5073 4808 4796 4903 5094 4679 4973 4875 4671 4462 5061 4851 4870 5144 4821 4865 4756 4924 5293 5294 4442 5267 5092 5052 4723 4680 5038 4820 5240 4645 5108 5187 5074 5232 4700 5088 5326 4642 4672 4527 4902 5254 4837 5388 4971 4627 4975 4938 4789 4974 5057 4993 4805 4841 4806 5080 4707 4888 4935 4486 4959 5019 4904 4767 4788 4691 5235 5134 4367 5037 5066 5212 4589 4800 4978 5330 4709 5299 4658 4764 4522 4961 5108 4566 5161 5067 4695 5152 4618 4714 4856 5300 4215 4481 4877 4715 4703 4545 4677 5162 4846 4674 5261 4670 4850 4513 4743 4878 4631 5141 4609 4757 4661 4911 5087 5325 5089 4974 5162 4940 5044 4586 4896 4862 4810 4893 5025 4927 4777 4886 4645 5053 4856 4750 4812 5050 4468 5137 4699 4756 5055 4898 5074 4865 4825 4910 5099 4820 4964 5276 4575 5062 4900 5515 4547 4894 4911 5163 4780 4845 5040 4944 4728 5254 4606 5253 4515 5017 5102 4686 5067 4549 5073 4659 4952 4801 4952 5219 5006 4581 4850 4729 5071 4753 4758 5137 5099 4669 5060 5356 5004 4899 5124 4685 5022 4879 4998 4719 4720 4657 4781 4916 5168 5037 5099 4420 4848 4515 5014 5153 5446 4559 4811 4946 4853 4958 4865 4449 5077 4483 4941 4751 4544 4749 5256 4913 5473 5061 5215 4891 5041 5155 4828 5165 4720 5361
5258 5534 5354 4829 5495 5410 4811 4885 5308 5541 4880 5246 5194 5094 5240 5007 4832 5285 5283 5178 4960 5137 4838 4753 5274 5229 5183 5132 4855 4753 5331 5251 5090 5147 5278 5096 5073 5174 5128 5267 4958 5462 5377 5618 5084 4928 4962 5252 5503 5177 5269 5651 5539 5355 5392 5576 5383 5292 4978 5120 5075 5392 5349 5483 5221 5024 4803 5352 5234 5420 5196 5431 5009 5230 4900 5279 5199 5402 5139 4963 5360 5179 5179 4710 5423 4830 5420 5124 4649 5065 5299 5112 5016 5060 5557 5398 4917 5570 4927 4961 4732 5080 5381 4688 5417 5329 4930 5286 4861 4965 5072 5470 4624 4972 5244 5236 4764 4791 5232 5585 4935 4875 5613 4832 5108 4983 5097 4818 4945 5499 5067 5357 5143 5047 5208 5684 5100 5375 5329 5315 5024 4979 5179 4999 5048 5356 5324 5362 5108 5257 5090 5250 5180 5052 5094 5039 5037 5398 4998 5105 5559 5086 5180 5530 5089 5256 5443 5051 5254 5503 4892 5437 5048 5393 4940 5364 5257 5491 4856 5063 5350 5212 4946 5462 4943 5359 4718 5014 5370 5007 5298 4863 5286 4859 5082 5177 5393 5324 5472 5003 4939 5166 5112 5022 5104 5080 5305 5098 5454 5610 5182 5185 5337 4924 5115 5241 5062 5205 4898 4872 5022 5324 5185 5229 5131 4635 5144 4806 5312 5529 5389 4749 5259 5322 5122 5153 4784 4869 5097 4536 5095 5016 4866 5052 5176 4843 5551 4961 5359 5167 5013 5307 5035 5367 5011 5410
5185 5415 5504 4850 5341 5153 4928 4983 5000 5582 4798 5171 5116 4777 5063 4963 4955 5405 5354 5249 4875 5199 5157 4644 5497 5015 5033 5193 5110 4952 5261 5104 4880 5113 5107 5052 5196 5133 5041 5527 4846 5557 5000 5428 4817 5141 5037 5305 5657 4703 5421 5388 5034 5243 5292 5371 5116 4803 5043 4953 5397 5261 5154 5335 5287 5035 4732 5396 5276 5451 5113 5160 4676 4930 4985 5277 5047 5085 4914 4821 4894 5411 5295 4813 5070 4850 5596 5050 4518 5022 5400 5013 4831 4854 5302 5333 4886 5574 4733 5006 4549 5222 5259 5010 5472 5493 4802 5056 4988 4854 5382 5197 4497 4767 5078 5487 4466 4702 5132 5405 5062 4917 5448 4596 5037 4815 5086 4726 4874 5147 4888 4922 4958 4782 5052 5453 5136 5266 5169 5131 5050 5028 4929 5301 5098 5259 5664 5108 5196 4967 5024 5170 5297 4800 5169 5013 4974 5186 4957 4970 5225 5116 5461 5123 5168 5136 5183 5149 5212 5393 4942 5273 5047 5281 4736 5194 5572 5171 4992 4877 5334 5096 5364 5471 4735 5340 4723 4777 5340 5014 5014 4931 5264 4942 4910 5257 5296 5289 5500 4844 4790 4955 5249 4954 4974 5292 5106 5183 5137 5308 5269 5282 5010 4759 5031 5053 4917 5280 4880 4856 5114 5042 5322 5045 5339 4720 5213 4508 5501 5267 5615 4462 5079 5190 5070 5401 4966 4512 5047 4840 5010 4803 4750 5090 5304 4990 5341 5117 5326 4933 5323 5475 4947 5816 5231 5360
5680 5819 5506 5284 5651 5623 4816 4960 5399 5908 4846 5244 5415 5121 5479 5268 4928 5752 5596 5335 5214 5461 5253 4822 5370 5277 5418 5273 5034 5026 5543 5630 5118 5382 5493 5057 5447 5746 5531 5530 5062 5534 5018 5767 5130 5081 5370 5588 5702 5267 5437 5497 5732 5388 5362 5473 5733 5029 5449 5380 5315 5905 5158 5620 5681 4986 4996 5525 5402 5532 5425 5662 5166 5567 5117 5386 5062 5729 5148 5009 5413 5547 5444 4746 5206 5244 5851 5112 4800 5353 5267 5496 4931 5270 5528 5556 5081 5744 5223 4918 4778 5261 5318 5027 5662 5657 4862 5454 5220 5236 5308 5621 4757 4986 5556 5544 4849 5059 5514 5417 5353 5152 5852 4974 5546 4973 5405 4957 5310 5697 5036 5345 5267 5331 5415 5744 5552 5479 5545 5280 5214 5306 5390 5147 5223 5738 5565 5345 5316 5354 5347 5605 5573 5306 5036 5035 4943 5655 5030 5338 5553 5230 5627 5313 5353 5465 5570 5253 5493 5842 5131 5448 4963 5459 4967 5548 5741 5255 5313 5206 5252 5547 4969 5748 4929 5504 4618 5229 5508 5259 5332 5323 5662 5224 5357 5369 5310 5565 5542 5076 5263 5407 5516 4956 5054 5173 5354 5565 5870 5757 5436 5485 5558 5197 5294 5391 5405 4908 5152 4855 5370 5315 5397 5372 5408 5010 5620 5082 5591 5564 5896 4992 5572 5429 5394 5422 5361 4936 5442 4896 5402 4896 4903 5231 5604 5445 5487 5258 5383 5350 5397 5550 5212 5805 5335 5659
5749 5936 5681 5207 5617 5522 5120 5243 5236 5932 4954 5201 5326 5437 5387 5423 5048 5430 5556 5369 5349 5223 5250 5159 5375 5409 5322 5435 5047 5161 5628 5317 5434 5263 5351 4970 5417 5483 5675 5868 4951 5515 5340 5826 5279 5168 5458 5192 5541 5080 5767 5854 5318 5396 5360 5536 5809 5355 5647 5229 5715 5323 5213 5801 5387 5222 5063 5344 5407 5519 5359 5553 5271 5480 5332 5716 5218 5529 5236 5119 5400 5565 5393 5085 5324 4874 5925 5298 4847 5283 5540 5381 5150 5255 5334 5350 5092 5692 5308 5174 4774 5377 5417 4739 5669 5743 5245 5542 5281 5338 5288 5839 4949 4889 5341 5411 4894 5117 5666 5464 5296 5148 5688 5232 5232 5138 5408 5079 5309 5821 4767 5273 5312 5463 5512 5863 5499 5351 5583 5145 5614 5540 5273 5260 5219 5407 5519 5452 5463 5418 4998 5254 5557 5264 5286 5353 5313 5532 5226 5341 5729 5387 5643 5577 5429 5270 5436 5170 5477 5674 4980 5317 5300 5759 4992 5576 5262 5399 5128 5171 5464 5131 5067 5704 5082 5645 4787 5146 5720 5175 5423 4965 5771 5295 5436 5361 5396 5686 5690 5152 4907 5330 5389 5190 5167 5297 5602 5108 5548 5834 5532 5414 5218 5148 5312 5258 5454 5529 5330 5186 5228 5456 5535 5323 5614 4946 5267 5034 5575 5402 5875 4789 5276 5420 5277 5938 5310 5095 5217 5008 5083 4907 5001 5293 5757 5377 5548 5075 5452 5173 5473 5521 5060 5752 5505 5403
5147 5521 5138 4880 5338 5209 5137 5174 5017 5391 4782 4822 5240 5114 5300 4743 4843 5541 5260 5181 4855 4976 4990 4546 5299 4890 5138 4971 4896 4780 5340 5283 4923 5116 4912 5078 4840 5200 5303 5563 4671 5457 5120 5556 4948 5086 5069 5159 5394 4803 5374 5380 5111 5189 5073 5486 5266 4966 4992 5099 5188 5269 4874 5382 5319 4739 5141 5434 4962 5376 5399 5307 5364 5003 4968 5204 4733 5202 4719 4824 5081 5141 5144 4560 5164 4892 5459 5010 4455 5153 5060 5028 4750 5084 5189 5189 4999 5185 4877 4531 4659 5384 5207 4734 5175 5294 4812 5272 5176 4904 5315 5328 4490 4723 5268 4882 4639 4591 5250 5414 5233 4750 5181 4857 5034 4949 5065 4670 5033 5472 4973 4885 4813 5004 5187 5555 5144 5148 5166 5144 5153 5003 5037 5058 4956 5333 5422 5126 5169 4886 4931 5342 5100 4762 4964 4626 5015 5156 4906 4936 5266 5078 5465 5214 5023 5012 5234 5138 5342 5353 4704 5090 4837 5479 4780 5103 5263 5111 4836 4792 5239 5357 5120 5398 4794 5425 4642 4925 5194 5166 5183 4860 5299 4997 5100 5299 5096 5360 5273 4629 4847 5140 5539 5001 5168 5076 5336 5265 5164 5539 5295 5126 4988 4879 5210 4940 4869 4823 4818 4732 4913 5142 5094 4973 5306 4826 5284 4825 5344 5384 5611 4615 5069 4951 5114 5289 5058 4708 5078 4778 5191 4906 4792 4879 5430 5156 5204 4909 5144 5190 4896 5216 4885 5264 4853 5228
5143 5482 5053 4734 5252 5215 4594 5255 4816 5217 4852 5037 5174 4879 5177 4847 4721 5300 5345 5072 5061 5033 4922 4798 5477 5016 4917 4945 5022 4493 5096 5120 5068 5042 5067 5105 5095 5203 5073 5454 4805 5527 4921 5404 4897 4751 5124 5057 5629 4695 5283 5505 5040 5170 4998 5339 5130 4698 5038 5079 4854 5214 4914 5216 5119 4798 4979 5303 5196 5171 5336 5117 4658 4914 4618 5128 4718 5042 4818 4686 4827 5121 5122 4791 4866 4682 5312 5022 4711 5202 5257 5145 5006 4717 5017 5442 4897 5394 4785 5027 4640 4937 4967 4495 5115 5090 4770 5288 4993 4908 5116 5369 4527 4682 4929 4979 4469 4690 5234 5396 4891 4864 5435 4673 4761 4873 4625 4705 5000 5123 4739 4832 5041 4714 5003 5552 5059 5224 5126 5106 4836 4994 4895 4979 5193 5332 5437 5078 5135 4990 5111 5256 4995 4815 5056 4826 4568 5230 4937 4833 5274 4929 5283 5353 4997 4963 5200 5084 5294 5082 4686 5060 4818 5609 4747 5152 5080 5358 4903 4767 5467 5082 4913 5337 4689 5503 4855 5009 5514 4942 4950 5018 5133 4942 5035 5047 5086 5156 5165 4677 4902 5126 5223 4968 4859 5152 5213 4973 5294 5126 5222 5043 4801 4769 5041 4982 4959 4803 4773 5088 4915 4924 5116 5075 5256 4785 5283 4499 5108 5366 5552 4407 5004 5221 4852 5309 4974 4525 4951 4857 5108 4825 4712 5054 5175 4877 5342 5089 5618 4991 5099 5254 4975 5480 5074 5370
5212 5279 5235 4783 5207 4960 4612 4672 4930 5026 4623 4830 4873 4824 5005 5070 4863 5266 5354 5134 4924 4865 4886 4701 5131 4921 4994 5126 4442 4708 5191 5201 4702 5144 4619 5247 4758 5019 5041 5137 4624 5326 4898 5130 4650 4725 5080 4750 5387 4899 5017 5165 5111 5012 5146 5304 5468 4773 4914 5024 4942 5248 4940 5211 5092 4770 4541 4847 4970 5214 4742 4931 4913 4923 4721 5232 4544 5074 4893 4934 4944 4948 4956 4495 4962 4867 5245 4997 4446 4789 5240 5044 4639 4886 5096 5021 4868 5327 4523 4764 4483 5284 4871 4437 5314 5287 4635 5319 4681 4930 4865 5409 4434 4638 4845 5042 4723 4492 5081 5218 4727 4509 5144 4375 4773 4585 4692 4763 4957 5353 4539 4608 4650 5051 5152 5485 5067 5177 5065 4651 5152 4834 5302 5037 5045 5244 5151 4977 4883 4900 4585 5090 4985 4778 5025 4838 4691 5407 4959 5119 5326 4808 5236 5022 4994 4930 5026 4868 4852 5485 4822 4994 4643 5424 4525 5260 4779 5075 4671 4963 5208 4886 4832 5095 4763 5283 4388 4712 4980 5095 5243 4594 4871 4793 4842 4994 5005 5029 5322 4506 4766 4926 5033 4893 4637 5032 5036 4879 5243 5133 5129 4824 4959 4976 5137 4921 5316 4637 4707 4636 4847 4982 5012 4994 5232 4432 4965 4629 5268 5231 5421 4360 5084 4799 4850 4927 4754 4373 5053 4722 5131 4681 4644 4725 5231 4903 5057 4855 5111 4912 4832 5283 4949 5445 4704 5440
5591 5951 5748 5224 5646 5712 5156 5530 5264 5644 5108 5309 5375 5339 5130 5510 5302 5827 5657 5513 5172 5322 5498 5135 5561 5007 5516 5289 5382 5109 5703 5338 5165 5392 5233 5428 5186 5442 5676 5730 5070 5505 5462 5860 5141 4997 5196 5719 5773 5271 5627 5657 5603 5345 5366 5758 5927 5369 5285 5333 5576 5575 5236 5923 5807 4986 5320 5359 5427 5695 5333 5333 5563 5502 5320 5457 5291 5409 5353 5074 5449 5428 5249 4908 5335 5207 5724 5387 4849 5330 5532 5326 5170 5425 5530 5454 5122 5880 4980 5041 4857 5476 5538 4977 5787 5611 5088 5443 5029 5238 5316 5983 4805 4810 5745 5584 5028 5105 5497 5529 5053 5138 5680 5146 5469 5085 5222 4984 5414 5843 5047 5253 4994 5368 5178 6050 5345 5340 5556 5276 5421 5366 5423 5293 5502 5375 5587 5328 5225 5491 5063 5356 5368 4809 5436 5400 5480 5595 5075 5232 5723 5416 5727 5411 5450 5330 5622 5089 5302 5695 5145 5337 5378 5333 5013 5367 5621 5618 5264 5221 5508 5581 5149 5720 5006 5699 4842 5509 5649 5389 5442 5374 6094 5090 5537 5476 5521 5484 5696 5138 4934 5317 5718 5357 5402 5544 5550 5578 5799 5815 5735 5485 5453 4806 5555 5364 5452 5254 5290 4965 5337 5525 5513 5308 5573 4923 5451 5156 5717 5456 6015 5270 5514 5368 5238 5506 5314 4926 5404 4896 5251 5115 5170 5329 5864 5275 5608 5478 5350 5407 5226 5288 5419 5656 5129 5614
5291 5665 5496 5133 5285 5582 5041 5132 5088 5669 5003 5480 5317 5312 5457 5586 5034 5535 5344 5364 5391 5256 5061 5002 5159 5120 5186 5147 5012 4977 5381 5474 5204 5470 5416 5047 5393 5213 5284 5551 4767 5520 5152 5848 5399 5321 5551 5194 5763 4997 5434 5504 5506 5448 5610 5472 5656 5229 5189 5192 5372 5553 5127 5714 5379 5031 5155 5487 5416 5656 5399 5357 5036 5396 5238 5736 5267 5241 5127 5130 5541 5190 5386 4963 5376 4934 5605 5359 4819 5152 5423 5278 5068 5401 5339 5531 5207 5813 5046 5175 4784 5200 5242 4977 5381 5750 5107 5359 5378 5119 5333 5814 5062 4843 5185 5369 4775 4621 5203 5646 5243 4969 5772 4887 5222 5093 5314 5183 5235 5498 5052 5167 5259 5263 5430 5763 5225 5324 5292 5148 5531 5272 5313 5300 5426 5380 5484 5390 5264 5208 5215 5315 5378 5128 5259 5384 5237 5495 4985 5255 5665 5244 5234 5381 5428 5444 5395 5059 5413 5780 4919 5392 5265 5618 4905 5419 5379 5507 5141 5123 5339 5374 5086 5757 5059 5429 4761 5075 5525 5439 5393 5037 5411 5243 5036 5243 5194 5594 5671 5125 5229 5159 5409 5044 5068 5467 5446 5057 5421 5548 5356 5210 5593 5005 5303 5158 5595 5169 4960 5221 5228 5361 5508 5076 5464 5131 5245 5032 5421 5554 5860 5125 5436 5265 5261 5327 5406 4995 5417 4726 5154 4769 4597 5288 5852 5149 5747 5170 5625 5385 5231 5592 5415 5881 5232 5746
5391 5920 5761 5143 5666 5615 4840 5487 5347 5549 5043 5378 5620 5256 5411 5568 5165 5815 5543 5668 5108 5180 5279 5106 5615 5266 5391 5341 5408 5142 5368 5375 5517 5481 5389 5047 5264 5436 5239 5703 4893 5738 5264 5767 5262 5246 5397 5754 5729 5192 5607 5896 5571 5711 5494 5844 5763 5317 5045 5184 5566 5416 5458 5757 5635 5472 5340 5857 5523 5814 5723 5477 5279 5670 5197 5673 5227 5620 5006 5342 5595 5355 5263 5116 5556 5089 5992 5381 4871 5252 5559 5697 5397 5058 5556 5595 5004 5941 5285 5461 5089 5346 5633 4837 5567 5457 4931 5392 4964 5332 5630 5834 5097 4910 5590 5430 5152 5029 5560 5843 4985 5404 5734 5257 5408 5273 5441 5043 5507 5592 5253 5185 5403 5337 5327 5819 5450 5490 5510 5293 5324 5243 5421 5373 5727 5549 5600 5672 5414 5505 5358 5498 5707 5283 5503 5456 5224 5718 5261 5082 5926 5222 5868 5606 5669 5565 5377 5266 5402 5663 5024 5407 5267 5545 5304 5510 5599 5645 4990 5296 5395 5655 5103 5741 5155 5832 5014 5449 5629 5357 5341 5206 5637 5191 5631 5469 5345 5791 5887 5103 5217 5441 5579 5307 5348 5358 5624 5311 5636 5659 5596 5420 5763 5034 5499 5339 5358 5292 5040 5081 5073 5466 5625 5405 5754 4844 5590 4959 5395 5642 5562 5354 5691 5332 5457 5406 5263 4850 5341 5080 5700 5064 4896 5552 5817 5202 5922 5464 5562 5368 5450 5631 5481 5830 5389 5915
5440 6175 5456 5339 5406 5751 4784 5346 5297 5530 5006 5287 5326 5203 5426 5347 5087 5580 5784 5393 5176 5334 5112 5160 5420 5122 5364 5379 5335 5071 5660 5157 5098 5695 5281 5146 5280 5394 5545 5711 4940 5511 5334 5807 4911 5227 5503 5559 5586 5027 5953 5704 5675 5501 5653 5534 5557 5168 5016 5324 5502 5826 5309 5697 5499 5413 5255 5513 5386 5841 5392 5511 5131 5658 5191 5578 5217 5446 5219 5191 5400 5763 5482 4951 5509 5069 5665 5245 4810 5086 5611 5366 5185 5337 5314 5288 5152 5774 5202 4775 4796 5297 5271 4825 5445 5555 5022 5323 5130 5209 5493 5606 4879 5057 5562 5382 4891 4851 5579 5799 5106 5048 5710 5156 5676 4720 5288 5053 5286 5620 5238 5274 5238 5271 5365 5714 5519 5461 5338 5365 5601 5499 5450 5200 5511 5519 5704 5421 5404 5454 5123 5623 5273 5293 5170 5220 5313 5545 5004 5243 5512 5402 5732 5341 5631 5129 5671 5017 5232 5778 5225 5417 5196 5370 5114 5298 5335 5550 5116 5209 5375 5192 5422 5616 4885 5681 4749 5128 5560 5444 5378 5470 5647 5408 5407 5443 5420 5507 5466 5054 5211 5189 5457 5112 5190 5493 5720 5304 5714 5496 5681 5358 5450 4944 5262 5193 5537 5100 5169 4973 5366 5379 5656 5057 5573 5181 5476 5038 5683 5457 6023 5266 5577 5234 5323 5440 5256 4794 5270 5015 5365 5078 5013 5130 5596 5210 5603 5511 5518 5411 5296 5383 5449 5748 5285 5500
4709 5211 5154 4507 4981 5067 4630 5010 4927 5296 4496 4870 4977 4875 4922 4946 4917 5127 4860 4974 4815 5192 4843 4803 5100 4696 4960 4894 4668 4749 5189 5025 4940 4747 4887 4720 4777 5009 5072 4961 4572 5399 4850 5343 4882 4561 4915 5028 5309 4848 4993 5581 5034 5144 5038 5249 5201 4650 4816 4602 5018 5023 4953 5308 5183 4638 4808 5069 5143 4984 5133 5199 4859 4852 5001 5048 4756 5238 4849 4859 4703 4940 4999 4466 5042 4554 5323 4873 4467 4787 4894 4817 4698 4874 5068 4985 4743 5275 4748 4946 4534 5088 5055 4583 5260 4970 4425 5045 4581 4730 5166 5100 4524 4305 5117 4911 4576 4540 4906 5072 4497 4568 5319 4558 5025 4608 4614 4461 4736 4930 4757 4829 5035 4786 4996 5292 4794 4836 5030 4877 4892 4800 5122 5206 4906 5018 4993 5091 4899 4832 4785 4986 4875 4989 4987 5002 4701 5216 4679 4777 5263 4993 5399 5146 4884 4921 4996 4974 5094 5377 4562 5103 4997 5248 4667 5055 5138 5212 4402 4693 5108 4918 4645 5166 4523 5060 4548 4836 4964 4984 4784 4775 5126 4762 4977 4903 4770 4834 5194 4628 4507 4924 5177 4532 4843 4994 5159 4826 5039 5342 4870 4953 4906 4659 4926 5092 5067 5027 4757 4680 4888 4974 4874 4734 4922 4540 5091 4598 4968 5146 5396 4678 4980 4959 4559 5039 4589 4387 5173 4427 4753 4711 4386 4694 5147 4751 5185 4599 5198 4992 4899 5138 4782 5092 4903 5115
5577 5902 5779 5296 5595 5517 5196 5365 5349 5822 5368 5467 5317 5568 5671 5732 5456 5827 5505 5711 5276 5378 5320 5172 5420 5132 5418 5630 5218 4985 5709 5578 5353 5656 5430 5341 5424 5281 5374 5610 4943 5740 5492 5855 5270 5262 5413 5267 5835 5252 5848 5946 5556 5191 5629 5728 5725 5188 5351 5239 5572 5634 5354 5916 5677 5220 5260 5913 5496 5477 5506 5728 5521 5495 5325 5521 5325 5600 5065 5280 5346 5719 5394 4881 5536 4971 5896 5425 5108 5281 5493 5359 5130 5547 5626 5757 5357 5716 5297 5108 4938 5614 5560 4877 5575 5536 5236 5711 5259 5175 5331 6005 4941 5181 5655 5387 5099 5108 5674 5651 5290 5184 5830 4806 5521 5274 5468 5152 5487 5901 5191 5476 5482 5514 5432 5938 5576 5354 5505 5180 5405 5332 5467 5352 5405 5620 5428 5378 5364 5255 5312 5616 5532 5331 5327 5406 5272 5423 5119 5393 5799 5458 5728 5644 5477 5595 5599 5187 5806 5515 5091 5427 5394 5673 5033 5732 5434 5650 5313 5302 5483 5713 5169 5833 5085 5625 4675 5443 5581 5407 5642 5334 5749 5334 5529 5530 5390 5712 5896 5302 5486 5084 5508 5450 5166 5591 6004 5440 5558 5670 5762 5524 5619 5265 5500 5375 5865 5323 5240 5228 5283 5542 5696 5228 5635 5006 5516 5067 5533 5542 6148 5021 5362 5316 5409 5566 5167 5066 5602 4949 5590 4907 5143 5439 5732 5372 5831 5458 5707 5300 5439 5813 5460 5804 5297 5602
5116 5551 5307 4984 5424 4983 4616 5154 5093 5361 4977 4816 5231 5140 5354 5199 5040 5472 5166 5413 4994 4848 4973 4947 5160 4913 5121 5034 4861 4921 5422 5248 4725 5231 5124 5077 5011 5046 5120 5370 4793 5336 5090 5385 4999 5064 5016 4969 5459 4955 5356 5563 5214 5056 5159 5439 5614 5088 5000 4812 5084 5436 5019 5532 5117 4905 5045 5395 5129 5062 5232 5478 4873 5282 5174 5239 5100 5063 5081 4730 5258 5222 5033 4928 5301 4794 5367 5026 4641 5210 5065 4975 4889 5012 5381 5339 4973 5428 5044 4843 4761 5114 5090 4527 5498 5285 4863 5254 4835 5092 5059 5578 4808 4460 5266 5109 4825 4732 5160 5420 4923 4771 5551 4733 5178 4701 4993 4925 5089 5155 4681 4662 4971 5101 5206 5588 5101 4911 5056 4879 5125 5189 5127 5252 5025 4986 5140 4955 5241 5001 4877 5059 5295 4995 5082 5233 5101 5425 4817 4805 5422 4982 5446 5201 5148 4842 5243 4895 5254 5466 5069 5158 4797 5477 4768 5303 5168 5235 4963 4789 5125 4943 4911 5320 4729 5361 4738 5033 5280 5127 5097 4937 5481 4969 5106 5045 5065 5449 5081 4935 4908 4999 5239 4786 4781 5273 5194 5063 5138 5626 5434 5432 5179 4607 5211 5171 5186 4885 4972 4848 5117 5259 5592 5332 5187 4903 5130 4673 5257 5077 5755 4836 5195 5157 4974 5335 5146 4848 5161 4710 5155 4652 4799 5267 5457 5097 5213 4965 5234 5175 5146 5382 5023 5235 5331 5434
5545 5823 5732 5401 5741 5609 5172 5602 5395 6001 5470 5576 5783 5490 5711 5699 5386 5793 5722 5602 5405 5731 5527 5373 5522 5223 5517 5760 5416 5284 5856 5602 5342 5736 5385 5270 5611 5288 5681 5905 5317 5651 5515 5979 5368 5578 5534 5607 5970 5317 5972 5856 5912 5542 5569 5888 5968 5331 5419 5417 5603 5898 5666 5901 5613 5382 5409 5774 5466 5880 5542 5671 5421 5685 5380 5650 5455 5802 5465 5281 5753 5703 5696 5211 5644 5336 5916 5637 5133 5539 5766 5580 5147 5463 5758 5550 5522 5832 5607 5269 5208 5404 5456 5313 5808 5991 5122 5672 5488 5597 5564 6041 5285 5026 5992 5529 4978 5239 5499 5709 5290 5427 5978 5294 5523 5366 5696 5148 5442 5968 5265 5455 5248 5562 5580 6241 5588 5738 5574 5641 5895 5398 5479 5423 5343 5633 5862 5567 5683 5619 5526 5496 5627 5591 5521 5513 5555 5789 5182 5474 5833 5630 5719 5494 5516 5546 5794 5183 5625 5847 5389 5693 5459 5954 5402 5509 5889 5440 5423 5255 5766 5636 5389 5757 5263 5774 4931 5552 5813 5445 5424 5487 5888 5679 5665 5654 5607 5964 5806 5331 5421 5512 5939 5379 5549 5882 5740 5656 5781 6008 5889 5540 5731 5283 5746 5504 5701 5558 5325 5175 5607 5892 5872 5434 5674 5199 5549 5267 5787 5586 6070 5179 5607 5493 5408 5842 5497 5436 5542 5177 5799 5219 5168 5274 6177 5409 5920 5708 5882 5457 5469 5846 5503 5872 5567 6201
4696 5401 4956 4453 4982 5117 4493 4710 4699 5007 4654 4989 4884 4611 5002 4997 4677 5065 4871 4866 4728 4566 4680 4809 5000 4921 4859 4921 4649 4714 5034 4763 4826 5023 4884 4862 4555 4702 5041 4879 4600 5113 4812 5179 4793 4622 5009 5004 4912 4746 5222 5323 5007 4900 5030 5140 5439 4627 4692 4825 4824 5156 4672 5324 5144 4742 4778 4866 4791 5162 5088 4684 4674 4881 4874 4997 4501 4890 4838 4864 4788 4941 4644 4571 5004 4435 5300 4996 4254 4823 5026 4968 4191 4814 5113 4795 4696 5242 4648 4759 4616 4758 5026 4506 5128 4925 4633 4890 4759 4777 4925 5046 4264 4502 5082 4866 4352 4469 4862 5220 4834 4734 5389 4558 5074 4649 4629 4785 4726 5243 4484 4788 4684 4885 5328 5195 4846 4864 4970 4797 4642 4785 5042 4805 4823 5007 4926 4935 4956 4888 4715 5158 4742 4746 4772 4842 4705 5145 4494 4941 5239 4973 5226 4968 5115 4805 5195 4530 5051 5218 4678 5061 4693 5215 4582 4796 4726 5003 4506 4602 4999 4886 4594 5022 4454 5223 4535 4586 4794 4917 4987 4696 5145 4757 4783 4950 5013 4861 5364 4602 4582 4844 4930 4760 4848 5044 5036 4664 5186 5109 4904 4663 4909 4649 4934 4783 4746 4926 4679 4478 4638 4929 4992 5123 5058 4566 4952 4457 5030 5021 5168 4685 5168 4748 4865 5071 4791 4314 4968 4471 5048 4691 4391 4757 5181 4854 5265 5003 5167 4667 4810 4894 4766 5082 4821 4990
5585 5744 5714 5272 5686 5558 5272 5402 5189 5668 4956 5469 5760 5605 5608 5479 5204 5611 5476 5855 5236 5678 5272 5082 5479 5389 5376 5517 5333 5262 5936 5620 5253 5644 5217 5242 5578 5599 5521 5712 5160 5662 5653 5685 5320 5318 5360 5326 5623 5338 5643 5808 5642 5490 5705 5810 5854 5454 5109 5399 5550 6068 5351 5535 5554 5546 5325 5448 5411 5580 5409 5585 5231 5468 5219 5964 5366 5532 5293 5138 5636 5626 5606 5054 5659 5286 6057 5268 4710 5405 5565 5571 5263 5302 5580 5706 5354 5704 5193 5412 5030 5431 5490 5163 5741 5787 5148 5555 5398 5214 5748 5899 5227 5058 5558 5584 5296 4951 5620 5755 5514 5242 5549 5109 5251 5070 5301 5087 5309 5686 5117 5159 5526 5527 5675 6057 5483 5517 5541 5223 5642 5169 5247 5685 5532 5713 5520 5434 5440 5546 5312 5478 5764 5199 5727 5275 5346 5673 5241 5476 5820 5276 5632 5532 5630 5450 5612 5480 5440 5727 5099 5546 5406 5787 4932 5394 5349 5463 5340 5088 5661 5518 5469 5773 5299 5849 5083 5327 5551 5397 5638 5137 5849 5297 5337 5505 5541 5641 6080 5494 5384 5644 5448 5357 5198 5473 5812 5220 5769 5825 5572 5494 5798 5111 5466 5364 5406 5386 5320 5073 5448 5525 5901 5344 5813 5034 5432 4986 5573 5646 6006 4922 5666 5371 5479 5566 5221 5137 5557 5240 5528 5191 4985 5490 5674 5305 5758 5310 5714 5126 5563 5626 5341 5796 5608 5860
5522 6035 5612 5048 5522 5616 5069 5385 5451 5336 4822 5592 5448 5237 5483 5420 5155 5791 5657 5353 5168 5221 5333 5107 5478 5137 5255 5446 5294 5195 5557 5323 5364 5362 5547 5210 5213 5314 5384 5948 4821 5665 5603 5803 5110 5136 5554 5495 5601 5192 5776 5810 5457 5380 5613 5292 5902 5501 5132 5467 5505 5561 5527 6057 5429 5198 5424 5413 5556 5501 5605 5650 5303 5550 5352 5353 5578 5576 5283 5174 5667 5388 5500 5294 5595 5358 5714 5278 4781 5247 5276 5436 5325 5301 5444 5399 5444 5680 5400 4914 4955 5434 5359 5084 5700 5751 5175 5390 5275 5208 5377 5570 5011 4857 5610 5282 5010 5006 5576 5555 5187 5079 5608 5087 5458 5190 5670 5068 5413 5650 4914 5261 5290 5006 5203 5988 5628 5234 5745 5440 5593 5290 5780 5249 5196 5406 5271 5332 5419 5678 5168 5535 5552 5424 5341 5490 5306 5685 5076 5250 5877 5270 5749 5452 5774 5234 5842 5276 5289 6021 5173 5670 5431 5751 5232 5511 5369 5524 5314 5278 5497 5666 5152 5659 5218 5780 5048 5248 5571 5328 5452 5326 5596 5459 5427 5499 5381 5782 5488 5189 4850 5300 5517 5357 5334 5309 5802 5428 5475 5957 5823 5476 5469 5217 5380 5489 5585 5527 5159 5037 5137 5521 5503 5381 5348 5185 5511 5192 5397 5869 6047 4848 5328 5241 5461 5518 5323 4947 5209 5206 5366 4983 5043 5316 5659 5278 5596 5320 5624 5547 5456 5397 5230 5736 5565 5716
5377 5553 5297 4898 5446 5530 4843 5004 5142 5632 4893 5112 5394 5085 5397 5262 5300 5530 5326 5434 5060 5125 5157 4642 5394 5025 5106 5203 4872 4959 5347 5119 4965 5246 5165 5159 4957 5140 5278 5550 4892 5855 5071 5688 5161 5061 5184 5419 5533 5169 5369 5771 5387 5306 5333 5519 5499 4811 4755 4993 5422 5366 5340 5450 5389 5166 5104 5412 5246 5306 5279 5288 5271 5195 4989 5492 4977 5374 5171 5106 5463 5086 5115 4672 5360 4790 5613 5433 4709 5223 5656 5031 5108 5095 5411 5508 5135 5586 4973 5141 4943 5227 5208 4892 5387 5479 4857 5484 5254 5206 5549 5604 4775 4976 5348 5289 4955 4573 5306 5597 4894 5120 5533 4814 4919 5156 5269 4963 5248 5519 4735 5230 5064 5138 4900 5751 5262 5201 5344 5379 5116 5228 5275 5288 5207 5376 5476 5540 5357 5198 4957 5321 4982 5122 5217 4916 5228 5526 4909 4834 5527 5077 5460 5475 5072 4951 5534 4921 5142 5730 4985 5349 5064 5793 4786 5253 5118 5196 5044 5021 5310 5274 5033 5417 5119 5242 4839 5046 5364 5079 5318 5101 5240 5178 5405 5359 5284 5575 5594 4886 4843 5182 5253 5237 5218 5276 5506 5219 5613 5296 5321 5068 5167 5031 5322 5190 5229 5100 4795 4839 5031 5456 5575 5345 5539 4995 5345 4792 5616 5499 5537 4873 5419 5223 5252 5317 5221 4855 4989 4931 5394 5049 4795 5121 5478 5019 5534 5153 5416 5301 5198 5358 5278 5760 5189 5475
5449 5668 5687 5209 5605 5411 5043 5237 5091 5572 4901 5348 5485 5178 5151 5253 5049 5624 5388 5292 5142 5302 5081 5037 5594 5105 5493 5218 5290 5101 5347 5389 4849 5424 5399 5171 5140 5240 5510 5711 4953 5775 5433 5735 5203 5096 5492 5640 5765 5178 5308 5862 5413 5514 5429 5768 5619 5156 5142 5310 5233 5366 5264 5488 5309 5144 5038 5654 5360 5727 5258 5374 5069 5275 5333 5565 5181 5467 5287 4762 5348 5446 5286 4711 5320 4983 5476 5537 4777 5059 5479 5250 5084 4983 5593 5341 4975 5764 5257 5117 5031 5431 5533 4946 5671 5520 5093 5484 5084 5186 5487 5466 4936 5000 5180 5168 4861 4600 5306 5635 4904 5015 5688 4898 5146 5184 5165 4926 5176 5161 5010 5240 5418 5055 5239 5879 5360 5287 5419 5363 5197 5334 5312 5316 5287 5496 5548 5440 5228 5438 5281 5622 5286 5159 5100 5078 5104 5614 5149 5213 5616 5191 5393 5615 5696 5507 5433 5263 5329 5797 5094 5425 5292 5424 5241 5340 5518 5522 4898 5277 5410 5344 5109 5705 5067 5542 4837 5248 5493 4984 5221 5098 5627 5330 5409 5327 5209 5280 5538 5049 4972 5087 5608 5169 5268 5335 5415 5244 5554 5535 5649 5444 5567 4894 5605 5210 5378 5227 5244 5076 5309 5258 5257 5195 5458 4959 5460 5211 5485 5695 5651 4754 5634 5194 5165 5450 5015 4800 5024 4855 5396 5262 4639 4994 5736 4951 5743 5075 5596 5280 5312 5544 5016 5703 5213 5763
5015 5763 5479 4932 5436 5278 4906 4745 5094 5472 4796 4944 5145 4918 5541 5311 4968 5778 5433 5170 5255 5091 4795 5085 5065 4934 4999 5045 5052 4747 5410 5188 4979 5122 5238 5293 4750 5059 5168 5261 4720 5418 5279 5442 4985 5101 5230 5127 5526 5306 5076 5664 5108 4955 5072 5298 5566 4976 5091 5080 5090 5414 5006 5517 5399 4954 5138 5493 5167 5192 5164 5583 4932 5249 5137 5220 5032 5148 4993 4881 5491 4981 5090 4672 5226 4884 5137 4901 4848 5051 5417 5170 4877 5140 5591 5195 4984 5430 4956 4891 4697 5377 5153 4567 5439 5361 4952 5271 5041 4881 5469 5429 4791 4661 4955 4954 4641 4952 5188 5359 4765 4891 5531 4900 5089 4967 5094 5120 4942 5316 4554 4808 5119 5044 5073 5817 5307 5404 5001 5230 5137 5110 5269 5072 4948 5212 5285 4857 5208 5233 4942 5244 4960 4900 5033 5224 4881 5529 4894 4863 5360 5174 5348 5245 5337 5280 5468 4819 5292 5527 4787 5094 5033 5381 4691 5263 5229 5408 4962 4922 5121 5050 5014 5216 4598 5561 4733 5074 5456 5274 5030 5162 5271 4727 5138 5071 5281 5444 5325 4635 4821 5086 4953 4966 4979 5237 5553 5068 5494 5414 5546 5574 5194 4890 5286 5242 5035 5082 4959 4731 5108 5077 5362 5305 5100 4625 5037 4715 5099 5279 5730 4516 5243 5219 5044 5140 4951 4708 5329 4632 5175 4792 4633 5189 5329 5149 5378 5013 5265 5073 5094 5224 5074 5267 5040 5279
5164 5540 5331 4689 5261 5524 4791 5125 5018 5487 4807 5377 5050 4872 5344 4798 4854 5392 5471 5141 4868 4888 5115 5010 4973 4772 5237 5095 4881 5034 5469 5184 5290 5289 4909 5075 5109 5128 5204 4979 4765 5539 5150 5597 4936 4739 5124 5303 5482 5086 5548 5656 5466 5343 5272 5663 5260 4863 5017 5230 4996 5586 5254 5608 5392 4859 5198 5271 5221 5393 5017 5387 5082 5049 5194 5198 5260 5264 5056 5140 5350 5418 5182 4692 5353 4806 5604 5203 4546 5213 5396 5092 5088 4941 5257 5311 4945 5607 4803 4940 4648 5161 5300 4911 5292 5438 4738 5293 5057 5217 5409 5571 4748 4773 5100 5152 4825 4871 4913 5508 4956 4943 5540 5040 5188 5149 5034 4787 5029 5323 4718 4801 5154 4861 5217 5456 5054 5154 5233 5146 5240 5284 5308 5301 5156 5388 5329 5300 5297 5099 4945 5336 5109 4964 5269 4927 5142 5359 4731 5124 5527 5109 5451 5302 5261 5259 5327 5149 5264 5500 4964 5188 5104 5417 4916 5281 5407 5457 4794 4953 4984 5141 4958 5537 4920 5372 4551 4875 5393 5052 5080 5116 5216 5110 5016 5172 5312 5447 5544 5017 5185 5005 5145 5032 5139 5110 5359 5079 5631 5444 5390 5333 5457 4830 5124 4963 5334 5011 4693 4964 5091 5186 5454 4960 5346 4732 5344 5031 5318 5428 5733 4907 5349 5120 4928 5222 5215 4869 5055 4768 5161 4937 4594 5090 5431 5206 5403 5315 5423 5146 5099 5320 5201 5565 4925 5725
4983 5345 4982 4871 5093 5172 4318 4769 4821 5334 4405 4862 4962 4577 5033 4799 4589 5216 5251 4840 4811 4872 4649 4724 4702 4783 4785 5087 4712 4535 5154 4992 4541 4807 5062 4758 4807 4995 4888 5224 4535 5176 4787 5094 4850 4729 4868 5025 5073 4560 5048 5147 5033 5024 4848 5158 5233 4587 4803 4955 4704 5074 4969 5274 5164 5016 4720 4931 5036 5106 4834 5085 4688 4591 4893 5015 4655 5044 4817 4565 5048 5026 5100 4631 4856 4519 5076 5046 4466 4848 5140 4713 4862 4938 5185 4860 4756 5229 4979 4782 4432 4586 4790 4631 5196 5382 4483 4915 4926 4777 4603 5135 4197 4633 5047 4933 4518 4418 4941 5272 4774 4458 5074 4618 4886 4622 4669 4482 5168 5097 4476 4858 4802 4664 5100 5254 5043 4694 4753 4865 4898 4850 4885 5052 4855 4947 5063 4930 4781 4998 4902 4916 4809 4739 4753 4706 4673 5271 4467 4889 5205 4673 5194 4978 5060 4785 5172 4696 4834 5068 4679 4954 4889 5326 4576 4864 4831 5129 4693 4701 5127 4822 4925 5031 4527 5175 4552 4707 5169 4882 4889 4513 5166 4794 4886 5080 5185 5094 5304 4544 4533 5009 4949 5114 4728 5031 5115 4864 5388 5047 5120 4909 4776 4672 4995 4742 4946 4918 4715 4622 4763 5050 5108 5250 5003 4853 4715 4556 4986 4957 5305 4391 4961 4714 4754 4950 4398 4505 4781 4498 4979 4585 4484 4913 5117 4620 5380 5024 5150 4915 5033 5061 4632 5356 5150 5270
5453 5789 5728 5160 5516 5600 4776 5072 5241 5678 4918 5371 5411 5061 5437 5355 4681 5677 5614 5319 5096 5202 5303 5132 5491 5204 5532 4972 4836 4890 5517 5533 4947 5337 5163 5292 5257 5772 5542 5532 5052 5405 5097 5808 5378 5127 5286 5504 5603 5315 5357 5470 5477 5197 5284 5701 5680 4903 5311 5172 5270 5368 5123 5673 5487 5043 5055 5468 5417 5263 5497 5481 5256 5620 5249 5485 4996 5498 5382 5220 5513 5349 5278 4920 5447 5021 5511 5272 4978 5202 5248 5071 4785 5463 5480 5351 5072 5362 4865 4907 4871 5077 5416 4669 5615 5444 4745 5344 5132 5068 5426 5523 4756 4907 5655 5474 4927 4709 5544 5548 4811 4891 5776 5030 5220 4845 5132 4874 5014 5631 5121 5195 5211 5377 5394 5677 5251 5300 5346 5183 5367 5406 5270 5246 5344 5305 5452 5423 5394 5283 5287 5519 5243 4855 5199 5193 4981 5521 5083 5059 5672 5063 5792 5395 5304 5110 5207 5089 5478 5574 4729 5084 5411 5544 5052 5424 5427 5686 5102 5183 5419 5259 5280 5631 5105 5537 4640 5189 5455 5318 5334 5307 5700 5384 5475 5391 5683 5680 5664 5088 4790 5156 5483 5080 5250 5050 5537 5225 5474 5506 5432 5425 5213 4779 5686 4959 5263 5036 4802 4791 5065 5389 5652 5589 5377 4931 5548 4820 5684 5587 5869 4940 5474 5270 5370 5512 5356 4899 4950 4806 5284 4879 4833 5141 5554 5247 5616 5258 5410 5265 5453 5492 5134 5733 5187 5648
4668 5105 4943 4512 4706 4669 4397 4466 4751 4966 4411 4691 4793 4504 4977 4727 4669 5066 5024 4898 4709 4864 4514 4661 4860 4463 4735 4673 4427 4578 4899 4890 4363 5046 4766 4710 4744 4854 4574 4983 4322 5000 4812 5218 4651 4776 4859 4988 5259 4539 4873 5096 4742 4968 4726 4791 5164 4620 4596 4704 4439 4830 4600 4968 4863 4481 4714 4820 4884 4938 4726 4993 4884 4645 4558 5035 4763 5072 4725 4467 4875 4771 4874 4382 4826 4372 4944 4819 4341 4861 4807 4868 4458 4654 4819 5108 4340 4896 4809 4703 4333 4770 4643 4246 5093 4991 4477 4841 4709 4863 4825 5238 4389 4620 5003 4826 4313 4459 5004 5059 4840 4654 5157 4363 4809 4355 4501 4728 4728 4945 4582 4722 4773 4668 4900 5229 4591 4579 4709 4786 4667 4538 4803 4759 5049 4810 4981 4921 4635 4823 4383 4796 4700 4614 4620 4564 4631 5010 4323 4689 5001 4739 5128 4757 4602 4703 4946 4545 4870 5184 4520 4836 4576 4829 4412 4767 4742 4830 4529 4585 4683 4811 4864 5073 4038 4953 4182 4874 4787 4929 4788 4535 5025 4668 4439 4611 4678 4917 5062 4423 4643 4559 4982 4616 4535 4923 4816 4779 5030 5103 4996 4798 5004 4592 4981 4879 4667 4408 4705 4421 4708 4914 5032 4959 4742 4610 4889 4445 4952 5135 5027 4330 5078 4642 4452 4831 4739 4392 4705 4551 4987 4366 4381 4776 5212 4735 5127 4632 4655 4594 4730 4809 4743 4974 4690 4945
5429 6239 5794 5123 5704 5718 5150 5173 5401 5833 5072 5318 5413 5439 5630 5748 5369 5854 5598 5619 5446 5625 5181 5241 5528 5233 5361 5314 5365 4937 5573 5426 5287 5713 5695 5371 5468 5377 5591 5736 4904 5948 5632 6034 5334 5178 5426 5555 5892 5225 5487 5920 5493 5615 5528 5599 5809 5307 5536 5522 5616 6115 5575 5804 5615 5476 5227 5698 5733 5524 5562 5672 5653 5627 5466 5721 5335 5640 5408 5281 5777 5673 5364 4958 5549 5185 5780 5477 4740 5352 5655 5696 5257 5349 5664 5579 5075 5955 5272 5225 5146 5657 5730 5142 5622 5674 5096 5664 5417 5402 5541 5756 4913 5192 5465 5408 4977 5137 5355 5732 4988 5144 5982 5332 5559 5352 5425 5228 5384 5797 5242 5540 5403 5190 5395 5846 5519 5376 5853 5379 5319 5388 5447 5461 5289 5636 5601 5797 5590 5517 5321 5796 5551 5264 5485 5572 5539 5926 5151 5369 5905 5341 5806 5382 5615 5775 5768 5571 5351 6033 5464 5525 5436 5576 5094 5729 5844 5512 5260 5465 5360 5467 5083 5812 5263 5520 5071 5248 5479 5326 5515 5143 5432 5287 5416 5329 5488 5698 5920 5142 5443 5338 5421 5421 5495 5394 5783 5321 5947 5848 5472 5581 5839 5429 5397 5641 5678 5575 5206 5220 5162 5519 5857 5408 5564 5198 5603 5493 5594 5663 5909 5263 5563 5636 5748 5424 5408 5027 5450 5171 5345 5182 5035 5280 5583 5288 5889 5477 5562 5461 5586 5731 5443 6036 5249 5724
5365 5644 5424 5147 5526 5321 4919 4965 5518 5761 4875 5213 5165 5266 5271 5253 5345 5589 5502 5522 5285 5319 5311 5039 5100 5259 5138 5453 5173 4924 5620 5284 5244 5287 5344 5110 5152 5321 5242 5710 4830 5484 5262 5742 5283 5123 5347 5467 5444 5334 5506 5725 5414 5280 5606 5295 5828 5021 5237 5313 5400 5238 5158 5819 5506 5154 5306 5102 5430 5081 5438 5585 5167 5430 5372 5549 4981 5568 5148 4841 5260 5349 5195 4856 5383 5002 5527 5335 4942 4990 5347 5197 5195 5251 5564 5348 5071 5520 5287 5098 4954 5336 5465 4657 5418 5612 4829 5284 5275 5392 5151 5686 4876 5203 5351 5080 4811 4608 5253 5756 5234 5013 5558 4714 5222 4930 5263 4981 5527 5541 5035 5233 5118 5243 5298 5836 5538 5274 5251 5216 5328 5310 5389 5348 5275 5512 5298 5409 5283 5524 4984 5476 5491 5295 5047 5220 5117 5439 5223 5159 5615 5097 5676 5488 5215 5343 5464 5024 5494 5576 5198 5469 4939 5354 4906 5553 5456 5104 5135 5237 5354 5191 5034 5423 5200 5359 4741 5297 5377 5173 5296 4963 5503 5154 5403 4943 5390 5577 5450 5077 5034 5220 5252 5123 5037 5437 5494 5179 5591 5734 5530 5367 5330 5227 5415 5518 5268 5238 5209 4926 4998 5292 5346 5181 5516 4851 5197 5007 5568 5378 5609 4797 5378 5250 5240 5369 5036 4716 5574 4855 5431 4934 4877 5169 5502 5031 5586 5121 5360 5417 5160 5372 5101 5535 5220 5530
5127 5579 5725 5258 5453 5180 4781 4911 4924 5604 5086 5140 5342 5351 5273 5122 4790 5406 5108 5171 4956 5267 4971 4877 5043 4829 5090 5122 5345 4780 5458 5359 4813 5373 5295 4833 5164 5281 5296 5471 4978 5513 5253 5504 5074 5006 5136 5142 5820 5229 5122 5372 5380 5371 5223 5628 5284 5062 4944 5350 4962 5353 5302 5261 5175 5030 4767 5432 5251 5480 5149 5439 5146 5010 5026 5480 4830 5370 5062 4712 5285 5182 5196 4802 5327 5029 5509 5300 4744 4963 5310 5174 5024 5166 5360 5473 4592 5756 5127 5060 4825 5143 5350 4994 5364 5276 4887 5302 4857 5148 5419 5561 4711 4707 5175 4992 4874 4542 5218 5408 5005 4708 5349 4983 5394 5118 5257 4791 5162 5266 5125 4975 5189 4922 5122 5771 5041 5223 5040 5024 5246 5081 5087 4827 5267 5358 5495 5007 5535 5257 5183 5498 5022 4878 4895 5083 5078 5472 4634 5084 5263 4915 5198 5454 5099 5240 5339 4989 5185 5550 4964 5258 4900 5577 4869 5156 5286 5335 4984 4921 5309 5321 4895 5510 5078 5500 4604 5100 5277 5030 5416 4942 5361 5187 5355 5284 5311 5487 5293 4894 5060 5188 5368 5111 5190 5114 5305 5106 5501 5593 5206 5412 5320 5045 5263 4962 4963 4845 5348 4780 5159 5390 5087 5330 5361 4821 5224 4864 5239 5286 5698 4581 5283 5103 5220 5244 5001 4701 5413 4706 5355 4966 4724 5009 5520 4884 5290 5005 5335 5005 5141 5302 4781 5599 5208 5509
5149 5099 5325 4843 4948 4853 4754 4731 4834 5020 4789 4930 4898 4871 4834 5088 4707 5056 5061 4782 4794 4991 4566 4539 4871 4562 4851 4889 4690 4555 5004 4858 4715 5109 4932 4811 4765 4759 5025 5137 4564 5184 4784 5382 5049 4737 4892 4959 5316 4849 4951 5248 5124 4931 5024 5028 5395 4871 4774 4743 4754 5129 4714 5154 5047 4495 4367 5319 4858 5255 4870 4976 4951 5120 4734 5146 4892 4983 4838 4773 5047 5009 4939 4407 4743 4857 5304 4946 4666 4620 5057 4931 4692 4624 4974 5487 4856 5356 4828 4336 4622 5228 5053 4619 5095 5039 4840 5061 4951 4949 4878 5024 4514 4461 5006 4719 4445 4589 4967 5143 4901 4687 5252 4482 4843 4551 4820 4584 4618 5222 4522 4780 4946 4849 4896 5295 4921 4906 5167 4910 5018 5017 4725 4769 4864 5207 4855 4717 5022 4868 4839 4890 4931 4560 4862 5099 4857 5146 4690 4926 5141 4950 4913 4736 4711 4929 5027 4732 5047 5039 4691 4939 4738 5090 4554 4867 4959 5036 4561 4839 5097 5076 4519 5234 4692 4930 4444 4703 5051 4767 5050 4874 4947 4953 4934 4797 5032 5152 4947 4656 4716 5055 5215 4899 4612 4941 4929 4800 5101 5165 4759 4818 4979 4448 4607 4617 5053 4717 4803 4652 4618 4938 4871 4897 5029 4514 4794 4661 4939 5113 5100 4543 4654 4914 4642 4982 4620 4672 5070 4711 4851 4415 4518 4802 5119 4823 5034 4571 5233 4754 5039 5417 4819 5265 4795 5190
5380 5893 5441 5006 5455 5521 4931 4978 5089 6055 4827 5135 5345 4876 5414 5097 4776 5652 5395 5332 4700 5304 5176 4930 5327 5282 5313 5377 5014 5223 5471 5399 5074 5380 5221 4939 5195 5513 5268 5426 4728 5213 5335 5475 5055 4826 5340 5310 5515 5084 5668 5727 5467 5277 5325 5538 5521 4833 5364 5453 5438 5456 5281 5697 5260 5112 5044 5595 5558 5342 5403 5520 5187 5405 5065 5382 4937 5614 5216 4983 5328 5453 5050 4744 5115 4965 5695 5268 4926 5056 5490 5072 5129 5055 5549 5493 4935 5541 5078 4967 4742 5092 5068 5033 5434 5471 4896 5282 5188 5213 5036 5605 4766 4904 5396 5305 5016 4766 5179 5511 5059 4892 5612 4970 5220 4799 5247 4812 5303 5505 4703 4928 5138 5114 5327 5738 5496 4991 5095 5399 5187 5312 5297 5319 5032 5490 5391 5412 5299 5409 4908 5583 5488 5037 4943 5088 5200 5376 4781 5062 5601 5351 5621 5285 5569 5180 5315 5202 5285 5601 4815 5294 5328 5681 4697 5352 5449 5228 4964 5014 5212 5246 4999 5584 4683 5730 4610 4968 5179 5345 5395 5209 5420 5307 5156 5211 5253 5337 5424 4845 4953 5182 5429 5171 5008 5294 5566 5116 5669 5442 5316 5078 5293 5000 5446 5050 5330 5185 5000 4998 5070 5115 5459 5097 5520 4794 5340 4923 5349 5693 5859 4662 5343 5320 5214 5213 5209 4725 5155 4681 5305 5099 4836 5121 5525 5487 5342 5342 5387 5318 5260 5327 4716 6040 5197 5351
5140 5476 5138 4737 5199 5032 4682 4939 4823 5482 4806 5046 5256 4909 5015 5163 4620 4999 5320 5097 4842 5056 5067 4645 5095 4802 5021 4863 4898 4744 5211 5038 4817 5143 5045 5003 4965 5140 5056 5179 4712 5269 4899 5791 5002 4744 4892 5266 5357 4881 5189 5322 5136 5130 5053 5374 5423 4898 4787 5053 5140 5192 5142 5103 5309 4876 4986 5174 4967 5282 5219 5022 4931 5110 5057 5092 4881 5102 4878 4808 5100 5082 4977 4419 5100 4837 5625 4821 4452 5108 5062 5098 4810 4780 4935 5195 4879 5552 4565 4703 4631 5151 5161 4717 5276 5075 4603 4896 4716 4988 5395 5449 4608 4595 5106 5015 4593 4742 5114 5060 5087 4880 5309 4745 5092 4946 5139 4365 4945 5280 4720 4718 4770 5136 5018 5461 5293 4929 5148 5242 5179 4934 4862 4831 5042 5565 5536 5086 5146 4953 4963 5257 5089 4849 5032 4908 4885 5127 4913 4676 5147 5178 5383 5231 4954 4986 5140 4874 5043 5113 4951 5037 5273 5177 4878 5069 5212 4991 4936 4771 5148 5085 4737 5175 4747 5338 4525 4820 5219 4948 4916 4916 5328 4870 4949 5105 5106 5195 5316 4699 5099 4883 5502 4811 4888 4932 5163 5109 5323 5340 5323 5355 5115 4643 5225 4876 5301 4608 4917 4591 4840 5016 5088 4976 5324 4528 5228 4636 5224 5198 5582 4819 5020 5169 4762 5179 4940 4428 4817 4516 5131 4679 4764 4861 5358 4999 5302 4977 5235 4948 4907 5368 5187 5128 4777 5386
5082 5489 5220 4740 5384 5203 4757 5048 4883 5439 4796 5117 5025 4899 5439 4995 4889 5611 5483 5416 5218 5385 4906 4797 5090 5180 5027 5136 4844 4920 5258 5276 4862 5387 5152 5018 5062 5228 4997 5230 4944 5373 5064 5300 4890 5021 5262 5212 5458 4950 5181 5301 5408 5034 5313 5204 5494 4915 5250 5132 5262 5558 5111 5675 5606 5114 4767 5328 5251 5360 5210 5235 5005 5056 4957 5298 4874 5218 4863 4972 5018 5213 5034 4563 5173 4717 5425 5071 4538 4908 5197 5163 4709 5033 5248 5486 4914 5382 5048 4885 4823 5404 5159 4787 5345 5391 4604 5175 4891 4984 5187 5310 4694 4834 5262 5161 4586 4846 5300 5277 4937 4956 5752 5123 5059 4646 4888 4721 5362 5437 4664 5037 5102 4820 5220 5462 5460 4969 5036 4935 5155 5222 5108 5328 4853 5556 5365 5159 5089 5174 5015 5339 5258 5055 5180 4970 4844 5610 4866 5022 5406 5192 5676 5324 5012 5169 5527 4923 5124 5589 4875 5110 5276 5623 4747 5256 5230 5126 4873 5125 5043 5005 4904 5419 4742 5259 4544 5144 5261 5292 4923 4978 5328 4859 4825 5375 5183 5335 5291 4961 5086 5104 5339 4831 5065 5112 5311 4878 5219 5308 5167 5385 5241 5050 5243 5123 5036 5007 5060 4622 5111 5314 5279 5125 5461 4793 5395 4821 5187 5305 5667 4495 5299 4859 4834 5301 5074 4621 5067 4979 5197 4589 4577 5130 5507 4855 5585 4894 5190 5079 5507 5433 5249 5475 4915 5309
5481 5885 5430 5034 5593 5667 4757 5341 5269 5600 5071 5326 5252 5176 5168 5426 5027 5627 5492 5534 5051 5396 4993 5062 5340 5283 5507 5311 5213 5193 5638 5341 4942 5474 5433 5357 5368 5506 5201 5488 4968 5488 5321 5667 5333 5086 5200 5689 5703 5294 5534 5780 5451 5549 5301 5770 5912 5261 5259 5216 5320 5708 5142 5887 5462 5317 4976 5491 5289 5522 5313 5195 5588 5465 5459 5600 5022 5491 5159 5017 5373 5488 5350 4701 5486 4939 5652 5340 4901 5250 5535 5431 5112 5416 5389 5554 5277 5758 5057 5144 5008 5212 5469 4946 5569 5592 4866 5533 5201 5310 5500 5689 4909 4856 5720 5132 4678 4883 5363 5559 4975 5082 5647 5034 5178 5005 5346 5053 5422 5714 4984 5202 5037 4969 5164 5787 5278 5365 5259 5389 5227 5140 5559 5263 5452 5305 5652 5319 5345 5520 5111 5245 5495 5155 5226 5255 5188 5685 4945 5326 5576 5389 5830 5398 5310 5315 5505 5135 5272 5555 5195 5401 5316 5655 4939 5224 5504 5408 5121 5245 5507 5195 5155 5702 4950 5705 4939 5119 5483 5317 5336 5078 5417 5240 5354 5354 5392 5214 5585 5297 5288 5018 5534 5327 5095 5329 5579 5221 5538 5742 5828 5409 5429 4983 5382 5421 5399 5383 5248 4888 5016 5381 5255 5125 5451 4745 5503 4987 5769 5675 5767 5039 5375 5292 5415 5048 5014 4761 5249 4907 5451 4926 4753 5212 5432 5052 5795 5241 5406 5231 5294 5363 5118 5850 5331 5534
5116 5433 5272 4907 5247 5174 4852 4987 5069 5489 4767 5025 5201 4895 5008 5030 4881 5435 5154 5060 4755 4974 4787 5032 5162 4877 5233 5003 4730 4809 5405 5314 4812 5087 5037 5069 5076 5166 5372 5280 4696 5761 4860 5392 5175 4781 5149 5063 5477 4676 5305 5426 5337 5117 5184 5261 5414 4904 5082 5253 5094 5339 4763 5543 5147 5035 4917 5042 5105 5219 5016 5353 4814 5169 4835 5238 5078 5327 4852 4762 5158 5066 5010 4510 5274 4888 5327 5085 4471 4988 5163 4992 4748 4950 5236 5028 4983 5244 4914 4791 4542 5113 5122 4577 5402 5168 4971 5305 4951 4885 4922 5278 4563 4649 4963 5121 4752 4750 5057 5526 4948 4810 5432 4613 5354 4836 4933 5011 4912 5386 4892 4681 5044 4963 5225 5469 5107 5113 5197 5124 4889 5210 5146 4921 5078 5119 5232 5114 5103 4984 4909 5257 5150 5135 4902 4721 4745 5247 4918 4918 5396 4965 5352 5173 5228 5155 4935 4933 5212 5723 4781 5177 4792 5117 5123 5043 5545 5087 5074 4897 5144 5122 4794 5291 4846 5353 4658 5111 5366 4965 5250 4837 5132 4997 4902 5033 4871 5341 5302 4929 4927 4959 5389 4999 5081 4994 5360 5313 5258 5726 5222 5136 5333 4961 5320 5170 5164 4828 4934 4508 4879 5070 5179 5057 5284 4754 5135 4848 5155 5231 5664 4669 5225 5125 5099 5156 4930 4480 5052 4643 5069 4965 4650 5098 5176 4731 5167 4917 4987 5109 5355 5071 4825 5156 5189 5559
5492 5494 5650 5025 5836 5578 4834 5160 5283 5663 5018 5300 5244 5006 5497 5161 5036 5693 5496 5365 5116 5288 5237 4913 5326 5141 5313 5055 5328 4936 5485 5493 5460 5330 5387 5409 5144 5477 5399 5513 4775 5724 5275 5719 5247 5286 5321 5510 5620 5256 5379 5664 5481 5438 5612 5672 5920 4828 5047 5413 5546 5496 5349 5743 5311 5179 4958 5494 5471 5368 5628 5428 4976 5313 5416 5285 5091 5759 5211 4964 5221 5240 5359 4862 5447 5050 5614 5316 4866 5131 5513 5526 5165 5105 5424 5529 5052 5509 4977 5015 4893 5235 5320 4745 5662 5585 4941 5691 5343 5131 5482 5551 5007 5054 5431 5040 4933 4701 5311 5553 5077 5371 5842 4861 5198 5293 5444 4849 5232 5502 4876 5188 4963 5129 5447 5727 5541 5522 5431 5598 5412 5170 5355 5403 5155 5570 5523 5504 5254 5600 5523 5604 5310 5275 4977 5112 5316 5692 5075 5046 5707 5081 5635 5470 5449 5335 5605 4982 5377 5502 5099 5536 5375 5597 5013 5312 5430 5372 5030 5394 5417 5418 5065 5373 5073 5569 4890 5200 5536 5243 5307 5086 5575 5372 5340 5113 5414 5622 5714 5100 5094 5301 5438 5327 5207 5346 5507 5117 5343 5592 5666 5186 5421 5159 5649 5370 5197 5255 4879 4782 4946 5059 5497 5691 5375 4881 5363 4999 5477 5664 5605 5035 5548 5339 5235 5247 5023 4691 5340 5114 5372 5169 4827 5220 5724 5246 5858 5331 5483 5473 5250 5522 5134 5808 5236 5725
5274 5765 5853 5125 5727 5611 5140 5048 5216 5728 4663 5154 5468 5171 5534 5253 5170 5882 5754 5603 5121 5411 5310 5131 5381 5182 5186 5258 5237 5112 5620 5271 5179 5297 5323 5079 5337 5421 5296 5702 4925 5674 5526 5834 5218 5043 5399 5370 5808 5405 5555 5803 5448 5290 5537 5725 5862 5248 5159 5473 5455 5390 5190 5657 5383 5323 5156 5478 5510 5540 5415 5671 4908 5539 5135 5440 5230 5584 5270 4880 5439 5392 5401 4947 5502 5088 5613 5708 4991 5006 5793 5472 5132 5167 5561 5618 5169 5681 5262 5145 4991 5437 5641 5005 5585 5550 4905 5370 4969 5198 5491 5764 4876 5100 5454 5526 5133 5022 5430 5723 5257 4877 5631 4897 5181 5156 5438 4999 5257 5363 4895 5481 5450 5154 5500 5894 5593 5589 5543 5449 5394 5075 5329 5485 5167 5442 5433 5355 5486 5464 5346 5679 5582 5153 5390 5399 5310 5872 5231 4968 5587 5459 5667 5531 5410 5375 5401 5419 5235 5813 4961 5690 5480 5543 4855 5355 5394 5314 5174 5030 5421 5467 5168 5514 5123 5678 4806 5091 5488 5390 5534 5065 5687 5333 5503 5398 5332 5513 5639 5157 5048 5186 5258 5352 5144 5620 5778 5227 5475 5701 5568 5424 5449 4989 5527 5349 5223 5204 5102 5102 5326 5433 5410 5548 5509 4902 5572 5078 5569 5640 5705 4761 5701 5129 5453 5175 5138 4787 5158 4884 5544 5227 4922 5344 5585 5126 5657 4975 5678 5425 5365 5387 5062 5717 5203 5786
5436 5672 5549 5060 5526 5229 4910 4948 5199 5743 4915 5264 5351 5278 5592 5593 5171 5622 5777 5375 5095 5333 5249 5182 5424 5115 5273 5411 5126 4860 5488 5340 5108 5403 5077 5268 5326 5530 5345 5681 4907 5586 5415 5737 5063 5132 5351 5478 5460 5170 5491 5817 5615 5335 5566 5739 5771 4868 5133 5295 5334 5662 5379 5581 5581 5065 5052 5448 5336 5548 5202 5231 4901 5624 5247 5432 5271 5512 5186 5082 5320 5583 5289 4865 5487 5118 5770 5298 5035 5196 5581 5423 5082 5404 5079 5548 5179 5647 5337 5085 4817 5188 5179 4860 5566 5596 4765 5496 5257 5428 5204 5670 4791 4806 5676 5513 4813 4980 5571 5552 4964 5389 5542 4914 5268 5081 5252 5093 5374 5756 4877 5288 5140 5259 5165 5739 5410 5193 5366 5108 5374 5401 5197 5286 5145 5573 5607 5430 5501 5384 5283 5413 5105 5172 5295 5166 5193 5602 5159 5338 5578 5227 5724 5387 5299 5520 5284 5199 5378 5533 5079 5534 5265 5627 4947 5348 5546 5418 5114 5120 5392 5347 5229 5611 5084 5561 4648 5270 5546 5308 5438 5333 5569 5328 5394 5431 5416 5530 5764 5214 5247 5058 5562 5324 5044 5530 5489 5152 5588 5612 5571 5211 5311 4986 5651 5439 5499 4947 4998 4901 5240 5297 5412 5209 5551 4820 5485 4861 5432 5533 5917 4770 5540 5305 5036 5525 5160 5013 5250 5020 5408 4865 4827 5010 5655 5128 5579 5155 5490 5198 5444 5504 5378 5744 5481 5721
5019 5580 5551 4932 5378 5313 4818 4922 5097 5613 5014 5003 5255 5130 5339 5110 4970 5438 5443 5216 5096 5277 5198 5129 5291 4970 5366 5558 5311 4824 5580 5202 5099 5452 5316 4891 5124 5409 5014 5452 4802 5493 5301 5489 5039 5200 5341 5297 5485 4976 5357 5360 5454 5230 5363 5488 5524 5046 5311 5112 5521 5162 5232 5613 5298 5132 4938 5250 5315 5403 5132 5193 5027 5070 5120 5531 4900 5274 5144 4992 5504 5193 5367 5023 5239 4824 5639 5273 4741 4942 5361 5100 4944 5239 5215 5347 5069 5633 4877 4969 4831 5210 5122 4752 5418 5521 4747 5132 5169 5112 5191 5517 4683 4643 5445 5221 4735 4714 5389 5619 4846 4969 5694 5012 5312 4982 5112 4885 5113 5568 4978 5220 5120 5277 5323 5612 5270 5205 5216 5130 5337 5035 5035 5024 5064 5389 5508 5386 5293 4976 5162 5365 5246 5018 5094 5033 5358 5332 4940 5182 5413 5292 5390 5259 5179 5140 5318 4849 5081 5463 5034 5473 5083 5468 5006 5422 5523 5107 5051 5101 5317 4968 5112 5269 5088 5247 4805 5015 5272 5099 5493 4748 5453 5292 5372 5114 5272 5539 5472 4899 5079 5194 5351 5287 5131 5327 5536 5058 5290 5698 5366 5193 5220 4838 5254 5051 5323 5422 5271 4844 5009 5454 5540 5193 5351 4804 5144 5002 5423 5331 5635 4580 5139 5125 4961 5370 5204 4795 5308 4857 5019 4889 4983 5056 5486 5083 5365 5178 5195 5138 4922 5147 5122 5615 5281 5541
5687 5986 5858 5355 5862 5764 5374 5592 5595 5894 5302 5614 5719 5276 5571 5524 5336 6060 5925 5670 5239 5564 5406 5282 5658 5255 5641 5687 5374 5223 5570 5712 5373 5847 5483 5462 5741 5639 5591 5985 5017 5565 5741 5977 5396 5325 5562 5779 5998 5311 6009 5863 5682 5751 5695 6174 5902 5355 5726 5652 5807 6000 5586 6114 5905 5625 5590 5653 5873 5688 5639 5812 5320 5783 5425 5668 5316 5711 5383 5321 6029 5480 5742 5159 5838 5399 5951 5681 4987 5555 5709 5589 5551 5604 5831 5579 5357 6000 5298 5430 5181 5651 5717 5207 5941 5920 5148 5772 5514 5505 5668 6042 5025 5263 5657 5710 5195 5420 5631 5962 5167 5574 6037 5268 5536 5250 5556 5373 5681 5983 5489 5443 5344 5546 5660 5909 5539 5535 5571 5550 5528 5509 5719 5761 5663 5854 5856 5696 5838 5782 5268 5590 5818 5405 5584 5456 5603 5643 5389 5589 6131 5672 6157 5894 5556 5915 5708 5706 5711 5990 5531 5800 5318 5913 5229 5805 5919 5640 5243 5412 5590 5536 5228 5802 5213 5831 5232 5711 5558 5654 5460 5478 5846 5337 5492 5719 5605 5920 5973 5293 5553 5580 5709 5556 5550 5906 5874 5699 6083 6012 5815 5619 5842 5378 5720 5673 5576 5518 5377 5208 5561 5662 5751 5435 5654 5190 5656 5253 5840 6071 5981 5467 5851 5659 5567 5820 5553 5119 5542 5134 5626 5239 5168 5431 5981 5497 5921 5480 5684 5823 5787 5758 5572 6092 5230 5850
4930 5285 5181 4933 5017 4977 4611 4961 4901 5226 4499 4998 5095 4748 5083 5046 4531 5118 5292 4950 4987 5178 4888 4690 5001 5069 4978 4844 4887 4619 5166 5006 4541 5032 5114 4668 4872 4859 4675 4984 4889 5212 5032 5344 4769 4687 5115 4971 5233 4676 5177 5220 5324 4815 5123 5041 5279 4825 4898 4887 5037 5206 4866 5153 4927 4812 4653 5102 5226 5007 5084 5231 4939 5202 4907 5382 4911 4999 5005 4707 5204 5149 5145 4649 5156 4729 5084 4969 4566 4753 5065 5124 4681 4920 5004 5052 4910 5333 4848 4597 4567 4799 4894 4559 5093 5167 4620 4954 4801 5180 4868 5321 4520 4452 4981 4954 4546 4463 5025 5214 4702 4481 5248 4530 4960 4539 4816 4642 4898 5184 4719 4956 4837 4739 5200 5626 4868 5014 4857 4932 5052 4795 4846 4942 4905 5139 4935 4765 5056 4800 4806 5187 4997 5034 5018 5139 4928 5065 4754 4909 5153 4837 5186 5070 5149 4719 5081 4780 4805 5407 4650 5065 4955 5118 4555 5054 5051 5053 4739 4588 5243 4923 4898 5461 4782 5463 4511 4985 5258 5162 5097 4779 4977 4964 5015 4976 4790 5116 5127 4772 4720 4830 5225 4838 4590 4995 5175 4552 4985 5101 5238 4913 5124 4779 5135 4805 5079 4886 4689 4877 4736 5165 5001 4894 5152 4578 5008 4584 5114 5210 5595 4545 5184 4814 4784 4792 4720 4440 4891 4589 5004 4681 4665 4747 5278 4795 5279 4691 5205 4832 5014 4886 4818 5360 5030 5182
5550 5530 5802 5029 5584 5320 4951 5360 5179 5365 5068 5126 5654 5112 5664 5336 5346 5531 5567 5429 5374 5448 5235 5424 5600 5345 5228 5407 5019 5167 5659 5572 5168 5582 5520 5582 5214 5358 5570 5796 5183 5572 5395 5589 5180 5136 5280 5356 5586 5107 5639 5694 5516 5680 5525 5745 5909 4989 5247 5553 5577 5622 5419 5673 5664 5316 5185 5733 5513 5383 5297 5757 5299 5237 5179 5393 5377 5438 5382 5266 5473 5418 5564 5323 5572 5177 5514 5387 4764 5514 5653 5194 5180 5116 5318 5434 5172 5712 5286 4950 4987 5465 5344 4973 5513 5875 5044 5638 5398 5166 5303 5738 4924 5113 5802 5297 5075 4969 5658 5701 5446 5097 5736 5115 5309 5077 5146 5049 5367 5724 5089 5184 5308 5417 5473 5875 5289 5161 5490 5383 5390 5515 5521 5449 5383 5543 5720 5494 5538 5433 5052 5393 5274 5081 5359 5204 5374 5596 5053 5498 5881 5276 5768 5444 5426 5357 5681 5335 5465 5986 5100 5456 5048 5903 5139 5435 5298 5410 5137 5218 5687 5367 5222 5579 5066 5723 4691 5164 5787 5457 5383 5014 5608 5408 5327 5295 5135 5612 5637 5161 4972 5170 5584 5305 5222 5600 5407 5370 5716 5348 5487 5482 5347 5068 5362 5172 5330 5349 5255 4854 5178 5406 5793 5391 5546 5037 5412 5081 5609 5525 6021 5006 5613 5316 5271 5635 5449 5099 5302 5230 5444 5053 5074 5369 5600 5340 5671 5135 5753 5127 5536 5645 5418 5686 5257 5662
5766 5944 5779 5348 5813 5830 5200 5348 5630 5778 5351 5397 5564 5278 5499 5651 5308 6177 5672 5828 5525 5565 5276 5359 5616 5550 5734 5779 5678 5274 5999 5878 5528 5776 5803 5459 5388 5975 5410 6098 5083 5837 5818 6192 5541 5474 5609 5560 6056 5548 5927 5879 5886 5568 5781 5705 5898 5435 5708 5729 5908 5885 5719 5900 5715 5503 5347 5819 5762 5635 5751 5782 5594 6119 5571 5934 5432 5788 5686 5303 6110 5688 5640 5377 5943 5364 6154 5444 5210 5507 5666 5694 5497 5611 6002 5888 5423 6113 5439 5200 5225 5650 5584 5136 5809 5719 5354 5740 5553 5549 5670 5989 5138 5219 5916 5574 5359 5310 5822 6008 5196 5586 6177 5415 5704 5484 5595 5273 5591 5960 5249 5519 5329 5410 5583 6112 5896 5725 5658 5693 5743 5851 5624 5702 5704 5835 5952 5683 5651 5908 5543 5730 5660 5579 5284 5639 5460 5776 5438 5477 5947 5383 5907 5827 5753 5651 5866 5612 5686 5887 5487 5659 5636 5907 5127 5669 5959 5748 5513 5589 5604 5618 5417 5957 5530 5877 5061 5658 5589 5644 6003 5465 5935 5546 5608 5461 5526 6055 5772 5220 5300 5558 5683 5403 5463 5596 5698 5694 5933 5884 5962 5766 5614 5467 5594 5614 5803 5411 5450 5350 5396 5689 5847 5348 5871 5453 5815 5376 5941 5899 6380 5254 5519 5928 5629 5834 5652 5078 5871 5078 5560 5216 5097 5580 5904 5631 5849 5706 5498 5587 5717 5708 5488 5937 5579 5847
5220 5634 5128 5007 5434 5289 4907 5169 5139 5553 4870 5145 5262 5137 5413 5025 4852 5670 5174 5147 5226 5321 4992 4953 5106 5048 4929 5245 4964 4796 5396 5267 4921 5025 5251 4984 5287 5211 5093 5439 4862 5733 5201 5617 4914 5164 5166 5319 5527 4862 5181 5409 5311 5127 5460 5385 5279 4882 5070 5036 5103 5311 5112 5340 5512 5122 4978 5368 5527 5587 5222 5022 5231 5291 4960 5331 5019 5358 5081 4993 5325 5375 5221 4734 5244 4799 5391 5114 4720 5153 5307 5299 5069 5016 5274 5279 4876 5401 4990 5010 4864 5002 5097 4624 5547 5491 4853 5515 5010 4818 5326 5536 4740 4807 5120 5166 4811 4759 5322 5411 5038 4933 5521 4998 5227 5053 5148 4729 5464 5527 5092 5012 5040 5238 5307 5563 5505 5347 5229 5021 5367 4945 5028 5374 5101 5338 5314 5180 5140 5213 5213 5281 5384 5043 5045 5306 5233 5549 4908 4947 5629 5053 5338 5308 5047 5029 5430 4772 5149 5442 4719 5143 5106 5444 4895 5463 5365 5213 4936 5140 5341 5425 4875 5403 4856 5240 4921 5136 5405 5200 5147 5076 5496 5056 5200 5488 4982 5426 5450 4904 5150 5392 5507 5137 5035 5420 5589 5066 5236 5612 5267 5231 5259 5063 5335 5194 5243 5037 4834 5042 5108 5377 5485 5037 5461 4853 5453 4918 5245 5453 5704 4823 5264 5143 5176 5455 4927 4729 4824 4886 5250 4850 4786 5037 5531 5062 5355 5218 5374 5427 5210 5195 5175 5515 5015 5571
5228 5683 5619 4917 5559 5400 4762 5050 5293 5540 5055 5314 5223 5166 5333 5456 5003 5576 5773 5412 5010 5377 5038 5090 5454 5286 5198 5329 5187 5250 5510 5482 4965 5563 5124 5026 5187 5444 5272 5297 5013 5509 5355 5246 4828 5105 5139 5225 5460 5265 5217 5659 5181 5364 5442 5840 5533 5290 5225 5226 5148 5399 5464 5803 5750 5253 5201 5689 5406 5318 5298 5589 5196 5396 5248 5296 5075 5561 5393 5073 5595 5222 5212 4819 5382 4879 5680 5230 5019 5246 5263 5610 4868 5150 5471 5499 5018 5592 5236 5016 5061 5188 5432 4677 5430 5726 4903 5424 5195 5166 5481 5577 4974 4756 5450 5272 4903 4769 5057 5442 5099 5148 5736 5144 5239 5009 5337 5058 5207 5248 5092 5277 5261 5169 5381 5850 5519 5030 5246 5256 5282 5167 5247 5124 5253 5413 5328 5520 5292 5242 5172 5646 5178 5177 4997 5116 4981 5543 4912 5322 5709 5243 5674 5305 5433 5343 5679 5024 5372 5524 5039 5236 5238 5776 5206 5554 5304 5507 4824 5110 5375 5197 4873 5643 5023 5416 4819 5178 5501 5398 5571 5064 5483 5549 5534 5263 5104 5465 5448 5220 5177 5490 5290 5119 5075 5096 5448 5198 5527 5660 5567 5338 5376 4939 5387 5371 5239 5037 5162 4821 5068 5265 5371 5179 5536 5069 5706 4941 5676 5683 5784 4874 5512 5122 5211 5456 5311 5048 5369 4955 5446 5151 4977 5164 5530 5080 5763 5267 5365 5256 5337 5269 5319 5595 5122 5651
5942 5845 5978 5464 5833 5890 5255 5387 5325 5726 5447 5433 5643 5515 5589 5459 5337 5815 5888 5510 5148 5555 5568 5230 5634 5545 5607 5749 5632 5227 5855 5833 5318 5755 5240 5420 5600 5957 5547 5696 5153 5576 5615 5749 5265 5436 5352 5721 5982 5329 5867 5927 5727 5605 5801 6088 6119 5330 5684 5360 5547 5810 5577 5964 5765 5394 5222 5748 5576 5867 6058 5732 5270 5954 5554 5696 5358 5810 5310 5272 5591 5657 5909 5089 5812 5163 6058 5595 5264 5406 5894 5683 5358 5349 5752 5708 5252 5742 5636 5337 5010 5678 5431 4747 5886 5849 5284 5680 5529 5572 5568 5838 5189 4980 5950 5608 5323 5344 5684 5861 5630 5229 5977 5177 5551 5199 5580 5268 5542 5899 5348 5433 5270 5502 5686 6057 5536 5875 5762 5646 5544 5388 5556 5523 5788 5550 5691 5560 5813 5498 5626 5704 5652 5554 5403 5691 5474 5793 5129 5586 6042 5645 5843 5999 5680 5620 5728 5401 5669 5984 5533 5658 5548 5808 5258 5696 5731 5944 5450 5183 5629 5589 5476 5942 5372 5818 4947 5289 5700 5812 5611 5343 5620 5753 5589 5574 5615 5610 5829 5090 5176 5607 5735 5507 5336 5705 6025 5409 5915 6021 5792 5601 5594 5252 5564 5478 5509 5435 5289 5371 5366 5607 5790 5473 5509 5357 5669 5356 5681 5630 5931 5121 5835 5586 5827 5545 5274 5519 5603 5053 5433 5416 5234 5494 5977 5665 5852 5510 5886 5280 5466 5799 5198 5976 5458 5884
5208 5548 5611 5009 5487 5190 4703 4783 4934 5596 4776 4985 5161 5077 5398 5104 4932 5212 5492 5317 5002 5458 5187 4907 5183 4884 5164 5217 4813 5021 5377 5220 4962 5271 5266 5018 5109 5270 5316 5494 4879 5604 5080 5511 5282 5072 4974 5198 5528 4887 5462 5710 5417 5176 5184 5406 5511 4809 4794 5111 5438 5188 5292 5508 5385 4991 4863 5397 5178 5392 5215 5335 4937 5000 5085 5276 4814 5233 4999 4890 5154 5219 5331 4704 5337 4725 5661 4989 4919 5019 5315 5077 5111 4985 5232 5111 4741 5487 5080 5060 4748 4889 5429 4578 5305 5611 4600 5199 5001 5296 5433 5562 4820 4718 5245 5146 4570 4849 5213 5436 5057 4736 5548 4933 5166 4977 5100 4661 4996 5375 4808 5249 5090 5120 5060 5766 5318 5268 5124 5201 5054 5072 5196 5171 5198 5368 5462 5413 5299 5110 4810 5478 5238 5112 5127 5171 4914 5322 5068 5148 5308 5079 5484 5328 5249 5267 5177 5163 5081 5507 5029 5312 5034 5397 4871 5254 5168 5188 5010 4862 5316 4955 4941 5286 4938 5676 4516 5009 5444 4977 5214 4827 5238 4989 5187 5265 5124 5220 5063 5076 5032 4909 5378 4931 5173 5340 5386 5009 5437 5417 5175 5082 5042 4870 5209 5251 5157 5190 5256 4838 4949 5348 5240 5294 5173 4577 5051 4599 5526 5395 5652 4608 5182 5275 4992 5338 4659 4708 5067 5033 5375 4801 4944 5042 5384 4935 5460 4954 5358 5145 5346 5123 4999 5508 5127 5291
5162 5637 5564 5152 5387 5435 4856 5235 5083 5367 5102 5265 5287 5182 5175 5246 5002 5420 5305 5007 5136 5156 5033 4994 5288 4827 5117 5121 5024 4883 5574 5132 5061 5137 5440 5048 5113 5126 5326 5435 4837 5582 5315 5398 4729 4854 5089 5271 5416 4955 5479 5589 5547 5549 5297 5751 5728 5074 4996 5059 5058 5263 4981 5405 5575 4932 5008 5415 5429 5362 5202 5349 5411 5254 4863 5052 4894 5446 5013 5090 5342 5306 5221 4782 5146 4939 5381 5102 4462 5272 5347 5264 5091 4957 5146 5154 4966 5527 5049 4756 4778 5189 5372 4460 5552 5429 4895 5383 4922 4956 5117 5529 4556 4741 5360 5287 5170 4766 5501 5197 5068 4978 5634 5004 5319 4975 5268 4929 5234 5435 5030 5208 5106 4984 5276 5458 5111 5083 5273 5104 5192 4798 5354 5350 5229 5200 5323 5277 5107 5284 5113 5216 5427 5044 4785 5060 5230 5385 4845 5133 5458 5241 5548 5290 5160 5210 5536 5099 5194 5443 5054 5216 5218 5136 5143 5286 5437 5335 4831 5119 5096 5171 4801 5423 4739 5568 4640 5284 5324 5202 5338 4880 5625 4873 5139 5250 5068 5290 5435 4891 5076 5138 5459 5072 4917 5277 5516 5131 5514 5497 5398 5150 5339 4927 5280 4971 5255 5014 4859 4884 4982 5124 5237 5205 5323 4700 5446 5106 5302 5341 5414 5179 5228 5304 5170 5260 4865 4879 4903 4678 5331 4933 4772 5177 5438 5084 5645 5244 5385 5194 4902 5496 5320 5320 5047 5336
