5270 5277 4918 4891 5246 5107 4620 5161 5415 5609 4967 4962 5092 5460 5233 5232 4385 5334 5181 4603 4935 5013 5350 4818 4940 4854 5087 4916 4878 5141 4726 5187 5256 4807 5143 5528 5466 4870 5409 4878 5109 4553 5351 5268 5106 5212 4961 4797 5199 5158 4895 5191 4963 5098 5159 5153 4602 5026 4736 4924 5108 4958 5012 5037 5532 5029 5199 4983 5382 5151 4920 5340 4577 5098 5439 5276 5099 4948 4709 5040 5295 5409 5149 4852 4934 5282 4955 5368 4686 5501 5103 5076 5101 4885 4718 5668 5188 4940 5025 5072 4998 5198 4823 4924 4960 4516 5191 5381 5068 4647 4979 4859 5304 4726 5041 4863 5008 5269 5249 5254 5419 4959 5016 5141 5213 5151 5184 4828 5046 5041 5088 4814 4581 4751 4842 5396 4960 4944 4573 5072 5285 4832 4676 5065 5369 5135 5292 5262 5063 5116 5058 5003 4822 5045 5339 4814 4769 4804 5223 5003 5048 5360 4443 5089 5116 5184 5003 4961 5726 5122 4983 4795 4971 4649 4883 5083 5110 5207 4905 4944 4813 4699 5519 4958 5016 4906 4928 5306 5309 4610 5154 4887 4846 5394 5349 5157 5060 5037 5101 4643 5193 5475 4515 4724 5324 4994 4757 4856 5124 5444 4910 4751 5059 5070 5520 5194 4885 5146 5192 4930 4433 5073 4914 4986 5040 5278 5159 5278 4993 5208 4715 5006 5142 5137 5449 4883 5236 4870 5015 4749 5171 4702 4993 4981 4851 5248 4960 4829 5424 4765 4880 4812 4726 4853 5004 4791
5478 5284 4512 4955 5299 5217 4626 5162 5195 5443 5082 4812 5013 5150 5223 5106 4616 5414 5172 4961 5005 4862 4808 4908 5164 5173 5207 4919 4708 4924 4759 5199 5041 4832 5287 5240 5361 5169 5412 4976 5353 4794 5195 5136 5008 5073 5020 5139 5335 5106 4901 5027 4735 4874 5240 5156 4776 4905 4954 4823 4728 4756 4972 4927 5286 5119 5289 5230 5039 5175 4990 5452 4691 5001 5138 5195 5038 5032 4954 5651 4946 5255 5221 5015 4863 4904 5195 5385 4981 5135 5064 5204 5148 5289 4875 5389 5075 5212 5281 5047 4869 4963 4880 4844 5057 4901 5080 5285 5167 4648 4628 5003 5388 4787 5074 4957 4712 5113 5432 5414 5247 4934 5031 5296 5250 5140 5142 5021 5032 5358 5075 4954 5103 4937 4705 5250 5126 4959 4508 4582 5239 4654 4701 4981 4968 5096 5346 5390 4834 5058 5009 5198 5139 4939 5183 4830 5304 4652 4978 4986 4900 5391 4317 5213 5443 5458 4953 5047 5750 5078 4721 5014 4667 5171 4918 5054 4998 5372 4954 4915 5094 4706 5375 5036 4929 4881 4826 5522 5218 5160 5132 5029 4861 5248 5401 5193 4897 5305 4775 4709 5366 5464 4805 4874 5064 4814 4851 4753 5278 5290 5139 4702 5432 5043 5208 5177 4846 5233 4891 4837 4783 5325 5026 5008 4917 5183 4972 5323 4914 5259 4629 5201 5129 5191 5106 4940 5259 4703 5031 5098 4959 4974 4985 4830 4932 5381 5234 4839 4946 5091 4963 4886 4775 5168 5153 4813
5704 5452 4675 5068 5423 5118 4994 5107 5118 5895 5211 5093 5291 5293 4964 5588 4789 5302 5357 4923 5098 4904 5389 4939 4897 5252 5099 5164 4804 5339 5061 5329 5710 5007 5280 5635 5747 5336 5426 5211 5247 4889 5375 5307 5411 5500 5635 5387 5501 5434 5287 5068 5261 5440 5118 5199 4792 5146 5124 5290 4971 5076 5000 5345 5506 4973 5334 5225 5418 5345 5093 5480 4854 5420 5571 5681 5310 5110 5019 5582 5599 5460 5324 5027 5060 5216 5310 5476 5206 5407 5372 5274 4944 4957 4942 5498 5232 5269 5261 5312 5212 5087 5237 5041 5050 4677 5406 5600 5295 4522 4965 5248 5433 5026 5320 4983 5350 5275 5242 5432 5374 5104 5164 5367 5285 5249 5010 5206 5241 5328 5144 4851 4962 4605 4594 5376 5337 5224 5001 5311 5454 4910 4984 5373 5348 5139 5300 5624 5180 5233 5117 5300 5067 5022 5175 5280 4923 5260 5515 5177 5179 5562 4988 5363 5265 5451 5085 5416 5586 5095 5057 5114 5125 5066 5382 5142 5240 5402 5209 4956 5152 5119 5311 5165 5423 5279 4814 5450 5023 5077 5312 5175 5362 5382 5252 5305 4933 5009 5058 4968 5661 5565 5001 4807 5470 5069 4741 5275 5061 5683 4828 4946 5099 5194 5368 5253 4785 5659 5317 4903 4682 5321 5322 5025 4928 5155 5245 5648 4983 5450 5007 5296 5268 5352 5699 4770 5370 5024 5309 5053 5482 4998 5256 5046 5034 5294 5177 4983 5276 5236 5004 4772 4731 5287 5217 4890
5684 5202 4933 5171 5528 5483 4960 5471 5542 5677 5684 5147 5428 5526 5414 5817 4845 5551 5492 5104 5359 5180 5445 5327 5096 5135 5490 5068 5056 5448 4979 5571 5389 5300 5376 5809 5806 5426 5740 5543 5252 5038 5637 5416 5376 5661 5585 5241 5780 5292 5180 5313 5112 5238 5445 5632 5054 5584 5530 5285 5254 5091 5209 5276 5682 5364 5632 5373 5562 5325 5265 5628 4711 5302 5361 5693 5436 5424 5121 5606 5452 5447 5646 5432 5237 5369 5405 5691 5149 5745 5361 5311 5518 5303 4852 5709 5256 5499 5479 5480 5060 5468 5221 5538 5270 5100 5583 5553 5372 4910 5022 5279 5552 5151 5451 5118 5207 5441 5780 5610 5664 5319 5358 5570 5696 5333 5298 5113 5299 5630 5534 5230 5273 4795 4976 5506 5168 5337 4774 5159 5652 5112 5174 5209 5317 5328 5412 5630 5085 5563 5381 5505 5212 5225 5539 5340 5400 4996 5676 5168 5144 5504 4902 5350 5430 5670 5362 5520 5829 5328 5363 5460 5011 5144 5451 5497 5387 5659 5197 5317 5356 4986 5412 5485 5418 5173 5102 5594 5502 5255 5350 5180 5395 5274 5364 5516 5279 5279 5396 4911 5368 5917 5020 5044 5413 5436 4800 5335 5407 5688 5103 5043 5268 5652 5716 5127 4978 5507 5328 5120 4983 5654 5171 5100 5313 5257 5326 5608 5144 5597 4918 5524 5446 5357 5650 5022 5400 5032 5379 5143 5390 5154 5257 5019 5259 5542 5437 5189 5676 5294 4981 4754 5111 5465 5223 4916
5688 5228 4802 5099 5740 5387 4900 5267 5399 5690 5208 4794 5202 5474 5515 5372 4862 5345 5514 4859 4949 5084 5176 5084 5009 5030 5184 5285 5089 5255 5048 5305 5393 4970 5212 5303 5600 5148 5542 5033 5372 4801 5379 5408 5424 5349 5252 5065 5356 5182 5115 5131 5098 5125 5417 5427 4980 5197 4933 4877 4901 4947 5310 5295 5512 5414 5473 5033 5631 5152 5028 5514 4689 5295 5610 5363 5142 5087 5117 5370 5356 5467 5283 5015 5079 5273 5305 5439 4942 5342 5174 5355 5382 5351 4838 5493 5222 5193 5054 5045 5127 5383 5134 5057 4971 4790 5337 5561 5273 4678 4987 5208 5519 5132 5096 4960 4917 5565 5405 5523 5327 5103 5345 5303 5596 5284 5318 5162 5299 5266 5380 4991 5040 5064 4831 5666 5024 5100 4899 5151 5655 4793 4941 5256 5022 5314 5306 5737 4921 5346 5106 5284 5130 5061 5402 5024 4837 5213 5190 5051 5168 5343 4399 5316 5364 5531 5038 5351 5846 5337 5372 5023 5086 5056 4913 5325 5076 5484 4930 5250 4968 4914 5566 5116 4960 5117 4795 5459 5280 4957 5169 5087 5052 5216 5721 5428 4759 5360 5296 4980 5369 5559 4925 4905 5270 5359 5015 5020 5243 5624 4835 4914 5381 5141 5347 5108 5141 5585 5291 4788 5125 5322 4935 5402 5082 5462 5307 5455 4801 5347 5008 5167 5236 5337 5605 5125 5469 5034 5310 5193 5233 5018 4968 4978 5175 5436 5133 4973 5562 5358 4697 5012 4758 5088 5040 5002
6259 5891 5186 5634 6302 5926 5538 5814 5673 6311 5960 5768 5643 5746 5750 6056 5276 5943 6219 5156 5499 5419 5700 5970 5645 5473 5975 5473 5478 5522 5607 5761 5936 5503 6097 5939 6299 5849 5983 5843 5918 5518 5781 5783 5947 5988 5841 5977 5681 5855 5351 5653 5763 5717 5896 5913 5634 5747 5591 5604 5583 5312 5882 5892 5837 5855 5952 5674 6092 5976 5841 6267 5145 5823 5834 6011 5855 5644 5608 6118 5868 6073 5909 5718 5585 5644 5925 6165 5786 5886 5637 5914 5683 6083 5469 6005 5685 5951 5919 5615 5671 5770 5671 5797 5733 5149 6083 6039 5634 5211 5481 5851 5869 5504 5597 5733 5435 6106 6326 5998 6065 5683 5632 6013 5838 6144 5992 5581 5768 6114 5531 5379 5707 5446 5423 5794 5855 5809 5405 5646 6054 5500 5570 5747 5764 5506 5931 6246 5627 5873 5866 5854 5737 5584 5692 5673 5513 5663 5960 5484 5498 6072 5393 5684 5855 5914 5592 5801 6425 5695 5769 5514 5405 5543 5856 5925 5755 6335 5745 5970 5742 5587 6126 5651 5770 5645 5310 5793 5714 5508 5942 5402 5714 5835 6157 6197 5539 5877 5626 5607 6001 6431 5637 5608 5964 5934 5236 5584 5936 6255 5378 5389 5932 5628 5946 5695 5297 5857 5796 5369 5109 5650 5351 5707 5539 5779 5697 6032 5381 5973 5566 5792 6124 6030 6297 5385 5913 5508 5799 5409 5926 5412 5335 5748 5663 5977 5969 5923 5733 5854 5462 5541 5236 5953 5955 5366
5522 5292 4614 4966 5435 4949 4709 5316 5236 5791 5188 4862 5177 5272 5360 5569 4549 5468 5335 4932 5042 5332 5192 4977 4759 5110 5436 5065 4911 5049 4907 5301 5273 4896 5296 5373 5410 4970 5673 5196 5306 4962 5314 5322 5221 5237 5222 5106 5581 5312 5173 5096 4986 5190 5320 5256 4847 5263 5255 4896 4602 4817 5024 5030 5178 5127 5304 4888 5297 5394 5336 5590 4886 5515 5293 5528 5210 5194 4821 5382 5362 5359 5442 5012 5273 5267 5265 5408 4725 5572 5286 5140 4990 4806 4628 5602 4907 5268 5214 5235 4837 5245 4987 5052 4933 4830 5310 5339 5038 4649 4971 5162 5538 5046 5492 4891 5292 5319 5605 5643 5194 5022 5183 5373 5461 5288 5469 5117 5304 5411 5129 4902 4954 5102 5113 5181 5276 5186 4675 5151 5491 4978 4809 5376 5152 4969 5234 5180 5067 5249 5303 5296 4943 5077 5420 5101 5175 4860 5332 4970 5182 5663 4681 5345 5258 5533 4968 5543 5900 5388 4936 4983 5069 5072 5306 5038 4812 5524 5087 5437 4991 5255 5381 5174 5038 5110 4861 5368 5108 4987 5092 4970 4802 5169 5549 5317 4863 4928 5200 4860 5636 5778 4816 4734 5397 4918 5098 5037 5079 5401 4900 4971 5093 5234 5253 4935 4890 5457 4999 4952 4602 5486 5113 5321 5076 5400 5234 5440 4921 5336 4938 5313 5277 5488 5520 4803 4986 4806 4882 5059 4963 5048 4836 4999 4853 5416 5264 4815 5169 4987 4714 5156 4625 5048 4930 4974
5842 5349 4643 4742 5404 5182 4787 5231 5416 5960 5420 4936 5255 5249 5265 5596 4747 5300 5144 4809 5068 4874 5371 5010 4986 5058 5356 5167 4754 5389 5147 5354 5153 5023 5185 5449 5632 5075 5526 5333 5225 5014 5149 5299 5291 5565 5388 5173 5384 5348 4966 5265 5066 5354 5464 5564 4716 5260 5024 5133 4654 4815 4919 5225 5179 5283 5422 4988 5238 5407 5224 5383 4816 5072 5380 5190 5445 4972 4932 5465 5572 5172 5263 5207 5399 5349 5121 5526 5120 5316 5077 5350 5146 4989 4715 5432 5125 5456 5031 5164 5061 5307 5086 5281 5036 4995 5458 5496 5228 4701 4845 4991 5509 4776 5141 5104 5159 5204 5373 5793 5216 4990 5170 5283 5384 5148 5104 4972 5249 5555 5129 4878 4567 5119 4728 5454 5008 5046 4765 5021 5487 5032 4952 5011 5218 4897 5365 5322 5134 5484 5210 5178 5020 5201 5627 5144 5119 4659 5308 5077 5028 5646 4774 5139 5383 5431 4917 5513 5399 5194 5372 4906 4896 5055 5272 4937 5015 5367 5095 5249 5060 5068 5334 5160 5240 5153 4947 5570 4896 5200 5190 5014 5174 5218 5130 5395 4703 5203 5116 5045 5337 5344 4760 4717 5297 5478 5054 5042 5240 5619 5391 5252 5109 5162 5374 5095 4885 5227 5003 4982 4852 5470 5076 4907 5236 5530 5035 5643 5079 5312 4851 5244 5364 5540 5661 4979 5187 4798 4942 5356 5146 4958 5105 5065 4835 5433 4884 5128 5284 5332 5018 4580 4831 5305 5006 4950
5719 5575 4941 5349 5569 5622 5147 5683 5425 6098 5701 5432 5497 5777 5377 5745 4919 5610 5752 5181 5435 5203 5485 5356 5212 5105 5572 5435 5089 5302 5208 5692 5649 5346 5566 5683 5631 5458 5678 5575 5480 5113 5557 5532 5719 5656 5862 5535 5503 5684 5358 5338 5211 5327 5702 5594 5280 5297 5378 5434 5382 5055 5178 5503 5689 5523 5621 5449 5636 5625 5607 5779 4726 5427 5553 5544 5296 5384 5152 5785 5793 5443 5437 5410 5494 5534 5554 5875 5076 5727 5428 5374 5773 5316 4875 5687 5473 5637 5330 5550 5513 5449 5298 5806 5358 4868 5653 5767 5346 4845 4950 5494 5604 5334 5483 5405 5167 5408 5381 5559 5570 5616 5295 5668 5608 5804 5047 5217 5581 5448 5555 5025 5225 5045 4987 5920 5348 5410 5196 5468 5658 5513 4946 5605 5461 5401 5603 6008 5361 5422 5501 5491 5160 5344 5506 5237 5403 5289 5716 5437 5260 5776 4845 5543 5728 5728 5151 5572 5927 5285 5585 5288 5287 5205 5499 5375 5238 5871 5249 5538 5307 5150 5489 5488 5382 5483 5026 5951 5605 5279 5120 5101 5330 5582 5921 5772 5149 5359 5346 5012 5974 5822 5399 4888 5536 5396 5192 5459 5258 5916 5397 5114 5433 5465 5886 5528 5173 5744 5295 5176 4814 5538 5562 5411 5136 5512 5317 5821 4823 5669 5197 5559 5692 5329 5639 5051 5555 5287 5306 5791 5479 5336 5554 5133 5481 5768 5444 5287 5329 5427 5276 5327 5052 5250 5532 5052
5387 5338 4877 4990 5423 5226 4863 5253 5020 5659 5319 5309 5297 5353 5055 5655 4540 5307 5503 4663 5009 4971 5024 5059 4988 5111 5163 4859 5020 5128 4983 5376 5531 4979 5285 5302 5506 5175 5259 5093 5377 4688 5281 5287 5424 5438 5454 5172 5122 5423 5141 4831 4975 5341 5210 5357 5110 5166 5313 5171 4949 5021 5052 5178 5609 5237 5418 4859 5489 5222 5227 5471 4766 5129 5239 5517 5299 5228 5016 5198 5331 5221 5383 5229 5299 4979 5300 5242 5142 5501 4960 5185 5108 5108 4724 5836 5223 5305 5167 5251 5170 5124 5287 5385 5112 4910 5407 5342 5082 4816 4950 5209 5495 5143 5202 4898 5056 5530 5572 5528 5210 4929 4989 5319 5160 5206 5221 5103 5094 5426 5010 5023 4936 4782 4878 5471 5177 5086 4862 5112 5646 4849 4887 5302 5112 4964 5264 5680 4870 5346 5262 5177 4930 5133 5406 5134 5252 5035 5466 5028 4967 5613 4786 5044 5460 5152 5205 5349 5648 5022 5155 4922 4900 5093 5328 5010 4902 5768 5029 5216 5159 5190 5455 5315 5117 4904 4791 5177 5121 5169 5279 4796 5062 5589 5655 5361 5110 5103 5358 5020 5328 5641 5039 4967 5375 5319 4882 5159 5136 5626 4951 5196 5161 5255 5354 5077 5078 5223 5142 4813 4763 5392 5162 5148 4927 5233 5249 5477 4920 5228 4633 5230 5407 5493 5686 4730 5041 5078 5049 5234 5495 4853 5112 4878 5045 5408 5108 4939 5279 5418 4943 4949 4810 5273 5268 4809
5712 5724 5257 5259 5737 5544 5105 5745 5575 6168 5338 5218 5449 5448 5607 5613 4957 5737 5546 5178 5034 5375 5358 4983 4990 5271 5465 5265 4878 5437 5118 5549 5531 5120 5692 5598 5698 5323 5678 5468 5335 5263 5356 5330 5700 5386 5508 5168 5641 5489 5160 5430 5050 5565 5573 5658 4888 5406 5210 5220 4948 4850 5275 5197 5671 5313 5704 5144 5606 5425 5513 5554 4895 5416 5564 5540 5488 5538 4940 5651 5420 5467 5663 5732 5032 5362 5539 5613 5160 5748 5234 5460 5093 5242 5002 5950 5081 5454 5348 5388 5425 5306 5325 5476 5280 4952 5503 5917 5665 5010 5146 5486 5832 5023 5440 5433 5318 5359 5514 5761 5617 5079 5330 5604 5482 5531 5450 5098 5026 5350 5274 5260 4981 4946 4834 5457 5431 5284 5078 5225 5575 5217 4933 5497 5311 4972 5547 5796 5222 5460 5383 5151 4998 5279 5435 5059 5397 5291 5616 5199 5401 5725 4815 5629 5637 5605 5255 5538 5773 5427 4913 5192 5215 5109 5299 5259 5385 5759 5208 5340 5022 5095 5620 5381 5504 4907 5089 5660 5220 5060 5561 5128 5279 5832 5888 5614 5058 5350 5235 5307 5560 5963 5142 5123 5490 5497 5078 5429 5537 5343 5100 5063 5632 5367 5717 4982 5197 5613 5279 5231 5002 5405 5084 5251 5048 5311 5403 5683 5067 5432 4860 5434 5455 5607 5735 5095 5371 5168 5155 5399 5607 5169 5391 5234 5128 5495 5357 5299 5593 5198 4998 5223 4994 5490 5535 5012
5722 5278 5089 5167 5629 5492 4819 5440 5337 5645 5365 5234 5308 5459 5200 5570 4740 5368 5452 4593 4974 5160 5319 5110 4936 5115 5357 5012 5014 5145 4899 5101 5504 4980 5382 5405 5625 5212 5535 5211 5304 5087 5107 5266 5481 5414 5243 5110 5430 5348 5121 5359 5093 5164 5342 5311 5003 5412 5128 5404 4989 5081 5276 5197 5297 5406 5391 5289 5477 5585 5294 5573 4915 5141 5206 5650 5425 5212 5102 5809 5407 5318 5468 5146 5158 5540 5358 5528 4867 5551 5282 5178 5109 5479 4927 5654 5155 5486 5302 5501 5220 5219 5230 5491 5108 4924 5486 5787 5123 4717 5091 5591 5558 5208 5478 5042 5112 5413 5673 5595 5507 5239 5350 5157 5351 5557 5213 4989 5183 5226 5266 4900 4936 4865 5044 5425 5335 5157 4831 4975 5541 4959 5052 5389 5319 5489 5554 5577 5080 5004 5172 5343 5113 5230 5516 4990 5164 5064 5546 4970 5212 5696 5083 5263 5451 5400 5080 5354 5987 5257 5263 4944 5249 5229 5423 5162 5077 5685 5059 5159 5073 5129 5649 5263 5308 4938 5270 5336 5174 5355 5310 5036 4904 5683 5352 5262 5007 5259 5199 5043 5053 5780 5054 4959 5222 5100 4863 5139 5288 5745 5092 5038 5206 5195 5618 5194 4988 5325 5311 4996 4785 5429 5168 5493 5442 5234 5257 5352 5008 5439 5093 5109 5564 5620 5384 5027 5377 5020 5337 4932 5178 5113 5149 5138 4968 5655 5201 5172 5312 5396 5327 4717 5076 5129 4969 5168
5049 5002 4429 4723 5347 5066 4477 5092 4985 5410 5020 4854 4928 5014 5125 5038 4349 4945 4891 4527 4664 4537 4847 4753 4868 4799 5115 4743 4523 4773 4543 5000 4890 4628 5179 5325 5068 4985 5070 4849 5072 4616 4764 4969 5130 5073 5039 5096 4808 5037 4746 4909 4666 5040 4972 5015 4724 4999 4813 4520 4541 4712 5059 5013 5383 4888 4871 4692 5274 5004 4951 5291 4320 4687 4950 5168 4769 4911 4832 5096 4987 5204 5151 4784 4914 5073 5166 5364 4719 4980 4918 4863 4861 4871 4797 5112 4788 5077 4856 5108 4815 5005 4927 4905 4796 4754 5068 5145 5011 4403 4524 4749 5226 4685 4859 4343 4652 5166 5147 5134 5051 4647 4937 4952 4714 4671 5039 4978 4934 5215 4691 4661 4598 4319 4667 4980 4938 4759 4381 4711 4875 4664 4818 4854 4809 4809 5176 5372 4826 4895 4991 4944 4669 4666 5133 4815 4787 4724 5272 4803 4701 5239 4331 5034 5154 4961 4727 5149 5366 5014 4781 4722 4651 4731 4589 4997 5049 5192 4555 4755 4769 4468 5095 4952 4943 4898 4671 5124 4929 4941 4966 4678 4629 5066 5387 4987 4340 5013 4877 4707 4973 5384 4826 4809 5488 5244 4679 4815 5116 5324 4832 4748 4844 4982 4758 4885 4487 4727 4899 4455 4512 4961 4846 4670 4692 5157 4970 5330 4595 5044 4384 4961 5102 5151 5276 4595 5190 4923 4708 4875 4663 4734 4741 4761 4918 5188 5037 4709 5106 4928 4641 4477 4320 4677 4782 4545
5494 5283 4787 4852 5447 5171 4875 5306 5167 5614 5364 5095 5153 5381 5341 5650 4620 5332 5286 4910 5026 4955 5201 5276 4821 5061 5190 5150 4837 5161 4870 5534 5305 4842 5199 5381 5452 5014 5538 5236 4826 4810 5347 5355 5147 5170 5401 5347 5240 5632 5145 5058 5161 5035 5214 5522 4852 5106 5025 5228 5056 4896 5023 5270 5298 5138 5273 5242 5503 5655 5000 5370 4576 5001 5131 5354 5473 4924 4703 5325 5464 5141 5140 4997 5446 5333 5416 5559 5160 5503 5076 5283 5049 5078 4755 5414 5326 5256 5056 5229 5259 5291 4898 5305 5185 4856 5224 5659 4969 4778 4692 5224 5339 5135 5031 4982 5044 5386 5451 5440 5333 5338 4892 5413 5307 5158 5086 5179 5162 5409 5290 4786 4995 4909 4900 5383 5009 5000 4746 5193 5422 5054 4903 5139 5043 5063 5365 5446 4992 5176 5218 5156 5048 5161 5275 5159 5112 4938 5320 5281 5149 5492 4752 5226 5427 5518 5160 5212 5636 5228 5509 5066 5190 4956 5289 5261 5172 5625 5137 5195 5024 4981 5380 5134 5193 5040 4918 5422 5283 5021 5369 4913 5065 5298 5491 5577 5181 5128 4706 4968 5456 5366 5065 4702 5242 5230 4791 5081 5110 5777 5035 4977 5214 5360 5230 5055 5131 5211 4883 4745 4779 5550 5173 5079 5089 5328 4945 5318 4975 5360 4874 5314 5354 5294 5419 4720 5320 4867 5126 4861 5167 5029 5199 4928 5148 5393 5196 5194 5203 5274 4989 4735 4762 5422 5271 4896
5614 5282 4757 5380 5427 5230 4585 5485 5228 5981 5371 5268 5338 5564 5307 5477 4943 5496 5519 4904 5173 5157 5508 5233 4960 5161 5220 5249 5042 5143 5097 5383 5381 5178 5353 5457 5885 5160 5572 5471 5680 5324 5662 5304 5662 5568 5425 5302 5506 5438 5186 5399 5054 5070 5209 5322 5097 5253 5229 5212 4993 5050 4947 5203 5543 5058 5450 5128 5419 5645 5372 5818 4968 5329 5030 5771 5229 5183 5154 5501 5524 5424 5340 5296 5259 5243 5359 5618 4965 5542 5208 5378 4968 5350 4771 5897 5144 5397 5306 5085 5395 5383 5208 5298 5356 4935 5552 5853 5065 4960 5308 5217 5659 5141 5482 5169 4995 5497 5810 5726 5408 5197 5285 5550 5347 5557 5465 5414 5198 5268 5262 5156 5193 4825 4872 5372 5224 5301 4992 5266 5690 5031 4980 5273 5421 5115 5595 5638 4916 5546 5371 5439 4981 5309 5623 5210 5103 5049 5567 4919 5433 5942 4905 5180 5346 5571 5272 5667 5805 5456 5221 5189 5172 5017 5557 5153 5118 5506 5083 5335 5228 5270 5621 5073 5138 5216 5082 5521 5327 5216 5174 5076 5145 5314 5520 5435 5057 5083 5323 5411 5575 5687 5201 4848 5439 5222 5232 5368 5145 5614 5270 5078 5239 5258 5390 5483 4944 5445 5371 4887 4539 5689 5274 5191 5319 5524 5111 5552 4839 5497 4993 5243 5410 5537 5553 4933 5259 5011 5220 5055 5322 5206 5241 5003 5139 5592 5536 5108 5417 5415 5180 5281 4590 5230 5361 5194
5446 5118 4437 4595 4979 5004 4465 5033 5025 5363 5072 5153 4922 4985 5004 5292 4733 5438 5216 4691 4831 4845 4882 4905 4921 4876 5003 5089 4644 4837 4749 5229 5192 4860 5027 5191 5289 4913 5346 5223 5245 5129 4997 5032 5012 5347 5046 5253 5060 5128 4944 4915 4660 5133 5085 5073 4581 4903 5267 4813 4787 4750 5002 5008 5147 5023 5151 5123 5310 5414 5025 5383 4396 4875 5091 5187 5109 4937 4677 5282 5229 5089 5077 4958 4917 4732 5268 5378 5003 5000 5085 5021 4933 5165 4805 5255 5075 5329 4936 5049 4994 4967 4758 4942 4806 4634 5255 5358 4963 4550 4751 4916 5219 4858 5031 4895 5095 4979 5373 5365 5233 4788 5074 4949 5088 4903 4935 4878 4962 5268 4980 4670 4860 4624 4848 5110 5054 5013 4442 4796 5414 4882 4734 5109 5047 5109 4789 5343 4738 5184 4880 5138 4702 5016 5243 5052 4983 4733 5030 4906 4738 5356 4495 4770 5196 5296 4963 5113 5501 4847 5089 5066 4849 5098 5346 4931 4887 5133 4848 4864 4926 4767 5238 4911 5225 4966 4823 5371 5104 4747 4919 4839 4926 4939 5315 5280 4684 4927 4882 4711 5240 5485 4802 4618 5089 5100 4587 4956 5156 5208 5003 4640 5174 5177 5564 4806 4886 5372 4846 4868 4577 5056 5398 4771 4795 4730 5013 5208 4868 5159 4442 5214 5134 5122 5424 4732 5354 4655 5039 4772 5117 4777 4992 4966 4919 5260 5260 4800 5126 5034 4674 4547 4929 5073 5019 4880
5504 4916 4766 4890 5088 5168 4861 5234 4922 5497 4994 4983 5355 5179 4970 5446 4547 5319 5366 4902 4899 4965 5034 4780 4662 4823 5100 4966 4800 4929 4742 5182 5378 4775 5354 5319 5553 5146 5343 5156 5439 4633 5238 5251 5028 5135 5209 5081 5038 5356 4867 5001 4978 5149 5129 5289 4834 5180 4861 4977 4602 4721 5029 4982 5328 5319 5211 4695 5492 5088 5335 5595 4556 4844 5279 5148 4867 4930 4910 5338 5088 5235 5209 5130 5151 5113 5210 5429 4807 5126 5108 4809 4884 5240 4726 5479 5038 5111 5033 5290 4909 4928 5009 5009 4881 4646 5025 5368 4995 4306 4841 5132 5229 4964 4994 5050 4856 5112 5262 5334 5098 5188 5140 5300 5174 5107 5236 4873 5045 5039 5185 4782 5155 4822 4756 5209 5018 5101 4671 4891 5540 4804 4960 5030 5305 5073 5309 5509 5059 4937 4919 4895 4999 4934 5167 4820 4987 5147 5118 4954 4741 5304 4540 4816 5173 5033 4784 5153 5396 5044 5293 4771 4751 5018 5046 4938 5156 5294 4565 4954 5160 4670 5310 5081 5103 4785 4741 5309 5177 4928 5165 4858 4757 5080 5409 5432 4829 4982 5028 4942 5457 5484 4998 4615 5257 5137 4995 4876 5249 5563 4723 4615 5154 4784 5297 5053 4691 5364 4722 4721 4594 4919 5119 4877 4812 4914 4902 5315 4626 5136 4714 5036 5177 5356 5326 4985 5384 4835 4982 5031 5055 4962 5013 4941 4909 5316 5157 4980 5090 5095 4950 4840 4553 5151 5243 4796
5040 4829 4426 4825 4934 4690 4443 4891 4757 5295 4996 4617 5051 4953 4775 5079 4364 4952 4938 4673 4680 4607 4793 4757 4550 4629 4911 4652 4309 4630 4659 4739 4946 4650 4991 5061 5127 4697 4918 5052 4862 4509 4771 4941 4769 4937 5160 4899 4970 5066 4692 4810 4825 4997 4913 4772 4549 4603 4925 4413 4715 4503 4682 4848 5046 4684 4638 4741 5067 5031 4651 5159 4258 4897 4691 5164 4823 4827 4642 4962 4894 5016 4846 4849 4899 4799 5071 4987 4709 5177 5039 4669 4623 4537 4536 5184 4801 4671 4859 5081 4625 4904 4736 4911 4676 4317 4887 4802 4836 4171 4455 4970 5109 4604 4944 4677 4556 5001 5217 4832 4898 5017 4592 5021 4679 5115 4696 4685 4883 4891 4846 4369 4501 4290 4486 4922 4983 4613 4469 4682 4826 4681 4386 5052 4806 4637 4888 5106 4784 4807 4793 4981 4349 4782 4899 4820 4679 4669 5322 4686 4678 5147 4683 4957 5083 5029 4853 4794 5176 4727 4777 4792 4648 4706 4783 4796 4830 5230 4809 5056 4772 4560 5048 4855 4896 4747 4706 4994 4641 4719 4694 4401 4526 5079 5082 4755 4659 4480 4758 4635 5017 5234 4596 4694 4869 4822 4505 4661 4968 5108 4750 4785 4748 4717 4981 4869 4327 5032 4788 4671 4304 5173 4712 4774 4619 4873 4739 5125 4518 4923 4524 4577 4864 4978 4961 4405 4764 4738 4740 4701 4727 4786 4686 4465 4643 5011 4746 4552 4760 4669 4829 4577 4416 4656 4681 4708
5790 5486 5064 5059 5707 5501 4936 5551 5279 6135 5424 5250 5629 5407 5521 5682 4983 5349 5492 4974 5156 5307 5424 5234 5206 5254 5346 5468 5094 5137 5249 5513 5520 5061 5764 5662 6061 5351 5887 5296 5661 5209 5628 5627 5514 5539 5400 5359 5616 5825 5198 5297 5168 5359 5691 5470 4959 5293 5378 5239 4968 4969 5246 5492 5618 5545 5714 5304 5759 5575 5547 5712 5147 5327 5611 5762 5351 5392 5160 5916 5822 5472 5637 5364 5318 5605 5646 5898 5221 5556 5355 5494 5274 5472 5046 5769 5495 5594 5504 5535 4985 5661 5514 5349 5339 5004 5370 6054 5411 5035 5222 5345 5574 5225 5486 5234 5400 5549 5841 5847 5474 5415 5418 5681 5542 5469 5615 5299 5497 5468 5554 5195 5091 5262 5276 5686 5645 5376 4908 5264 5844 5015 5396 5558 5437 5527 5552 5910 5502 5700 5569 5527 5002 5430 5725 5300 5268 5357 5643 5179 5426 5834 4928 5524 5347 5779 5256 5602 6039 5417 5679 5120 5379 5488 5547 5292 5316 5738 4979 5635 5179 4898 5811 5202 5495 5497 5213 5682 5344 5290 5468 5385 5069 5597 5776 5525 5253 5278 5240 5348 5542 5666 4964 5053 5775 5233 5271 5245 5444 5881 5196 5204 5422 5300 5710 5603 5150 5552 5215 5103 4617 5752 5480 5509 5402 5453 5200 5871 5360 5727 5108 5313 5621 5567 5954 5241 5724 5209 5346 5309 5561 5681 5163 5224 5176 5765 5475 5305 5528 5149 5456 5069 5066 5263 5518 5106
5403 5592 4542 5025 5559 5486 4786 5264 5399 5729 5299 5062 5065 5156 5076 5572 4751 5282 5381 4916 4741 5039 5313 4967 4790 5205 5385 4980 4642 5329 4884 5358 5527 4710 5276 5195 5525 5218 5197 5134 5294 5090 5305 5280 5396 5407 5202 5224 5289 5310 5133 4977 5217 5268 5421 5321 4598 4710 4860 4899 4763 5100 4938 5217 5440 5213 5215 5262 5145 5309 5345 5280 4653 5330 5316 5612 5255 4962 4860 5745 5497 5170 5308 4957 4888 5148 5369 5444 5030 5375 5333 5196 5234 5188 4880 5566 4980 5379 5069 5218 5190 5169 5273 5366 5216 4848 5138 5535 5170 4773 4830 5166 5540 4910 5299 4940 5138 5544 5576 5480 5322 5136 5303 5431 5549 5321 5231 4841 5039 5438 5122 4892 4988 4781 5046 5644 5232 5148 4741 5100 5376 5102 4860 5338 5208 5234 5340 5393 5039 5367 5366 5055 5004 4952 5380 5068 5265 4703 5431 4931 5093 5553 4759 5387 5457 5756 5101 5486 5756 5053 5215 5174 5056 4830 5257 4905 5254 5805 5148 5224 4964 5224 5283 5255 5378 5009 4977 5569 5058 4986 5114 4919 5098 5418 5634 5450 4798 5184 4965 4993 5503 5673 5053 4915 5372 4994 4834 5081 5278 5775 5096 5002 5409 5269 5408 5302 4941 5298 5317 4949 4716 5355 5157 5250 5018 5380 5154 5421 4955 5512 5264 5326 5438 5206 5600 4849 4967 4849 4932 5045 5196 4926 5089 5092 5011 5600 5117 5039 5251 5323 5124 4945 4647 5287 5037 4976
5790 5497 5046 5213 5955 5562 5005 5558 5585 6069 5298 5431 5568 5410 5432 5701 5201 5404 5659 5015 5115 5291 5409 5277 5147 5376 5463 5418 5030 5284 5237 5708 5548 4999 5788 5947 5794 5494 5584 5467 5788 5225 5488 5599 5700 5336 5800 5375 5692 5675 5321 5217 5358 5563 5758 5628 4990 5448 5278 5206 5016 5191 5616 5412 5584 5561 5538 5415 5690 5735 5247 5826 4743 5390 5775 5714 5533 5514 5027 5833 5705 5628 5641 5468 5368 5506 5603 5886 4944 5528 5209 5403 5141 5370 5213 5858 5429 5478 5152 5682 5428 5281 5446 5392 5370 5081 5912 5758 5438 4883 5054 5602 5789 5165 5560 5348 5240 5512 5682 5727 5777 5184 5310 5720 5552 5725 5436 5429 5471 5440 5512 5261 5330 5006 5115 5525 5625 5504 5110 5202 5752 5225 5048 5380 5509 5258 5315 5568 5233 5612 5511 5435 5389 5152 5772 5204 5577 5393 5485 5191 5163 5718 5198 5654 5730 5701 5348 5716 6170 5432 5395 5224 5246 5019 5170 5300 5595 5863 5441 5467 5275 5325 5834 5444 5541 5419 5177 5525 5282 5127 5378 5241 5284 5543 5652 5717 5160 5387 5446 5121 5689 6036 5242 5172 5623 5448 5363 5309 5465 5570 5088 5146 5511 5466 5671 5251 5039 5733 5371 5396 4997 5660 5448 5389 5320 5612 5484 5847 5191 5543 5260 5331 5917 5568 5524 5215 5673 5367 5465 5418 5313 5502 5430 5279 5232 5604 5562 5213 5453 5414 5214 5083 5051 5303 5406 5091
5697 5389 4743 5006 5468 5306 4723 5582 5367 5658 5439 5279 5300 5452 5450 5568 4828 5364 5509 4824 5133 5138 5069 4968 5028 5206 5128 5037 4853 5102 5201 5391 5487 5125 5237 5464 5552 5140 5387 5257 5122 4897 5516 5330 5608 5371 5285 5204 5388 5584 5408 5303 4938 5215 5164 5283 5078 5226 5136 5040 5088 5008 5157 5179 5293 5191 5240 5227 5430 5298 5170 5626 4955 5069 5193 5555 5405 5313 4841 5471 5570 5336 5224 5239 5276 5311 5252 5703 4996 5547 5166 5415 5079 5032 5031 5558 5048 5181 5033 5087 5101 5324 5178 5352 5194 4768 5349 5532 5262 4532 4890 5265 5726 5272 5275 5138 5090 5628 5411 5601 5384 5325 5156 5410 5280 5367 5044 5126 5147 5367 4978 4892 4739 4809 5142 5362 5111 5142 4541 5180 5559 4826 4953 5569 5216 5347 5450 5634 5178 5242 5262 5227 4978 5112 5378 5292 5092 5137 5552 5121 5208 5382 4935 5332 5527 5443 5096 5650 5724 5276 5232 4962 5105 5159 5099 5197 5131 5520 4920 5235 5202 5313 5390 5146 5011 5195 5217 5403 5381 5240 5357 4986 4986 5501 5624 5334 5035 5393 5314 5029 5511 5659 5073 4790 5592 5379 4756 5186 5140 5742 5306 5069 5169 5330 5363 5281 4934 5348 5104 5004 4861 5580 5506 5091 5180 5297 5263 5714 5129 5421 4842 5132 5360 5642 5545 4813 5634 4893 5212 5279 5363 5045 5264 5006 5076 5394 5081 5127 5264 5228 5324 4822 4874 5247 4912 4832
5341 4808 4773 4733 5094 5063 4435 4970 5046 5474 4990 4904 4971 4918 5042 5109 4556 5234 5142 4455 4732 4859 4956 4614 4820 4895 5176 4574 4637 4648 4800 4937 5224 4865 4818 5207 5336 4918 5369 4952 5054 4922 4865 4938 5058 5327 5034 4784 5116 4922 4934 4906 4713 4863 5126 5084 4657 5099 5139 4923 4510 4541 4904 4973 5154 5130 5144 4969 5165 4965 4735 5253 4658 4852 5022 5209 4911 4936 4406 5196 5275 4950 4997 5005 4806 5052 4943 5379 4704 5089 4943 4832 4939 4863 4652 5409 5113 4951 4969 5331 4857 4851 4897 5009 4812 4439 5045 5233 5138 4397 4445 5142 5042 4613 4917 4934 4853 5122 5219 5436 5214 4757 4787 4951 5104 5104 4852 4784 5023 5132 4878 4790 4642 4836 4723 5191 5164 4815 4638 4697 5287 4501 4820 5248 4921 5259 5152 5269 4886 4949 4894 5380 4991 4846 5327 4914 4911 4779 5059 4858 4838 5316 4535 5010 5045 5099 4762 5069 5214 4942 4850 4856 4620 4895 4932 4800 4934 5133 4611 4958 5092 4488 5037 4899 4950 4883 4977 5166 4984 4740 4711 4640 4966 5294 5238 5163 4710 4736 4803 4603 4813 5380 4835 4809 5170 4941 4493 4996 5013 5006 4731 4721 5024 4843 5175 4911 4715 4912 4736 4761 4419 5082 4885 4846 4762 5281 4864 5448 4886 5218 4640 4826 5094 5013 5327 4650 5112 4530 5058 4802 5139 4805 4511 4638 4592 5331 5060 4990 5129 4912 4895 4547 4772 5045 4838 4584
5126 5079 4562 4747 5096 4900 4686 4740 4833 5220 5085 4689 4852 4967 4765 5082 4485 5208 4845 4604 4845 4736 4870 4501 4631 4965 4721 5064 4533 4829 4486 4934 5222 4726 5024 5097 5223 4661 5143 5052 5085 4712 5031 5038 5082 5176 4712 4796 5092 4894 4828 5025 4762 4994 4906 5008 4679 4998 4559 4488 4389 4487 4753 4726 5212 4863 4915 4888 4872 4977 4787 5208 4516 4572 4870 5092 5007 4728 4578 5162 5264 5082 4697 4776 4590 4936 5165 5243 4713 4859 4910 4784 4699 4636 4569 5095 4845 4919 4990 4881 4779 4895 4906 4769 4989 4607 4964 5214 4918 4309 4592 5125 4997 4671 4788 4692 4734 5045 5016 5056 4947 5121 4994 4843 5156 4861 4838 4626 4999 5180 4924 4558 4750 4509 4440 4928 4962 4666 4422 4573 5056 4724 4658 4908 4796 4719 4894 5119 4999 5129 4879 4894 4719 4907 4808 4622 4674 4737 5113 4821 4833 5356 4540 5221 4934 5106 4491 5236 5323 4728 4747 4743 4821 4822 4983 4860 4779 5040 4535 4609 4872 4511 4820 4833 4772 4956 4543 5193 4585 4758 4852 4785 4906 5007 5205 5122 4450 4800 4699 4679 5085 5224 4688 4487 5108 4970 4714 4661 5042 5266 4533 4448 4727 4663 5249 5078 4598 5159 4850 4729 4597 4904 5047 4690 4723 4962 4869 5281 4388 4966 4588 4815 4754 4914 5059 4517 5066 4760 4693 5110 5039 4731 4910 4621 4596 5006 5122 4731 5055 4871 4657 4378 4374 4809 4993 4350
5607 5660 4891 5189 5642 5426 5048 5440 5373 6130 5350 5443 5465 5414 5535 5661 4828 5338 5685 5263 5149 5174 5502 5321 5191 5181 5595 5479 5084 5291 5295 5596 5764 5074 5756 5720 5901 5231 5700 5589 5691 5043 5468 5521 5466 5524 5565 5404 5414 5603 5329 5260 5132 5292 5431 5579 4962 5254 5242 5359 5225 5142 5326 5234 5420 5334 5539 5129 5429 5527 5320 6145 4939 5191 5556 5621 5240 5129 5188 5773 5673 5493 5685 5445 5260 5656 5487 5942 5355 5518 5396 5370 5302 5222 5235 5848 5230 5555 5246 5475 5303 5143 5294 5355 5118 4938 5544 5795 5443 5032 5009 5480 5767 5199 5653 5386 5288 5357 5882 5668 5655 5037 5530 5617 5345 5510 5582 5167 5210 5577 5475 5142 4911 5029 5218 5655 5379 5068 4874 5265 5641 5076 5005 5168 5576 5334 5519 5887 5307 5525 5403 5306 5418 5441 5513 5282 5370 5134 5420 5186 5186 5882 5017 5389 5967 5757 5229 5658 5915 5514 5498 5300 5172 5387 5519 5395 5601 5772 5265 5355 5449 5319 5721 5614 5341 5329 5034 5727 5453 5360 5293 5253 5322 5504 5631 5472 5172 5407 5353 5221 5563 5797 5273 5121 5690 5462 4907 5115 5551 5762 5304 5110 5412 5309 5683 5216 5202 5519 5444 5134 4765 5578 5231 5161 5212 5263 5266 5640 5357 5858 5052 5294 5722 5521 5597 5135 5706 5057 4908 5163 5463 5246 5378 5344 5291 5516 5380 5275 5318 5620 5427 4980 5188 5408 5655 5181
6122 5589 5245 5220 5603 5424 4860 5774 5545 5794 5437 5211 5472 5481 5583 5701 5164 5655 5544 4943 5183 5233 5565 5309 5110 5317 5700 5347 4922 5177 4893 5529 5517 5440 5658 5623 5711 5315 5685 5374 5580 5050 5268 5455 5438 5463 5665 5343 5618 5628 5155 5475 5237 5350 5653 5559 5021 5401 5425 5330 4864 4941 5237 5228 6028 5374 5575 5150 5739 5511 5346 5782 4701 5440 5460 5736 5527 5344 5177 5662 5656 5306 5387 5366 5416 5221 5440 5697 5299 5754 5445 5523 4986 5295 5238 5611 5580 5504 5330 5455 5268 5316 5377 5403 5167 4703 5801 5858 5440 4904 5046 5607 5741 5296 5699 5445 5421 5286 5475 5592 5479 5328 5472 5625 5644 5597 5504 5198 5484 5525 5269 5166 5164 5042 5012 5424 5507 5424 4867 5256 5710 5210 5041 5438 5524 5450 5316 5880 5378 5582 5335 5484 5187 5339 5407 5155 5381 5334 5397 5000 5335 5579 4952 5194 5771 5709 5292 5665 6220 5445 5290 5341 5184 5109 5377 5068 5358 5513 5520 5475 5447 5297 5474 5359 5432 5515 5091 5841 5388 5042 5388 5461 5387 5463 5683 5346 5382 5088 5373 4961 5654 6155 5099 4961 5545 5501 5136 5429 5560 5645 5066 5167 5478 5561 5400 5108 5048 5724 5071 5214 4947 5647 5382 5035 5402 5441 5108 5676 5206 5484 5018 5406 5425 5612 5753 5289 5591 5073 5297 5523 5444 5212 5331 5335 5318 5602 5529 5371 5601 5185 5384 5243 5208 5332 5326 5116
5723 5561 4957 5198 5483 5133 4970 5247 5258 5916 5328 5241 5217 5297 5306 5682 4926 5540 5309 4895 5142 5221 5272 5094 5055 5090 5344 5333 4942 5313 4964 5697 5594 5282 5517 5362 5707 5197 5535 5247 5592 5058 5109 5521 5461 5547 5253 5476 5469 5662 4993 5058 5157 5433 5256 5293 4817 5233 5051 5287 4916 5222 5204 5138 5737 5265 5358 5165 5414 5579 5265 5710 4693 5330 5381 5487 5368 4886 4984 5590 5381 5400 5558 5285 5149 5250 5319 5548 4958 5509 5402 5313 5206 4895 4881 5619 5432 5293 5080 5502 5222 5322 5022 5414 5214 4840 5308 5644 5358 4570 5123 5255 5405 4906 5283 5068 5121 5460 5612 5603 5556 5220 5362 5530 5248 5626 5445 5086 5054 5638 5268 4943 5224 5002 5114 5414 5502 5214 4865 5078 5497 5268 4974 5227 5410 5268 5454 5853 5319 5526 5098 5297 5273 5091 5499 5187 5339 4988 5272 5242 5147 5663 4755 5196 5545 5482 5022 5410 5958 5242 5215 5324 4983 5160 5624 4993 5230 5397 5266 5094 5229 4973 5556 5310 5471 5150 4998 5417 5189 5227 5166 5164 5287 5424 5441 5455 5076 5218 5207 4864 5822 5762 5175 5075 5639 5196 5208 5283 5381 5673 5033 4879 5409 5331 5544 5256 5093 5611 4993 5026 4743 5303 5102 4979 5194 5358 4986 5578 4992 5446 4985 5252 5462 5420 5681 4771 5146 5126 5343 5181 5461 4986 5051 5403 4977 5531 5238 5182 5417 5464 5138 4942 4654 5354 5401 5241
5950 5718 5058 5444 5507 5660 5097 5530 5766 6326 5997 5460 5594 5622 5666 5947 4942 5911 5978 5155 5372 5264 5391 5564 5342 5487 5704 5410 5228 5374 5437 5866 5819 5124 5813 5613 6054 5688 5910 5670 5842 5338 5709 5647 5508 5915 5703 5290 5658 5683 5433 5559 5382 5540 5802 5804 5148 5511 5535 5343 5303 5417 5478 5614 5924 5605 5582 5495 5701 5649 5530 5897 5022 5555 5654 5871 5685 5875 5236 5856 5598 5600 5672 5796 5505 5413 5913 5551 5214 5795 5572 6058 5542 5726 4976 6185 5493 5759 5327 5338 5408 5648 5875 5794 5285 5154 5807 5984 5383 5256 5492 5452 5914 5251 5488 5523 5235 5519 6021 5863 5759 5457 5433 5646 5733 5762 5434 5407 5574 5626 5665 5252 5280 5106 5326 5947 5594 5507 5417 5570 5869 5357 5236 5585 5410 5640 5483 6016 5174 5764 5581 5756 5475 5639 5775 5321 5428 5469 5907 5514 5192 5970 5127 5729 5630 5768 5358 5869 6197 5817 5460 5273 5369 5377 5586 5510 5340 5891 5651 5562 5601 5466 5737 5686 5412 5641 5308 5795 5735 5540 5543 5011 5229 5994 6117 5508 5249 5441 5354 5357 5714 6101 5403 5240 5776 5766 5205 5451 5605 5893 5595 5409 5703 5608 6039 5421 5374 5579 5887 5415 4936 5558 5674 5728 5294 5578 5347 5864 5108 5777 5173 5689 5888 5751 5922 5263 5820 5249 5451 5272 5491 5372 5503 5455 5519 5767 5668 5412 5598 5496 5429 5412 5024 5581 5265 5376
5579 5447 4859 5398 5820 5601 5043 5612 5410 6009 5507 5091 5549 5653 5501 5942 4843 5941 5458 5192 5303 5222 5483 5328 5387 5352 5506 5253 4914 5398 5175 5789 5558 4911 5503 5478 5734 5409 5974 5460 5550 5557 5443 5791 5655 5520 5817 5292 5769 5636 5442 5647 5077 5530 5373 5468 5005 5534 5407 5299 4909 5240 5449 5276 5782 5391 5402 5437 5609 5775 5636 5882 4951 5321 5427 5650 5358 5474 5254 5784 5597 5712 5366 5516 5131 5540 5544 5928 5127 5993 5512 5307 5358 5563 5273 5922 5401 5343 5553 5399 5406 5638 5245 5549 5366 5270 5708 6050 5315 4800 5202 5471 5651 5343 5402 5309 5116 5481 5736 5919 5737 5264 5359 5629 5571 5407 5458 5345 5552 5607 5389 5107 5232 5248 5146 5541 5558 5314 4958 5180 5743 5503 5109 5530 5261 5345 5414 5908 5397 5734 5426 5413 5269 5149 5866 5410 5485 5218 5629 5639 5303 5801 5167 5620 5374 5757 5415 5719 6005 5547 5466 5396 5295 5082 5403 5499 5231 5867 5409 5166 5359 5192 5429 5362 5633 5380 5245 5676 5376 5261 5470 5477 5160 5662 5742 5682 5130 5104 5339 4948 5864 5845 5410 5055 5627 5480 5232 5310 5339 6005 5297 5265 5560 5267 5591 5559 5212 5780 5302 5076 4995 5868 5623 5222 5506 5582 5164 5665 5110 5558 4933 5383 5682 5442 5750 5018 5706 5084 5360 5533 5341 5201 5338 5113 5176 5795 5548 5238 5580 5637 4960 4974 4781 5651 5272 4996
5456 4843 4283 4576 4984 4881 4467 4907 4900 5376 4947 4456 4839 5136 4707 4943 4389 4912 4840 4595 4560 4663 4822 4612 4709 4625 4833 4611 4160 4831 4453 5067 5007 4383 4813 4931 4929 4735 5332 4906 4812 4669 4655 4926 5181 4833 4996 4708 4911 4633 4593 4886 4681 4838 4810 5152 4284 4589 4568 4628 4523 4646 4716 4822 5137 4783 4754 5104 4854 4957 4522 5162 4251 4839 4993 4729 4854 4441 4450 4947 5009 5221 4779 4713 4743 4771 4943 5291 4435 5024 4827 5000 4587 4763 4448 5040 4782 4599 4743 4844 4747 4646 4700 4710 4628 4565 4965 4815 4565 4507 4529 4878 5079 4635 4961 4547 4446 4986 5084 4824 5021 4823 4750 4764 5087 4732 4834 4438 4472 4693 4781 4255 4489 4324 4606 5119 4458 4602 4296 4695 4987 4575 4717 4802 4823 4605 4991 5185 4436 4909 4686 4681 4657 4265 4976 4727 4882 4531 5050 4758 4499 4791 4120 4673 4992 5069 4617 4825 5341 5037 4779 4772 4664 4685 4635 4584 4784 5075 4674 4804 4565 4599 4985 4929 4789 4607 4447 5162 4633 4741 4743 4531 4695 4724 4989 5056 4550 4828 4813 4596 5092 5238 4394 4532 4923 4607 4613 4681 4918 4977 4584 4506 4812 4711 4974 4600 4639 4973 4673 4585 4433 4935 4781 4835 4786 4889 4532 4865 4610 4936 4787 4724 4940 4836 4952 4411 4775 4432 4702 4706 4804 4622 4883 4665 4686 4761 4814 4811 4996 4701 4606 4441 4356 4901 4835 4489
5536 5594 4954 5307 5562 5391 4935 5451 5309 5998 5400 5074 5464 5580 5436 5530 4736 5663 5670 5088 5243 5049 5317 5494 5052 5261 5420 5235 5011 5221 4998 5499 5609 5002 5512 5588 5766 5413 5603 5356 5582 5166 5340 5444 5461 5476 5371 5361 5590 5430 5203 5462 5179 5489 5452 5525 5013 5595 5328 5308 5041 5283 5306 5265 5456 5371 5581 5478 5645 5577 5348 5505 4597 5394 5332 5570 5293 5133 5039 5432 5521 5638 5548 5428 5046 5469 5375 5595 5102 5716 5106 5643 5319 5438 5063 5918 5439 5615 5240 5407 5296 5393 5462 5540 5216 4958 5677 5835 5199 4826 5131 5444 5358 4963 5218 5003 5301 5390 5524 5587 5538 5235 5550 5586 5507 5288 5444 5255 5425 5545 5366 5323 5353 5128 5045 5668 5517 5474 5029 5296 5593 5064 5087 5312 5240 5419 5261 5889 5235 5246 5078 5619 5288 4989 5747 5234 5351 5129 5375 5316 5028 5682 4906 5258 5539 5570 5413 5402 6006 5560 5329 5285 5078 5237 5603 5386 5316 5929 5395 5448 5562 5270 5724 5162 5168 5356 5103 5529 5375 5255 5255 5103 5153 5835 5730 5725 5074 5388 4835 4970 5697 5801 5276 5019 5528 5395 4983 5171 5433 5586 5379 5247 5260 5201 5449 5238 5082 5733 5223 4889 4942 5168 5207 5115 4747 5561 5308 5974 4972 5129 4772 5306 5627 5479 5805 4941 5409 5331 5141 5481 5213 4987 5278 5158 5285 5535 5582 5119 5401 5421 5111 5155 4944 5317 5449 5391
5487 5198 4463 4968 5475 5385 4841 5013 5188 5709 5238 5095 4960 5165 5192 5528 4708 5508 5312 5020 5171 4911 4658 5020 4690 4887 4958 5091 4622 4981 4730 5375 5358 4965 5250 5305 5168 4967 5179 5319 5428 5161 5133 5137 5131 5328 5382 5033 5478 5214 5023 5281 5159 5206 5121 5207 4765 5071 5039 4934 4578 4957 5047 5191 5459 5094 5051 5213 5390 5378 5129 5402 4310 4772 4992 5528 5127 5040 4740 5585 5378 5342 5282 5201 4943 4956 5375 5452 4899 5434 5026 5076 4972 5212 4884 5527 5030 5244 4956 5268 5133 5209 5054 5109 5184 4703 5294 5248 5027 4539 4791 5253 5366 4651 4789 4948 5220 5143 5457 5340 5506 5119 4961 5188 5136 5106 5161 5186 5091 5168 4963 5131 5169 4456 5044 5135 5251 4821 4656 5079 5316 4916 4759 5166 5122 5028 5332 5573 4904 5287 5095 5072 5059 4699 5534 4986 5034 4895 5055 5130 4851 5447 4931 5347 5199 5365 5321 5374 5533 5129 5055 4899 4966 4925 5162 5088 5017 5495 4943 5017 5245 5076 5329 4903 5304 5046 5119 5297 5086 4721 4929 4994 5244 5277 5365 5148 4848 4947 5002 4821 5567 5637 4861 4878 5423 5102 5019 5135 5033 5562 5111 5028 5179 5183 5398 5306 4935 5348 4983 4887 5037 5332 4942 4960 4911 5129 4985 5499 4876 5013 4914 5010 5277 5481 5315 4805 5193 4825 4993 5225 5199 4699 5028 4831 5062 5353 5273 4997 5182 5276 5000 4892 4672 4916 5114 4688
5706 5380 5134 5261 5377 5708 4875 5669 5542 5965 5456 5212 5283 5379 5325 5496 4838 5400 5307 5037 5079 5031 5347 5022 5133 5367 5445 5331 4776 5531 5129 5380 5695 5034 5531 5562 5714 5229 5739 5276 5374 5330 5367 5459 5641 5529 5691 4936 5518 5464 5143 5276 5227 5345 5572 5568 4836 5084 5243 5011 4891 5173 5457 5137 5639 5372 5643 5344 5502 5560 5473 5871 4947 5266 5519 5738 5325 5525 5193 5648 5667 5809 5481 5440 5082 5576 5575 5755 5122 5671 5286 5461 5263 5335 4933 5766 4813 5614 5222 5414 5279 5351 5387 5413 5123 4969 5695 5713 5201 4934 4877 5374 5624 5260 5639 5252 5264 5137 5721 5506 5676 5021 5209 5472 5627 5361 5537 5365 5252 5263 5200 4978 5059 4959 5055 5558 5341 5086 4961 5386 5810 4948 5160 5152 5289 5305 5327 5789 5170 5374 5095 5279 5151 5236 5748 5256 5405 5057 5435 5220 5198 5623 4906 5459 5398 5742 5150 5513 5851 5703 5088 5202 5381 5051 5374 5565 5406 5887 5262 5266 5264 5044 5458 5418 5344 5589 5311 5679 5186 5047 5274 5124 5160 5648 5419 5622 5084 5311 5033 5061 5520 5723 5022 5104 5409 5136 5016 5184 5288 5721 5346 5274 5376 5178 5368 5281 5071 5394 5278 5111 5002 5470 5178 5235 5350 5533 5284 5480 4895 5518 4837 5461 5666 5488 5313 5174 5360 5243 5262 5381 5169 5176 5016 5351 5330 5683 5449 5244 5622 5318 5173 5051 4941 5246 5255 5035
5589 5242 4959 5240 5589 5300 4913 5492 5456 5987 5766 5193 5566 5320 5495 5792 4739 5408 5553 5083 5148 4890 5456 5246 4936 5047 5419 5348 5020 5203 5147 5324 5351 4914 5625 5665 5806 5095 5648 5430 5484 5172 5327 5410 5461 5397 5441 5253 5401 5447 5168 5313 5161 5461 5327 5417 5101 5235 5378 5020 5092 5056 5477 5232 5736 5261 5301 5162 5566 5404 5378 5736 5039 5246 5223 5673 5334 5247 5138 5607 5695 5501 5518 5390 5487 5367 5450 5477 5150 5672 5603 5298 5106 5454 4901 5568 5181 5287 4987 5387 5210 5329 5043 5226 5192 4954 5534 5714 5330 5042 5189 5235 5714 5055 5288 5018 5181 5325 5633 5611 5496 5269 5205 5412 5424 5535 5341 5308 5155 5343 5292 5090 5232 4991 4952 5504 5248 5144 4929 4987 5544 5352 5082 5493 5392 5102 5364 5840 5082 5594 5259 5043 5273 5231 5462 5044 5218 4847 5541 5145 5316 5619 5024 5272 5287 5489 5374 5391 5942 5404 5392 5317 5314 5041 5341 5042 5258 5814 4984 5303 5038 5131 5541 5385 5543 5139 5408 5509 5235 5260 5222 5141 5159 5297 5639 5392 4979 5310 5292 5090 5582 5782 5144 5089 5430 5327 4796 5121 5541 5883 4910 4879 5396 5218 5881 5222 4785 5376 5300 5051 4751 5646 5436 5299 5193 5590 5103 5509 5106 5537 4809 5304 5223 5697 5294 4960 5361 5182 5180 5161 5180 5333 5421 4781 5230 5787 5228 5045 5500 5104 5439 5006 5082 5182 5396 4862
5737 5286 4776 5084 5615 5119 4870 5717 5204 5852 5537 5328 5436 5494 5343 5564 4659 5635 5507 5063 5274 5110 5482 5296 5155 4930 5768 5053 5078 4981 5188 5547 5199 5139 5396 5532 5583 5177 5484 5442 5606 5186 5139 5321 5504 5487 5213 5360 5721 5465 5259 5398 5182 5329 5260 5492 5175 5328 5285 5404 5000 5234 5204 5379 5669 5343 5153 5224 5672 5580 5180 5564 4987 5276 5424 5533 5158 5083 4975 5598 5524 5627 5475 5400 5251 5425 5302 5634 5254 5565 5314 5611 5148 5302 5155 5745 5334 5555 5303 5378 5261 5262 5246 5440 5327 4764 5579 5743 5241 4959 5154 5311 5708 5194 5194 5066 5252 5562 5790 5722 5530 5145 5123 5574 5425 5325 5149 5232 5338 5370 5379 5075 5217 5048 5211 5479 5477 5357 4864 5015 5530 4988 5036 5277 5238 5172 5269 5892 5257 5601 5467 5583 4988 5130 5673 5252 5315 5059 5588 5288 5237 5467 4856 5309 5482 5713 5073 5585 5865 5332 5405 5042 5146 5283 5400 5098 5222 5533 5202 5292 5230 5225 5816 5319 5331 5233 5198 5621 5217 5293 5230 5151 5203 5601 5634 5272 4973 5177 5075 5199 5602 5811 5110 5140 5510 5035 5041 5062 5346 5522 5379 5189 5325 5363 5602 5134 5152 5529 5370 5039 4734 5507 5360 5327 5306 5330 5290 5533 5097 5564 5043 5529 5668 5658 5642 4815 5318 4799 5203 5092 5193 5130 5392 5131 5204 5687 5337 5004 5017 5273 5236 5177 5032 5075 5519 5032
5302 4844 4574 4765 5179 5083 4521 5057 5185 5438 4986 4702 4981 4943 5031 5212 4701 5231 4943 4522 4603 5030 5034 4608 4391 4817 4934 4540 4619 4922 4917 4905 5174 4841 5174 5331 5477 4843 5185 5038 5077 4722 4705 5008 4952 4860 5010 4921 5043 5014 4814 4833 4896 4921 4948 5122 4911 4944 4530 4740 4552 4660 4696 4823 4882 4988 4881 4578 5282 5284 4739 5374 4380 4858 5040 5367 4800 4811 4904 5036 5319 5184 5028 4993 4838 5167 5067 5137 4539 5176 4746 5046 4653 4783 4733 5314 4786 5090 4889 4867 4951 5228 4931 4966 4734 4363 5120 5471 4817 4617 4677 5033 5129 4839 4971 4793 4847 4899 5250 5230 5268 4814 4942 5131 5207 5021 5012 4908 4895 4710 4962 4746 4738 4661 4687 5030 5170 4933 4171 4626 5249 4682 4323 5086 5021 5114 4853 5233 4904 4839 4922 4954 4707 4931 5177 4929 5165 4728 5065 4803 4932 5249 4576 4982 4907 5106 5071 5061 5650 4938 4903 4596 4765 4746 4949 4696 5017 5154 5074 4996 5022 5034 5119 4997 4967 4917 5119 5208 4804 4722 4722 4782 4799 5148 5323 4895 4921 4785 5040 4576 5130 5352 4745 4670 5004 4655 4712 5167 5011 5169 4999 4658 4773 4902 5073 4857 4417 5268 4915 4947 4486 5050 5026 4999 4758 4979 4846 5252 4789 5020 4363 5199 5044 5237 5172 4626 5067 4643 4855 4622 4669 4893 4881 4833 4520 4892 4925 4757 4784 4776 4808 4686 4469 4703 4929 4456
4895 4677 4273 4324 4879 4803 4224 4856 4811 5056 4900 4602 4514 4468 4638 4874 4419 4671 4823 4127 4553 4399 4556 4585 4313 4614 4762 4364 3952 4457 4168 4474 5004 4341 4763 4725 4752 4678 4617 4648 4575 4494 4630 4586 4520 4536 4787 4797 4712 4602 4443 4462 4524 4827 4754 4825 4343 4451 4587 4307 4284 4176 4606 4554 4827 4464 4534 4421 4720 4913 4556 4944 4275 4677 4710 4709 4731 4604 4358 4948 4773 4546 4613 4428 4513 4493 4590 4889 4633 4723 4592 4848 4188 4748 4550 4735 4508 4662 4623 4594 4490 4613 4730 4342 4562 4147 4612 4938 4678 4135 4256 4706 4995 4381 4366 4354 4324 4683 5091 4652 4742 4426 4582 4745 4671 4698 4736 4465 4551 4596 4509 4232 4243 4348 4421 4878 4734 4463 4308 4227 4677 4515 4395 4354 4450 4711 4651 4918 4516 4773 4609 4634 4284 4363 4719 4665 4811 4538 4859 4335 4454 4575 4548 4413 4953 4719 4403 4762 5139 4835 4611 4352 4467 4449 4733 4450 4622 4954 4546 4600 4543 4484 4716 4804 4610 4637 4441 4951 4453 4681 4718 4402 4447 4385 4588 4682 4243 4291 4672 4425 4954 5084 4442 4355 4564 4471 4314 4436 4794 4910 4341 4357 4586 4439 4824 4612 4571 4794 4511 4421 4201 4936 4659 4468 4511 4661 4603 4803 4364 4791 4433 4597 4491 4904 4816 4296 4785 4277 4624 4365 4623 4287 4335 4543 4523 4890 4625 4402 4283 4657 4639 4167 4286 4645 4427 4288
5390 5138 4644 4846 5045 4941 4595 5202 5212 5679 5019 4987 5121 5010 5057 5188 4628 5102 5277 4638 4917 4864 4963 5029 4693 4727 5279 5104 4458 4830 4687 5016 5240 4970 5181 5370 5531 4933 5120 5141 5220 5055 5088 5316 5108 4987 4954 4832 5088 5051 4888 4940 4655 5136 5155 5159 4627 5249 4965 4802 4495 4540 4984 4882 5279 5146 5089 5168 5567 5195 5006 5369 4550 5022 5078 5340 4891 4948 4921 5073 5258 5012 5211 4934 4985 4960 4977 5510 4815 5170 4978 5008 4870 5044 4755 5381 5000 5116 5103 5254 4990 5152 4905 5186 4850 4772 5274 5305 5023 4383 4707 5000 5314 4927 5139 4827 4991 5113 5358 5091 5382 4861 5265 4993 5121 5080 5125 5086 5190 5223 4992 4639 4845 4778 4885 5221 5136 5034 4438 4993 5454 4915 4806 5285 4971 5070 5211 5277 5055 5082 4755 5338 5006 4981 5340 5027 4902 4878 5105 5007 4834 5302 4596 5093 5250 5221 4840 5178 5291 4919 5087 4966 4703 4922 5038 5002 4974 5315 4645 4935 4987 4970 5109 5029 4872 5070 4846 5454 4766 4998 4931 4798 4798 5189 5354 5304 4835 4829 4860 4857 5185 5458 4992 4781 5430 5154 4700 5068 5183 5308 4586 4833 4815 4964 5054 5197 4665 5012 4896 4791 4496 5052 5112 4894 5009 5205 5039 5529 4966 5347 4717 5023 5233 5157 5427 4861 5225 4839 4759 4813 4937 4865 4801 4818 4776 5265 5216 4740 5017 4952 4912 4730 4537 4984 5060 4807
5547 5152 4607 4830 5223 5010 4607 5244 5259 5530 4955 4952 5112 5049 5102 5270 4392 4993 5032 4772 4902 4989 5221 5055 4559 4728 5444 4947 4733 4892 4722 5079 5169 4594 5251 5145 5310 4862 5359 5185 4780 4753 5084 5154 5234 4901 4974 4973 4993 5166 4925 4768 4955 5049 5238 5112 4715 5216 4799 4834 4543 4510 4843 4946 5077 4981 5167 4714 5109 5161 4862 5445 4412 5223 4992 5189 5011 4848 4520 5057 5368 5133 5269 5138 4935 5019 4946 5221 4794 5202 5099 5294 4748 4885 4819 5402 4897 5102 4737 5100 4738 5103 4952 5333 4886 4742 5083 5395 5015 4540 4775 5031 5446 4842 5193 4933 4843 5103 5268 5257 5270 4852 5086 5410 5348 4814 5144 4871 5054 5336 5069 4789 4814 4662 4633 5103 5098 5092 4497 5099 5331 4823 4587 4973 5130 4937 5091 5301 4807 5114 4915 4946 5003 4946 5250 4810 5207 4935 5120 4812 4900 5213 4793 4958 5330 5163 4944 5094 5673 5054 5168 5022 4712 4798 4901 4908 4862 5387 4934 5451 4913 5128 5300 5080 5008 5028 4671 5344 4858 4753 5030 4737 4893 5167 5377 5283 4903 4875 4865 4807 5462 5499 4929 4718 4944 5021 4609 4839 5145 5366 4737 4705 4988 5113 4977 4913 4756 5321 4892 4778 4563 5261 5011 4957 5026 5092 4695 5413 4782 5209 4781 5094 5027 5454 5536 4637 5257 4752 4760 4773 4925 4815 5028 4965 4723 5050 4775 4819 4937 5011 4970 4867 4616 5077 4961 4803
5233 5132 4485 4656 5420 5166 4766 4965 5148 5537 4979 5068 4858 4915 4964 5446 4778 5090 5134 4931 4962 4762 4816 4947 4655 4768 5086 5080 4828 4845 4818 5135 5225 4678 5388 5092 5200 5117 5453 5085 5210 4704 4948 5019 5283 5347 5072 5067 5501 5092 4803 4893 5103 5195 5220 5129 4772 5190 4926 4730 4766 4701 5164 4965 5063 5148 5353 5090 5398 5050 4997 5227 4694 5119 5127 5190 4989 4871 5092 5419 5321 5165 5059 5071 5054 4955 5176 5262 4915 5235 5074 5157 4965 4948 4620 5252 5058 5184 4971 4998 4822 4967 4969 5065 4767 4748 5151 5339 5071 4517 4712 4969 5303 4770 4908 4807 4958 5300 5104 5267 5308 4891 5085 5217 5284 5117 4898 4864 5051 5284 5105 4964 4781 4698 4761 5227 5230 5084 4606 4868 5222 4780 4780 5029 4845 4943 5084 5365 4849 5234 5272 5021 4855 4744 5246 4996 5097 4728 5226 4597 4780 5409 4742 5294 5210 5490 4944 5257 5520 5131 4967 4825 4597 4755 5040 5024 4968 5432 5000 5019 4768 4785 5481 4932 5187 4717 4836 5211 4881 4913 5070 4698 4977 5104 5258 5203 4745 5040 4944 5002 5446 5423 4460 4691 5372 5003 4802 5019 4925 5422 4815 4774 5375 4982 5042 4836 4687 5156 5049 4900 4780 5024 4912 5111 4684 5015 5128 5525 4846 5261 4850 5102 5031 5187 5556 4645 5032 5164 4963 5206 4820 4833 4819 4753 5015 5328 4940 4943 5089 4660 4958 4688 4606 5070 4964 4656
5613 5154 4773 5109 5288 5109 4727 5263 5189 5418 5138 4866 5142 5425 5242 5330 4486 5261 5545 4776 5027 4957 4937 4987 4949 4712 5248 5038 4723 4876 4651 5176 5299 4750 5092 5203 5340 5032 5139 5070 5143 4700 4980 5182 5092 5185 4957 5107 5093 5133 4751 5026 5046 5162 4968 5056 4876 5181 4825 4863 4667 4580 5020 4870 5605 5442 5228 4843 5409 5358 5057 5414 4618 5085 5265 5332 5002 4766 4674 5145 5213 5082 5287 5037 4998 5106 5079 5555 4821 5242 5048 5089 4976 4933 4836 5420 5062 5196 4965 5007 5067 5314 4720 4862 4864 4608 5032 5462 5194 4781 4645 5203 5156 4936 4857 4778 4781 5222 5371 5494 5021 4849 5163 5235 5102 5011 5150 4907 5007 5138 4928 4521 4713 4801 4834 5236 5141 4922 4431 4738 5126 4736 4696 5007 4957 4888 5306 5361 5204 5034 5090 5171 4695 4951 5199 5153 4716 4699 5094 5136 4946 5470 4550 4884 5046 5006 4937 5299 5596 5202 5166 4804 4803 4816 5201 4952 4773 5331 4735 5139 4874 5040 5159 5230 5029 4636 4885 5403 4933 5012 5265 4694 4814 5118 5359 5198 4689 4911 4880 5005 5227 5304 4758 4640 5314 5136 4667 4916 5281 5641 4983 4744 4913 5052 5217 4900 5000 5348 4728 4651 4631 5019 4956 5078 4841 5052 4835 5308 4782 5200 4668 4988 5171 5288 5584 4954 5068 4596 4919 4667 5071 4753 4900 4701 4934 5263 5063 4814 5049 5081 4871 4646 4570 4994 5063 4784
5388 4800 4402 4640 5237 4960 4518 4858 5096 5570 5112 4983 5106 5033 5240 5028 4491 5235 4985 4493 4690 4713 5003 4921 4734 4628 5036 5101 4313 5162 4956 5231 5094 4806 5112 5244 5663 5000 5368 5030 5338 4770 5113 5200 5244 4999 5309 4674 5270 5051 4976 5012 4790 4803 5305 5100 4640 5207 4813 4705 4656 5118 4811 5120 5183 4835 5165 4921 5255 5105 4800 5313 4484 4717 5020 5315 4978 4682 4762 5208 5171 5359 4988 5062 4802 5167 5061 5334 4795 5272 4942 5052 4612 5047 4466 5257 5298 5003 4702 4949 5009 5148 4837 5050 4827 4685 5098 5231 4866 4159 4866 4746 5319 4779 4884 4660 4989 5029 5198 5406 5278 4754 4830 4902 5242 5161 5012 4806 4999 5229 5169 4809 4768 4800 4894 5034 4781 4883 4746 4801 5199 4881 4739 5208 5092 4743 5005 5266 4829 5092 5063 5183 4703 4909 5252 4954 4797 4727 4919 4801 4977 5290 4640 4819 5082 5223 4987 5201 5302 4849 4847 4528 4744 4763 5044 4816 4868 5308 5121 4971 4922 4696 5332 5078 4755 4984 4848 5084 4966 4706 4951 4778 5041 5285 5223 5111 4920 4879 4972 4771 5009 5367 4668 4546 5249 5117 4939 5184 4892 5483 5022 4918 4921 5020 4924 4944 4690 5157 4972 4553 4463 5071 4877 4840 4848 4910 4959 5236 4741 5041 4621 4991 5248 5365 5300 4551 5259 4780 4866 4642 4839 4794 4821 4855 4803 4990 5107 4829 5251 5001 4855 4690 4462 5042 4786 4764
5423 5096 4585 4849 5170 5011 4792 5286 5280 5827 5048 4882 4832 5320 5113 5312 4323 5137 5167 4588 5004 4846 5179 4768 4819 4761 5153 4872 4639 4911 4801 5209 5426 4860 5144 5242 5420 5125 5570 4873 5118 4837 5019 5212 5219 5187 5184 4780 5285 5168 4713 5144 4705 4988 5040 5234 4717 4872 4727 4893 4821 4921 4957 4932 5333 5094 5268 4855 5153 4971 5160 5712 4816 5207 5243 5319 4961 5221 4841 5498 5172 5510 5159 5184 5105 5121 5091 5610 4636 5265 5190 5308 5145 5089 4525 5290 4925 5252 4840 5229 5044 5069 5039 5204 4903 4638 5192 5234 5160 4584 4810 5096 5361 4993 5375 4857 4716 5130 5353 5375 5132 5173 5058 5169 5270 5147 4930 4986 4904 4895 5190 4820 4773 4771 4945 5269 4860 4727 4687 4890 5110 4761 4682 5150 5031 5375 5314 5274 4824 4964 4862 5189 4843 5079 5106 4858 5018 4614 5141 4908 4887 5238 4428 4928 5271 5479 4984 5191 5840 5261 4902 4873 5007 5028 4979 5070 4928 5329 4946 4944 4904 4652 5410 5184 4859 5176 4983 5479 5050 4872 4772 5006 5154 5506 5465 5255 4477 5036 5190 4947 5292 5278 4717 4708 5184 4901 4776 4978 5058 5426 4881 4643 4998 5026 5389 4978 4919 5369 5080 4919 4733 5063 4782 5482 5014 5457 5036 5375 4859 5411 4837 5151 4995 5191 5225 4704 5196 4888 4931 5100 5035 5017 4893 4883 5063 5626 4973 5001 4975 5005 5007 5013 4555 4900 4986 4812
5759 5535 4943 5234 5859 5630 4939 5424 5409 5969 5498 5364 5406 5561 5235 5702 5012 5707 5796 4898 5279 5333 5510 5308 4928 5241 5256 5311 5096 5423 5027 5553 5778 4960 5654 5912 5866 5525 5582 5602 5557 5327 5342 5375 5893 5554 5702 5230 5627 5480 4958 5397 5405 5558 5629 5552 5084 5275 5373 5203 4868 5078 5450 5477 5798 5651 5687 5070 5462 5493 5704 5728 4841 5424 5389 5686 5382 5436 5041 5676 5611 5831 5594 5585 5598 5449 5699 5770 5110 5742 5423 5472 5017 5453 4899 5993 5426 5494 5218 5564 5407 5433 5355 5637 5289 4867 5474 5732 5362 4978 5287 5371 5832 5081 5541 5384 5248 5275 6046 5788 5673 5395 5321 5675 5680 5508 5271 5104 5293 5331 5483 4971 5217 5057 5230 5452 5550 5196 4966 5540 5754 5146 5272 5507 5628 5267 5648 5701 5038 5425 5309 5406 5342 5271 5767 5313 5480 5157 5702 5411 5170 5618 5400 5252 5399 5704 5555 5616 6253 5592 5374 5384 5101 5277 5495 5363 5288 5750 5349 5551 5434 5315 5562 5357 5682 5176 5457 5677 5146 5314 5355 5184 5376 5630 5707 5616 5386 5100 5693 5083 5895 5866 5087 5153 5579 5517 5259 5403 5466 5813 5197 5127 5604 5310 5685 5463 5141 5812 5305 5382 4975 5634 5254 5358 5515 5533 5247 5620 5089 5668 5259 5584 5638 5778 5873 5243 5412 5106 5475 5261 5320 5069 5170 5296 5093 5700 5309 5203 5427 5313 5351 5226 4852 5632 5317 5106
5466 5274 4662 4919 5513 5197 4739 5253 5090 5514 5340 5046 5027 5118 5420 5309 4581 5333 5245 4768 4794 4710 5120 4968 4899 4853 5177 4985 4641 4836 4799 4958 5223 4738 5316 5160 5441 5110 5313 5004 5130 4653 4924 5110 5330 5035 5275 5085 5227 5265 4651 5263 4830 5204 5208 5260 5050 5091 4749 4796 4754 4733 4782 4811 5308 5334 5217 5116 5417 5253 5129 5682 4598 5175 5240 5478 4891 5053 4700 5304 5424 5398 5286 5073 4870 5033 5090 5659 4913 4999 4956 5126 5076 4811 4825 5472 5024 5079 4975 5166 5075 5065 4812 5087 4873 4464 5305 5395 5001 4849 4413 5033 5297 4886 5310 4926 4965 4912 5197 5256 5407 4810 5004 5285 5300 5187 5116 5189 5159 5129 4885 4617 4994 4806 4845 5100 4958 4978 4479 4903 5226 4887 4624 4982 5111 4981 4966 5482 4907 5040 5127 4985 4931 4982 5048 4850 5149 4877 5257 4921 4839 5331 4671 5321 5323 5121 4794 5205 5750 5109 5003 4948 5004 4825 5201 5047 4965 5295 4934 5104 5034 4712 5426 5279 5090 5043 4904 5131 4604 5010 5120 4673 4716 5210 5268 5364 4821 5144 4820 5083 5221 5672 4818 4819 5342 5046 4748 4932 5068 5379 4828 4793 5106 5048 5080 5007 4838 5316 4906 5028 4695 5022 5029 5008 4925 5146 4971 5422 4893 5207 4593 5181 5248 5164 5152 4636 5166 4690 4618 4983 5019 4895 5044 4812 4969 5130 5157 4710 5101 4806 4981 4728 4644 4921 5325 4722
5612 5100 4825 5092 5524 5298 4839 5346 5390 6004 5432 5001 4985 5212 5359 5405 4813 5674 5492 4923 5206 5447 5374 4814 4995 5063 5256 5291 4830 5124 4800 5327 5291 4927 5439 5381 5840 5095 5382 5296 5332 5180 5109 5423 5463 5362 5339 5125 5180 5524 5020 5425 5088 5077 5580 5256 5021 5167 5260 5120 4623 4868 5054 5164 5627 5278 5053 5177 5304 5687 5449 5639 4537 5139 5293 5326 5229 5098 4735 5671 5431 5342 5317 5328 5000 5017 5170 5791 4924 5483 4979 5340 5275 5463 5127 5667 5222 5317 5104 5166 5019 5370 5132 5218 4993 4762 5333 5518 4951 4899 5068 5274 5477 5026 5324 4923 4886 5200 5516 5405 5304 5059 5141 5234 5569 5253 5234 5106 5368 5365 5187 5098 5062 4776 4847 5511 5316 5091 4629 4992 5704 5327 4887 5311 5150 5110 5241 5717 5132 5421 5294 5308 4877 4818 5650 5089 5342 4910 5325 5284 5314 5518 4692 5028 5377 5725 5133 5479 6155 5433 4970 5018 5004 4930 5135 4819 4919 5531 5200 5240 5183 5144 5268 4941 5235 4941 4819 5407 5101 5102 5073 5044 4927 5362 5567 5562 4966 4915 5175 4985 5736 5647 4810 4999 5328 5172 4844 5210 5310 5545 4920 4937 5360 5269 5675 5180 5016 5671 5139 5041 4915 5479 5131 5213 5043 5341 4993 5468 4820 5299 4932 5410 5453 5258 5498 4998 5445 5066 5035 5042 5366 4875 5078 5247 5239 5493 5553 4861 5628 5003 4946 5072 4528 5255 4911 4935
5832 5809 5011 5557 5895 5819 5194 5571 5436 5839 5690 5737 5451 5459 5538 5792 5017 6040 5769 5351 5339 5267 5472 5381 5234 5153 5585 5388 5271 5360 5257 5438 5589 5299 5598 5717 6103 5363 5805 5438 5801 5125 5488 5372 5887 5765 5656 5534 5657 5601 5205 5527 5381 5328 5727 5620 5290 5526 5330 5476 5397 5015 5438 5658 5997 5812 5780 5367 5736 5654 5604 5936 5051 5464 5594 5752 5450 5349 5250 5674 5693 5823 5778 5547 5308 5640 5604 6034 5075 5856 5528 5605 5709 5478 5056 6282 5629 5662 5505 5693 5350 5649 5451 5640 5308 4981 5763 5677 5504 5005 5287 5406 5881 5422 5237 5555 5214 5543 5727 5880 5851 5495 5641 5729 5902 5627 5651 5214 5359 5607 5414 5449 5414 5409 5517 5858 5628 5382 4847 5465 5687 5321 5181 5520 5548 5685 5585 6092 5331 5652 5611 5491 5290 5481 5743 5146 5429 5610 5619 5425 5368 5842 5182 5680 5702 5627 5570 5551 6145 5610 5601 5274 5361 5507 5681 5295 5465 5848 5270 5500 5568 5344 5795 5550 5534 5463 5200 5718 5730 5426 5565 5336 5675 5911 6064 5732 5040 5170 5280 5080 5879 6077 5163 5247 5615 5727 5234 5553 5595 5920 5310 5179 5815 5562 5696 5667 5367 5705 5327 5261 5228 5546 5344 5341 5453 5698 5562 5856 5005 5767 5089 5620 5531 5625 5965 5255 5719 5322 5575 5672 5357 5280 5453 5102 5348 5759 5908 5571 5788 5324 5328 5167 5107 5528 5585 5257
5204 4956 4556 4415 5160 4798 4559 4733 4899 5253 5119 4697 4594 4912 4888 5053 4325 5040 4915 4357 4755 4711 4959 4799 4477 4457 5070 4530 4358 4481 4499 4803 4840 4519 4939 4965 5341 4820 5063 4860 4991 4450 4568 4794 5005 5009 4857 4776 4740 4828 4456 4833 4616 4985 4707 4653 4498 4905 4538 4524 4448 4607 4547 4950 4981 4925 5231 4495 4812 5071 4675 4966 3917 4581 4955 4903 4995 4764 4675 5120 5080 5209 4778 4887 4881 4717 4876 5188 4389 5065 4778 5006 4808 4657 4492 5183 4553 5033 4727 4650 4754 4904 4926 4744 4563 4225 4634 4877 4839 4249 4521 4679 4857 4625 4599 4548 4613 4853 4918 5199 4764 4794 4674 4821 4967 4931 4359 4667 4639 4789 4730 4524 4457 4567 4526 4841 4632 4966 4470 4700 4960 4771 4390 4980 5020 4646 4956 5164 4697 4599 4911 4923 4447 4550 4714 4623 4535 4319 4862 4524 4823 4951 4441 4889 4998 5283 4665 4965 5194 4668 4827 4694 4538 4457 4656 4599 4656 4987 4795 4853 4639 4550 4908 4962 4765 4929 4509 5087 4534 4762 4685 4385 4815 4907 5189 4816 4499 4819 4800 4774 4906 4911 4587 4493 4708 4912 4524 4939 4763 5210 4753 4451 4915 4724 5032 4851 4517 5039 4849 4684 4377 4893 4685 4710 4327 4976 4661 5179 4585 4881 4453 4833 4991 4739 5102 4125 5029 4464 4736 4662 4988 4649 4782 4536 4812 4852 4704 4807 4987 4614 4686 4537 4486 4536 4704 4462
5808 5258 5106 5424 5723 5532 5153 5491 5376 5750 5653 5260 5421 5613 5423 6017 4944 5715 5713 5104 5332 5030 5378 5290 5138 5236 5341 5614 5141 5497 5202 5376 5870 5067 5460 5306 5855 5321 6015 5463 5589 5156 5555 5548 5510 5644 5399 5534 5734 5518 5203 5516 5256 5537 5342 5520 4869 5295 5242 5447 5164 5299 5418 5135 5795 5621 5461 5124 5733 5759 5368 5800 4896 5194 5519 5623 5715 5362 5097 5980 5805 5660 5590 5620 5419 5680 5569 5808 5393 5460 5325 5388 5308 5466 4964 5713 5186 5350 4901 5403 5181 5477 5337 5240 5154 4938 5578 5858 5319 5015 5228 5470 5572 5062 5290 5321 5248 5510 5835 5716 5693 5643 5257 5744 5715 5636 5402 5305 5178 5438 5307 4925 5339 4843 5208 5847 5573 5119 4904 5199 5774 4938 5005 5496 5432 5382 5585 6097 5162 5585 5442 5561 5542 5470 5760 5339 5295 5069 5549 5365 5147 5897 5187 5403 5579 5599 5373 5621 6114 5525 5474 5214 5378 5344 5486 5073 5065 5754 5216 5451 5471 5256 5632 5555 5575 5335 5325 5607 5251 5464 5139 5121 5499 5641 5777 5487 5263 5235 5079 5202 5723 5878 5210 4943 5556 5490 5058 5386 5631 6120 5385 4983 5789 5424 5716 5040 5433 5816 5319 4946 4997 5717 5343 5554 5064 5560 5004 5556 5249 5469 5213 5252 5690 5762 5648 4944 5566 5332 5214 5163 5329 5245 5247 5410 5303 5445 5587 5056 5575 5342 5440 4985 4858 5134 5285 5021
5720 5195 4671 5027 5209 5144 4830 5496 5313 5707 5317 5114 5024 5327 5361 5368 4592 5422 5447 4705 5092 4934 5210 4815 4960 5051 5224 4889 4723 4905 4921 5552 5487 4687 5270 5458 5486 4929 5465 5153 5318 4921 5156 5431 5244 5218 5124 4962 5283 4910 5172 4974 4736 5301 5437 5451 4944 5319 4909 4932 4844 4949 5111 5362 5313 5031 5235 4998 5536 5243 5004 5724 4756 5037 5148 5502 4991 5264 4726 5192 5451 5260 5106 5059 4969 5011 4892 5376 5025 5450 5093 5246 5054 5239 4869 5543 5196 5417 5030 5119 5023 5109 5446 5165 5207 4818 5389 5493 5082 4741 4898 5081 5350 5196 5348 4924 4990 5349 5584 5482 5278 5257 5183 5245 5283 5082 5229 5011 4927 5162 5131 4852 5040 4795 5122 5276 5015 5066 4556 4797 5535 5076 4914 5171 5132 5165 5230 5607 5106 5350 5296 5150 5100 4934 5376 4982 4975 4798 5348 5123 5141 5295 4489 5481 5351 5321 5241 5210 5648 5378 5211 4950 4970 4986 5312 5141 5081 5528 5127 4967 5009 4827 5302 5129 4859 5288 5031 5584 5057 4956 5037 5160 5094 5329 5528 5391 5021 5236 5013 5204 5298 5330 5008 4756 4998 5143 4860 5124 5202 5395 4976 4996 5108 5028 5485 5016 5015 5419 4837 5199 4885 5398 5083 5196 4943 5468 5209 5318 5117 5307 4657 5215 5210 5385 5547 4935 5407 4914 4710 4954 5205 5131 5440 4881 5055 5459 5211 4849 5205 5174 5035 4909 4777 5332 5150 4573
5479 5239 4727 4898 5299 5149 4519 5085 5247 5619 4961 5352 5103 5160 5202 5663 4711 5289 5228 4980 4776 5085 4894 4931 4828 5025 5177 5231 5054 5075 4968 5485 5479 4794 5653 5235 5392 5070 5522 5064 5184 4886 5469 5336 5288 5101 5177 5074 5276 5270 5178 5107 5068 5270 5073 5136 4811 5138 5160 4979 4568 4763 5373 5194 5195 5032 5173 4951 5486 5533 5241 5470 4670 5382 5370 5406 5083 4988 4806 5515 5350 5367 5432 5210 4912 5196 5286 5311 4890 5387 4877 5317 4917 5294 4804 5438 4976 5116 5196 5123 5092 5218 4833 5230 4973 4923 5420 5684 4998 4540 5090 5378 5456 5160 5084 4850 5204 5222 5238 5395 5527 5036 5143 5290 5291 5130 5420 5140 5166 4915 5081 5256 4977 4658 4759 5230 5423 5167 4690 5138 5242 4961 4773 5392 5245 5054 5043 5614 5091 5376 5241 4979 4921 5168 5405 5043 4905 5077 5461 4806 5033 5530 4759 5331 5119 5540 4990 5355 5530 5461 4973 5036 4791 4946 4985 4953 5122 5616 5171 5160 5037 4717 5555 4993 5253 4824 4759 5231 4829 4915 5224 4988 5213 5253 5645 5294 5096 5065 4931 4928 5326 5885 5028 4928 5383 5089 4883 4876 5278 5224 4812 4744 4956 5186 5244 5063 4748 5414 5195 4868 4691 5152 5169 5154 5084 5106 5302 5555 4867 5199 4728 5073 5223 5521 5459 4709 5268 5100 5121 4883 5227 4824 5066 4883 4942 5497 5425 5023 5096 5123 4828 4558 4676 5070 5350 4716
6053 5546 5478 5275 5508 5634 5248 5824 5698 5968 5784 4995 5523 5565 5575 5510 5018 5526 5674 5211 5394 4968 5539 5443 5166 5424 5812 5353 5254 5518 5295 5463 5668 5298 5661 5761 5952 5401 5683 5403 5543 4991 5436 5677 5579 5847 5351 5388 5750 5515 5298 5343 5390 5409 5587 5658 5011 5746 5239 5257 4989 5055 5353 5488 5814 5498 5613 5433 5810 5576 5288 5702 4804 5421 5577 5944 5585 5369 5214 5517 5732 5624 5068 5544 5368 5632 5540 5731 5058 5918 5480 5461 5414 5355 5186 5890 5350 5487 5402 5489 5444 5457 5422 5330 5460 5041 5553 5935 5389 4782 5088 5607 5710 5221 5444 5201 5442 5692 5724 5767 5587 5449 5322 5662 5640 5663 5448 5179 5013 5638 5434 5083 5497 5236 5227 5728 5361 5502 4979 5226 5646 5399 5294 5465 5407 5482 5454 5862 5360 5496 5626 5478 5417 5122 5616 5210 5454 5204 5700 5404 5571 5945 4976 5563 5781 5919 5347 5439 6068 5658 5347 5653 5190 5229 5479 5291 5555 5760 5432 5470 5582 5349 5690 5429 5473 5267 5352 5790 5495 5478 5481 5116 5566 5629 5551 5631 5021 5155 5139 5025 5692 6130 5413 5226 5596 5557 5184 5605 5451 5641 5318 5150 5619 5541 5671 5464 4963 5565 5008 5343 4884 5611 5331 5092 5356 5708 5298 5919 5071 5592 4848 5436 5536 5570 5536 5254 5570 5258 5567 5684 5242 5316 5569 4942 5358 5608 5422 5222 5778 5178 5219 5030 4954 5432 5546 5061
6229 5931 5215 5694 5956 5829 5191 6164 5848 6439 5658 5820 5817 5828 5850 6044 5368 5849 6022 5230 5776 5643 5936 5445 5406 5469 5736 5710 5256 5678 5584 5840 5991 5519 5639 6218 6048 5858 6070 5950 5765 5635 5875 5951 6081 5987 5982 5798 5990 5708 5383 5660 5450 5776 5839 6169 5326 6042 5529 5697 5355 5456 5436 5902 5952 5945 5968 5600 5903 5798 6023 6241 4994 5972 5884 6046 5901 5801 5443 6179 6009 5747 5825 5929 5735 5799 5724 6371 5336 5998 5617 5910 5848 5585 5470 6135 5802 5905 5679 5945 5491 5670 5518 5638 5784 5513 5867 5882 5897 5058 5416 5698 6120 5524 5948 5571 5525 5935 5910 6241 6069 5535 5933 5865 5938 5993 5674 5572 5739 5827 5600 5374 5587 5112 5577 5905 5782 5784 5250 5660 6279 5480 5443 5780 5828 5756 5790 6046 5192 5839 5636 5733 5617 5758 6023 5743 5746 5417 5905 5588 5733 6289 5358 5810 5926 6047 5624 5951 6490 5672 5886 5794 5333 5544 5726 5473 5354 6030 5696 5932 5692 5482 5984 5939 5597 5751 5593 5859 5627 5659 5678 5490 5553 5909 6012 6059 5486 5597 5893 5665 5941 6187 5648 5410 5786 5486 5332 5856 5630 6228 5650 5425 5841 5673 6059 5567 5450 5963 5846 5651 5445 5997 5679 5637 5791 5981 5658 6213 5344 5783 5372 5855 5838 5868 6031 5337 5871 5669 5445 5738 5753 5674 5928 5576 5493 6164 5728 5682 5994 5772 5606 5697 5036 5434 5688 5563
5342 5258 4778 5072 5334 5354 4456 5228 5069 5311 5257 4986 5031 5353 5146 5251 4480 5293 5372 4951 4999 4895 5082 5161 4853 4891 5211 5047 4878 4988 4869 5118 5374 4593 5179 5144 5412 5078 5291 5230 5231 5189 5251 5020 5292 5335 5262 4944 5248 5149 5058 5122 5022 5150 5115 5251 4772 5090 5039 5012 4743 4730 4984 4777 5419 5170 5258 4751 5126 5341 5226 5265 4707 5195 5121 5176 5129 4910 4675 5436 5266 5226 5087 5170 4922 5256 5338 5227 4643 5388 5092 5115 4948 4981 4789 5661 4945 5308 5009 5207 4824 5213 4859 5263 5014 4569 5161 5538 5096 4427 4905 5190 5437 4724 5098 4771 4953 5342 5402 5193 5353 5108 5002 5438 5300 5254 4985 4910 4937 5043 5022 4772 4869 4620 4734 5080 5094 5042 4818 4894 5075 4743 4848 5043 5026 5116 5206 5670 4790 5289 5108 5285 4739 5104 5416 4939 5083 4962 5433 4825 4919 5562 4940 5061 5102 5363 4982 5325 5812 5123 4922 5054 4825 4753 5292 5032 4949 5566 4948 5115 4927 4880 5354 5298 5123 4921 4654 5278 4982 4948 5034 4945 5005 5141 5296 5110 4883 4661 4884 5007 5285 5565 4849 4785 5387 4926 4869 4927 5117 5655 4782 4794 5120 4984 5158 5128 5030 5431 5100 4794 4612 5191 5078 4982 4869 5238 4909 5504 4837 5285 4926 5451 5250 5569 5598 4867 4974 4955 4603 4936 5057 4940 4784 4990 5068 5326 5135 4661 5075 4923 5090 4729 4598 4844 4919 4600
5807 5641 5239 5321 5973 5630 5379 5838 5549 6171 5866 5565 5721 5832 5601 5702 4998 6073 5851 5248 5472 5352 5541 5460 5010 5140 5631 5417 5306 5522 5424 5386 5841 5284 5703 5999 5916 5520 5695 5785 5725 5217 5342 5542 5646 5807 5638 5664 5642 5857 5311 5588 5534 5628 5817 6019 5150 5608 5523 5447 5524 5398 5651 5570 5914 5618 5664 5392 5950 5563 5532 5928 5102 5540 5716 5835 5565 5609 5134 5766 5797 5740 5789 5532 5512 5544 5910 5783 5460 5784 5572 5507 5458 5682 4971 5870 5352 5406 5551 5605 5313 5682 5793 5588 5436 5020 5752 5758 5681 4971 5270 5645 5922 5412 5492 5394 5631 5778 5920 5833 5703 5583 5380 5830 5784 5572 5463 5387 5396 5868 5682 5425 5398 5258 5244 5781 5668 5752 5250 5391 5786 5243 5186 5632 5555 5453 5668 6066 5493 5568 5625 5483 5211 5557 5703 5440 5398 5560 5962 5591 5310 5831 5276 5459 5770 6029 5499 5534 6193 5594 5290 5283 5410 5473 5421 5567 5397 5877 5318 5865 5563 5396 5694 5450 5488 5517 5312 5709 5475 5307 5424 5143 5498 5766 5760 5836 5169 5328 5552 5231 5644 6289 5456 5365 5921 5622 5141 5585 5807 5853 5336 5498 5601 5582 5673 5527 5344 5816 5743 5280 4891 5457 5680 5650 5189 5713 5452 5957 5477 5653 5251 5473 6013 6052 6024 5095 5778 5274 5560 5403 5463 5457 5300 5510 5481 5562 5443 5529 5804 5487 5407 5402 5177 5430 5504 5076
5605 5584 5011 5146 5576 5639 5111 5418 5506 5857 5333 5276 5228 5553 5503 5610 4904 5634 5462 4923 5141 4877 5337 5168 5215 5199 5444 5206 4907 5081 5154 5208 5688 4959 5356 5397 5538 5425 5689 5578 5570 5163 5400 5381 5492 5359 5267 5081 5307 5319 4991 5312 5531 5428 5511 5785 5082 5411 5204 5153 5182 4640 5207 5466 5685 5385 5600 5313 5464 5561 5197 5645 4971 5352 5232 5455 5248 5289 4953 5609 5760 5295 5481 5234 5134 5347 5572 5738 5103 5389 5318 5604 4913 5234 4777 5853 5357 5576 5334 5268 5322 5594 5247 5365 5262 4890 5423 5756 5516 4903 4930 5486 5660 5142 5298 5172 5319 5620 5770 5742 5687 5204 5255 5537 5513 5317 5493 5243 5324 5621 5178 5094 4996 5249 5031 5656 5289 5157 4980 5177 5399 5197 4941 5267 5459 5130 5306 5823 5330 5386 5394 5282 5148 5459 5585 5195 5297 5327 5368 5156 5082 5587 4794 5527 5497 5668 5226 5477 6068 5386 5315 4905 5109 5249 5444 5189 5141 5650 5116 5536 5260 5100 5469 5437 5500 5193 4901 5813 5359 5137 5277 5122 5213 5456 5812 5517 5060 5346 5129 5288 5565 5660 4908 5053 5553 5393 5233 5309 5480 5956 5154 5190 5154 5291 5328 5347 5094 5716 5354 5044 5192 5610 5471 5260 5467 5632 5100 5864 4973 5585 4994 5379 5252 5571 5723 5047 5601 4883 5200 5384 5486 5208 5348 5085 5293 5557 5283 5298 5496 5399 5215 5171 5096 5273 5268 4951
5831 5709 5182 5241 5573 5466 5147 5670 5483 6193 5562 5501 5689 5687 5584 5804 5060 5599 5979 5051 5560 5291 5334 5554 5318 5074 5817 5348 5165 5287 5003 5445 5577 5179 5601 5950 5739 5458 5807 5619 5659 5334 5505 5500 5494 5672 5752 5283 5789 5618 5318 5524 5446 5402 5603 5461 5178 5556 5161 5538 5082 5273 5485 5453 5585 5463 5470 5447 5851 5803 5325 6102 4829 5567 5423 5837 5588 5445 5173 5802 5443 5601 5513 5481 5353 5697 5646 5730 5233 5801 5527 5581 5427 5504 5107 5773 5275 5929 5413 5480 5432 5546 5589 5594 5307 5048 6026 5786 5275 5095 5012 5516 5777 5473 5544 5246 5398 5647 5880 5996 5592 5623 5289 5809 5311 5607 5635 5243 5661 5681 5431 5284 5473 5175 5431 5870 5732 5329 4747 5414 5738 5192 5140 5563 5380 5564 5601 5959 5525 5627 5701 5523 5488 5278 5854 5327 5345 5249 5719 5356 5579 5930 5046 5583 5461 5593 5475 5658 5922 5352 5412 5409 5257 5533 5510 5217 5250 5799 5326 5456 5445 5466 5799 5662 5240 5460 5294 5849 5533 5451 5345 5408 5343 5773 5705 5849 5430 5382 5473 5287 5688 6003 5389 5096 5932 5495 5096 5374 5322 5874 5376 4955 5412 5647 5628 5404 5217 5672 5477 5276 4863 5595 5543 5531 5387 5529 5295 5928 5276 5761 5237 5688 5817 5619 5744 4947 5558 5126 5385 5311 5427 5352 5360 5276 5184 5773 5610 5330 5505 5283 5228 5167 5130 5455 5556 5247
5439 5470 4827 5193 6034 5424 4740 5375 5539 5753 5309 5072 5255 5592 5285 5484 4592 5445 5471 5051 5184 5151 5571 5199 4822 4937 5591 5251 4842 5211 4918 5288 5422 4911 5605 5457 5584 5151 5463 5289 5467 4724 5337 5457 5386 5382 5424 5418 5561 5478 5005 5156 5091 5331 5479 5548 5135 5129 5184 5027 4878 4820 5206 5103 5807 5300 5245 5195 5678 5549 5321 5434 5095 5246 5396 5406 5269 5010 4967 5600 5504 5573 5536 5494 5305 5358 5202 5705 5161 5613 5389 5581 5172 5298 5198 5609 5247 5185 5278 5371 5029 5279 5091 5048 5113 4748 5298 5528 5330 4940 4819 5074 5596 4942 5457 5162 4975 5216 5561 5553 5326 4939 5321 5632 5370 5284 5396 5171 5246 5612 5165 5043 5067 4697 4658 5583 5472 5217 4740 4845 5508 4954 4705 5112 5104 5073 5327 5708 5330 5234 5333 5376 5008 5141 5156 5226 5369 5127 5399 5242 5145 5566 4701 5239 5552 5394 5036 5531 5723 5282 5279 5128 4911 5006 5164 5099 5044 5774 4897 5559 5047 4898 5670 5327 5220 5191 4897 5612 4979 5278 5172 5100 5217 5254 5715 5270 4963 5334 5135 5065 5581 5806 5071 5302 5387 5269 4617 5038 5499 5728 5008 5040 5527 5612 5481 5147 4926 5620 5274 4981 4824 5449 5237 5158 4953 5315 4841 5370 5072 5363 4943 5341 5323 5712 5747 4913 5563 5001 4964 5349 5094 5125 5237 5127 5233 5697 5189 5207 5261 5318 5321 4882 4937 5338 5157 4913
5707 5385 4910 5236 5324 5242 4937 5570 5199 5887 5522 5330 5321 5414 5548 5749 4887 5411 5456 5193 4995 5203 5318 5228 4987 5135 5330 5192 4942 5136 4951 5584 5840 4964 5386 5288 5664 5270 5461 5290 5368 5198 5442 5411 5407 5703 5449 5318 5595 5496 5226 5088 5218 5298 5583 5561 4978 5376 5146 5147 5111 5225 5176 5293 5423 5238 5319 5123 5580 5324 5408 5671 5038 5226 5058 5836 5307 5075 4951 5538 5633 5336 5640 5353 5289 5430 5349 5544 5125 5839 5362 5686 5162 5350 5154 5767 5312 5547 5339 5501 5377 5290 5254 5519 5354 4964 5595 5743 5163 4732 5014 5234 5889 5284 5377 5116 5206 5335 5776 5619 5689 5466 5302 5583 5480 5403 5269 5052 5237 5721 5218 5130 5264 5003 4992 5763 5465 5277 4928 5334 5662 5036 5182 5552 5241 5319 5686 5891 5194 5343 5406 5556 5241 5289 5707 5401 5343 5126 5521 5378 5278 5571 4731 5596 5627 5630 5216 5557 5880 5275 5427 5372 5037 5096 5366 5390 5266 5796 5355 5320 5251 5013 5554 5344 5298 5268 5175 5751 5229 5438 5138 4916 5232 5751 5752 5474 5365 5030 5145 5275 5545 5821 5026 4868 5598 5432 5000 5541 5273 5652 5291 5178 5425 5154 5443 5339 4939 5373 5266 5122 4817 5530 5071 5326 4993 5419 5131 5729 5033 5637 5080 5495 5738 5294 6023 5088 5245 5112 5302 5115 5289 5242 5327 5071 5385 5566 5408 4965 5414 5267 5364 5132 4918 5404 5413 4867
5865 5541 4876 5349 5608 5270 4929 5566 5258 5948 5556 5102 5435 5405 5439 5708 4776 5637 5499 5167 5249 5331 5447 5186 4890 5369 5433 5046 4775 5523 5152 5408 5403 5051 5447 5757 5545 5246 5683 5281 5578 4921 5371 5387 5518 5334 5462 5250 5584 5381 5199 5386 5383 5375 5254 5649 4811 5347 5281 5174 4833 5168 5114 5330 5789 5306 5458 5370 5590 5268 5109 5590 4919 5356 5362 5742 5284 5308 4855 5781 5521 5364 5746 5272 5367 5532 5439 5573 5217 5764 5327 5633 5335 5176 4855 5657 5378 5252 5269 5328 5226 5635 5420 5349 5314 5096 5411 5756 5261 4709 4892 5292 5593 5022 5189 5412 5142 5258 5726 5949 5402 5379 5392 5581 5315 5340 5599 5223 5307 5621 5410 4973 5102 5072 5139 5746 5384 5312 4778 5117 5624 4956 5212 5222 5088 5315 5598 5649 5499 5312 5346 5290 5202 5206 5564 5444 5140 5186 5548 5259 5218 5510 4895 5540 5713 5509 4974 5542 5760 5787 5222 4847 5163 5217 5373 5285 5180 5798 5148 5470 5454 5128 5680 5275 5225 5239 5026 5689 5493 5420 5284 5075 5296 5543 5776 5459 5340 4909 5269 5180 5905 5761 5280 5135 5373 5344 5087 5192 5601 5640 5271 4966 5355 5580 5623 5107 5251 5497 5117 5339 4806 5427 5278 5214 5325 5533 5172 5679 5254 5502 5280 5446 5473 5517 5797 5229 5476 5017 5262 5095 5319 5098 5194 5060 5080 5653 5450 5289 5466 5354 5273 4886 4850 5665 5446 5027
5562 5116 4558 5018 5384 5459 4758 5278 5442 5510 5430 5205 5016 5223 5306 5344 4702 5410 5427 4751 5138 4989 5303 4915 4941 5126 5193 4832 4847 5105 4970 4988 5081 4882 5139 5514 5515 5275 5594 5053 5092 4726 5268 4880 5249 5335 5245 4998 5333 5215 4650 5469 4738 5385 5210 5251 4925 5169 5102 5020 4751 5043 4844 5006 5436 5106 5369 5199 5266 4858 5198 5482 4946 5149 5263 5292 5058 5195 4637 5139 5287 5474 5100 5355 5074 5262 5148 5584 4980 5307 5050 5017 4970 5316 4734 5660 4820 5063 5076 4959 4930 5108 5282 5029 5025 4751 5299 5465 5208 4653 4922 5190 5564 4842 5042 4931 5242 5262 5368 5460 5306 4928 4941 5110 5529 5106 5156 5017 5139 5288 5080 5010 5058 4634 4763 5247 5042 4914 4521 4955 5332 4682 4902 4987 4951 4929 5257 5581 4924 5129 5221 5097 5158 4862 5370 5118 5298 4744 5269 4826 4851 5511 4659 5182 5371 5191 5008 5268 5399 5256 4980 4833 4976 4942 5136 4857 5064 5507 4995 5306 4918 4948 5127 5138 5250 4871 5150 5499 4930 5043 4940 4775 5015 5314 5297 5049 4896 5097 5012 4957 5550 5498 4818 5078 5243 5189 4927 5000 5031 5729 5192 4947 4988 5148 5438 4969 4817 5346 5119 5084 4719 5471 5059 4970 5130 5336 5119 5387 4933 5499 4797 5096 5328 5459 5285 4623 5018 5009 5007 4993 5125 5006 4996 4871 4940 5310 5300 5106 5133 5123 4923 4802 4643 4919 5088 4351
5379 5329 4641 4989 5553 5597 4770 5371 5519 5786 5260 5022 4938 4904 5251 5496 4678 5449 5538 4704 4981 5181 5172 4901 4461 5193 5123 4940 4788 5075 4829 5354 5299 5075 5442 5322 5570 5120 5329 5160 5147 4746 5312 5255 5471 5488 5110 5073 5348 5219 5116 4872 4862 5259 5073 5403 4863 5120 4783 4933 4896 4846 5099 5022 5348 5268 5381 5219 5489 5324 5000 5512 4918 4979 5271 5555 5077 5109 4943 5391 5368 5310 5225 5133 4997 5135 5121 5649 5084 5370 5109 5089 4980 4979 4930 5733 4851 5215 5173 5379 4997 5278 5167 5044 5072 4864 5102 5350 5175 4571 4897 5190 5575 5007 5105 5099 5086 5167 5637 5399 5460 5110 5216 5211 5435 5183 5352 5104 4922 5417 5075 4864 4937 4875 5312 5539 5128 4922 4519 5159 5559 4864 4852 5465 5098 4926 5262 5531 5208 5255 5168 5016 5281 5143 5282 5082 5282 4727 5057 5265 4747 5474 4805 5516 5368 5385 5107 5362 5537 5152 5088 5146 5212 4836 5549 5105 5263 5481 4836 4988 5310 5037 5239 5283 5295 4997 5029 5355 4951 5321 4994 4877 5040 5336 5382 5062 5016 4984 4884 5014 5370 5761 4905 4998 5624 5255 4792 5139 5274 5583 5115 5087 5004 4977 5443 5089 4791 5447 5108 5042 4811 5216 5197 5176 5111 5231 5143 5897 5186 5472 4784 5310 5082 5376 5411 4808 5542 4751 5053 5014 5471 4996 5033 5005 5018 5471 5281 5014 5219 4926 4941 4918 4566 5088 5083 4802
5423 5449 4526 4748 5550 5282 4799 5179 5178 5718 5427 4955 5081 5401 5171 5545 4964 5357 5483 4896 5030 4990 5126 4926 4858 5202 5324 5034 4880 5010 5064 5441 5438 5061 5291 5396 5492 4967 5485 5000 5365 4754 5013 5346 5372 5489 5308 5250 5220 5420 4855 5290 5145 5186 5226 5352 4836 5079 5004 5027 4651 5047 4738 5164 5310 5234 5510 4952 5292 5496 5017 5528 4778 4936 5305 5546 5190 4798 5054 5549 5378 5387 5218 5214 5126 5218 5227 5368 4984 5552 5259 5114 5145 5221 4591 5418 5244 5235 5344 5128 4964 5415 5003 5007 5038 4757 5173 5597 5036 4487 4969 5069 5341 5152 5116 4755 5269 5314 5284 5504 5191 5209 5250 5316 5250 5331 4989 5005 4968 5365 5127 5073 4734 4730 4813 5076 5098 5279 4708 4956 5257 5236 4844 5304 5109 5188 5234 5603 5047 5386 5313 5328 4778 5069 5392 5305 4787 4916 5417 5111 5201 5563 4610 5184 5176 5600 4943 5379 5476 5159 5151 4877 4869 5095 5315 5000 5123 5400 5122 5143 5060 4997 5474 5290 5186 4965 4971 5440 5079 5008 5312 4943 5200 5326 5351 5230 4775 5208 5332 4828 5339 5582 4999 4560 5434 5307 4743 5261 5205 5590 5054 4992 5265 5387 5127 5152 4906 5409 5275 4897 4939 5376 4975 5000 4961 5330 5087 5614 4950 5320 4825 5218 5282 5435 5723 4711 5017 4826 5078 5173 5214 4772 4982 5041 5109 5258 5480 5094 5325 5228 4952 4791 4686 5080 4997 4830
5358 5301 4544 4745 5357 5147 4623 4996 5232 5647 5334 4949 4964 5270 5029 5407 4676 5073 5300 4498 4770 4812 5099 4982 4860 5181 5236 4813 4647 4847 5044 5374 5074 4807 5427 5247 5600 4976 5516 4955 5036 4809 5126 4984 5079 5421 5335 4995 5159 5186 4619 4913 4965 5110 5149 5037 4648 4972 4932 4695 4893 4809 4905 5082 5290 5060 4972 4836 5189 5079 4835 5425 4874 5073 5278 5093 5182 4938 4722 5360 5415 5283 4853 5366 5179 5208 5209 5064 4889 5512 5090 5152 4658 5201 4661 5584 4959 5364 5013 5005 4752 5079 4998 5055 4986 4578 5471 5377 4995 4541 4826 4938 5282 4827 4885 5015 4944 5040 5216 5430 5157 4923 4866 5498 5315 5362 5157 4756 5002 5109 4911 4746 4686 4622 4762 5137 5006 4920 4699 4737 5222 4660 4698 5223 5024 5005 5127 5361 4764 5253 5011 5367 5025 4989 5243 4962 5000 4862 5315 4871 4970 5194 4730 5035 5225 5220 4745 5283 5557 5236 5162 4624 4791 4842 4971 4816 5188 5367 5032 5050 5008 4703 5382 5123 5127 5153 4893 5174 4846 4884 5072 4792 4869 5380 5229 5111 4980 4891 4872 4766 5034 5581 4762 4691 5154 5248 4695 5026 5260 5488 4763 4872 4947 5289 5174 5026 4944 5098 5102 4799 4715 5348 4771 4880 4963 5212 4995 5349 4784 5180 5005 4973 5373 5165 5538 4795 5121 4593 4750 5087 5131 4722 4972 5101 4867 5147 5192 4936 5047 4988 5044 4585 4644 5128 4940 4361
5292 5083 4448 4911 5153 4864 4624 4600 5138 5376 5170 4831 4995 4961 4906 5131 4216 5093 5345 4463 4952 4642 4766 4795 4519 4786 4708 4616 4354 4786 4587 5106 5040 4420 5128 5173 5126 4953 5084 4955 5176 4642 4898 4806 5105 5100 5057 4424 5236 4923 4799 5087 4671 5037 5042 5274 4722 4887 4740 4919 4588 4712 5062 4901 5236 5053 5017 5014 5213 5088 5039 4854 4392 4914 4900 5169 4824 4907 4896 5276 5089 5302 5203 4771 5028 4736 5027 4972 4791 5109 4758 4814 4982 5152 4547 5206 5131 4908 4678 4747 4951 4790 4674 5070 4705 4656 5460 5035 4954 4504 4695 4719 5122 4841 4686 4789 4825 4832 5227 5307 5343 4650 4770 5236 5152 4810 4667 4800 4971 4755 5004 4529 4680 4691 4552 5073 4644 4765 4436 4844 5063 4678 4561 5297 4862 5111 4822 5279 4664 5183 4651 5137 4940 4688 4958 4782 4634 4744 4912 5051 4605 5100 4800 4799 4869 5169 4914 5100 5545 4875 4598 4800 4584 4754 5053 5048 4813 5192 4959 4665 4916 4727 5061 4530 4895 4973 4807 4978 4987 4565 4896 4749 4845 5453 5333 5000 4822 4973 4892 4526 5127 5444 4572 4482 5118 4925 4511 4974 4754 5347 4609 4805 4765 5011 5288 4516 4811 5195 4762 4810 4746 4996 4781 4836 4851 4831 4669 5127 4690 4841 4520 4822 5284 4945 5357 4675 5146 4769 4904 4730 4799 4533 4825 4658 4648 5107 5040 4587 4982 4711 4795 4362 4405 5228 4769 4730
6222 5678 5323 5467 6242 5558 5259 5564 5766 6112 5853 5255 5759 5545 5626 5714 5133 5731 5776 5071 5433 5406 5554 5692 5184 5352 5731 5312 4872 5383 5271 5352 5843 5259 5920 5768 6004 5646 5644 5516 5735 5026 5517 5623 5600 5723 5657 5813 5887 5579 5334 5722 5500 5961 5606 5859 5097 5610 5682 5200 5283 5253 5334 5423 5873 5732 5505 5428 6218 5864 5479 5931 5134 5513 5784 5874 5615 5209 5450 5947 5864 5749 5690 5497 5260 5638 5776 5763 5481 5654 5737 5515 5391 5755 5356 6013 5504 5830 5844 5684 5390 5768 5610 5399 5477 5067 5641 5842 5623 4808 5362 5963 5846 5225 5650 5486 5455 5566 5970 6071 5686 5539 5810 5565 5704 5747 5741 5267 5828 5900 5556 5024 5400 5377 5316 5793 5727 5603 5202 5251 5794 5524 5243 5801 5449 5446 5736 5923 5690 5610 5408 5696 5149 5258 5690 5328 5742 5451 5620 5276 5284 5818 5267 5872 5755 5685 5368 5885 6343 5708 5588 5282 5527 5556 5732 5490 5332 5896 5536 5684 5484 5432 5852 5554 5737 5432 5183 5897 5361 5551 5570 5231 5134 5628 5762 5773 5217 5518 5402 5240 5705 6027 5178 5517 5837 5632 5395 5309 5685 6022 5215 5553 5614 5339 5810 5488 5334 5824 5267 5446 5010 5567 5417 5357 5701 5473 5769 6043 5617 5689 5190 5753 5827 5814 6004 5279 5936 5300 5390 5500 5759 5436 5157 5577 5165 5740 5794 5418 5602 5541 5568 5238 5163 5703 5525 5155
5576 5215 5115 5023 5356 5326 4903 5386 5333 5949 5539 5145 5084 5256 5332 5497 4810 5430 5517 4913 5278 4967 5631 5076 4928 5073 5488 5160 4935 4954 5054 5373 5494 5036 5600 5692 5608 5396 5435 5550 5461 4837 5402 5377 5386 5381 5371 5191 5194 5502 5039 5378 4784 5316 5350 5507 4674 5342 5501 5137 4879 5052 5124 5358 5596 5324 5612 5286 5555 5107 5271 5451 4889 5298 5095 5387 5352 5033 4948 5347 5229 5451 5359 5274 5376 5086 5444 5673 4936 5523 5202 5491 4929 5110 4908 5604 5433 4992 4965 5596 5224 5493 5142 5465 5384 4840 5338 5623 5182 4795 4783 5399 5498 5234 5223 5138 5231 5408 5702 5441 5452 5105 5069 5369 5381 5155 5165 5122 5239 5197 5290 4898 5170 5248 4934 5424 5320 5128 4865 5115 5678 4995 4949 5331 5311 5287 5479 5712 5229 5174 5242 5391 4928 5197 5449 5381 5094 5089 5562 5203 5043 5475 4699 5084 5391 5367 5160 5535 5721 5205 5194 5063 5032 5271 5426 5139 5073 5790 4904 5318 5272 5070 5425 5271 5374 4900 5253 5433 5231 4854 5141 4927 5282 5372 5725 5402 5055 5035 5354 4957 5428 5462 5010 5178 5407 5399 5051 5341 5290 5733 5133 5029 5217 5398 5450 4967 5054 5502 5009 5160 4787 5426 5503 5186 4996 5336 5133 5608 4981 5712 4857 5416 5510 5606 5706 4900 5274 4862 5233 5036 5491 5259 5239 5156 4825 5622 5359 4943 5215 5335 5216 4954 4942 5408 5203 4891
5322 4999 4677 5058 5256 4997 4814 5244 4871 5458 5212 4938 5078 4868 4872 5319 4784 5131 5127 4620 4826 4923 4903 4800 4671 4922 4905 4859 4866 4974 4608 5090 5336 4770 5106 5397 5373 5051 5295 4969 5121 4570 5155 5041 5087 5359 4890 4935 5213 5253 4735 5149 4971 5121 4953 5040 4721 4930 4880 4779 4847 4757 5066 4707 4889 4884 4992 4977 5133 5213 4967 5351 4558 4730 4944 5313 5040 4926 4831 5309 5197 4937 5090 5085 4942 5161 5015 5135 5013 4966 4948 4886 4934 5054 4731 5295 4989 4953 4806 5013 4901 4971 4873 5034 4816 4525 5048 5350 4976 4373 4813 4928 5060 4905 5016 4829 4908 5092 5252 5251 5128 4924 5034 5242 5021 5130 4908 4637 4988 5310 4978 4643 4850 4553 4679 5274 5107 4862 4296 4695 5273 4646 4686 5250 4963 5003 5031 5325 4575 5187 5033 4933 4719 5063 4976 4866 5160 4828 5251 5121 4815 5310 4762 5018 5042 5082 4971 5228 5466 4963 5175 4812 4661 4831 5084 4788 4797 5348 4861 5218 4984 5086 5249 4884 4906 4722 4872 5165 4704 4853 5068 4719 4760 5045 5219 5152 4701 4920 4989 4580 5239 5627 4712 4621 5111 4817 4514 4869 4967 5479 4732 4810 5153 4775 5288 4850 4618 5150 4986 4658 4674 5012 5090 5264 4801 5011 4731 5328 4858 5181 4575 4873 5108 5061 5318 4612 5186 4808 5140 4764 4867 4855 4992 4656 4811 5294 4803 4747 5052 4868 4649 4532 4553 4961 4828 4693
5596 5260 4699 4698 5453 5160 4587 5053 5173 5774 5227 5016 5157 5276 5203 5297 4765 5204 5226 4749 4718 5122 5076 4992 4779 5153 5354 5132 4880 4809 5114 5135 5341 5120 5237 5430 5354 4976 5354 5082 5358 4898 4939 5005 5064 5168 5262 5224 5192 5550 5150 5049 4943 4927 5416 5338 4729 5057 5073 4875 4984 4859 4942 5093 5047 5195 5310 5075 5239 5307 4812 5469 4483 4950 5283 5332 5343 5187 4647 5541 5270 4988 5128 5100 5104 5111 5170 5556 4772 5192 5211 5187 5111 4950 5019 5373 5094 5328 4791 5229 5164 5248 5166 5200 4972 4331 5348 5494 5130 4880 4750 5070 5578 5138 5310 5112 5019 5394 5293 5380 5027 5065 5123 5391 5062 5025 5158 4957 5141 5253 5063 4979 4633 4705 4764 5352 5054 4929 4722 5009 5329 4705 4589 5147 4839 5046 5268 5109 4799 5134 5165 5042 4850 5077 5390 5075 5083 5030 5268 4948 4804 5721 4979 5210 5469 5460 4966 5222 5595 5146 4933 4821 5022 4948 5127 5048 5247 5497 5047 5082 5153 5015 5328 5117 4972 5002 4871 5513 5200 4969 4952 4948 4954 5480 5261 5146 4853 4955 5042 5027 5147 5602 5131 4941 5175 5228 5050 5140 5329 5160 4968 4860 5220 5300 5422 4878 4966 5191 5098 4861 4713 5138 5083 5047 4963 5182 5060 5475 5052 5595 4833 5132 5184 5411 5454 4914 5306 4807 5028 4988 5274 5070 4873 4949 4938 5309 4954 4868 5132 5031 4989 4944 4819 5099 5033 4709
5312 5140 4763 4799 5186 5185 4505 4947 5176 5402 5052 5180 5009 5062 5071 5406 4620 4880 5195 4695 5029 4754 5136 5006 4768 4742 5398 4949 4773 4967 4856 5099 5228 4626 5291 5246 5433 4829 5421 5057 5261 4717 5287 5131 5205 5077 5003 5033 5291 5116 4807 4894 4952 5136 4913 5260 4570 5151 5247 5027 4570 4568 5143 5245 5285 4954 5230 4993 5318 5202 5063 5412 4594 5092 5256 5433 5070 5121 4692 5229 5136 5198 5097 5054 4980 4983 5316 5327 4620 5262 4841 5076 4945 5017 4558 5568 4747 5319 4880 4987 4833 5004 4819 4811 4890 4482 5054 5159 4883 4694 5020 4865 5512 4986 4917 4753 4928 5386 5190 5422 4963 5009 4808 5266 5047 4957 5194 4944 4951 5223 5027 4669 4836 4435 4657 4998 5037 4825 4368 4749 5036 4652 4728 5065 5015 4774 5046 5214 4661 5016 5344 4945 4553 4761 5314 4945 4953 4531 5177 4714 4962 5540 4752 5045 5026 5175 5083 5427 5665 5040 4941 4926 4601 4836 4865 4783 4821 5495 5038 5081 4663 4884 5151 4973 4953 4846 4743 5233 4808 4882 5031 4920 4778 5019 5500 5119 4747 4814 5044 4717 5211 5524 4783 4636 5185 5032 4704 4992 4932 5410 4638 4598 4958 5329 5162 4867 4731 5220 4976 4840 4571 5303 5015 4895 4934 5102 4950 5198 4922 5393 4740 5151 5097 5319 5462 4858 4642 4746 4890 4634 4779 4772 4937 4638 4784 5013 4985 4912 5073 4895 4688 4806 4626 4932 4896 4762
5458 5464 4938 5168 5714 5419 4872 5511 5374 5742 5280 5275 5152 5475 5413 5660 4727 5678 5596 4962 5220 5243 5144 5262 5197 5047 5374 5241 4700 5299 5002 5509 5379 5314 5440 5477 5444 5246 5893 5443 5621 5102 5361 5554 5462 5514 5610 5208 5703 5517 5196 5181 5178 5465 5522 5397 5185 5326 5119 5145 5082 5038 5234 5123 5729 5469 5209 5027 5259 5645 5423 5735 4855 5178 5286 5466 5452 5104 5351 5695 5369 5436 5265 5272 5347 5470 5519 5694 5395 5658 5275 5281 5395 5261 4901 5779 5211 5369 5069 5378 5254 5644 5252 5209 5139 4731 5396 5616 5234 5049 5086 5150 5520 5001 5284 5236 5230 5581 5620 5677 5536 5227 5288 5642 5581 5396 5298 5014 5365 5443 5135 5035 5120 4960 4930 5326 5270 5329 4945 5110 5683 5165 5011 5294 5030 5180 5298 5645 5194 5559 5523 5378 4902 5428 5728 5266 5273 5218 5500 5396 5114 5713 5028 5304 5447 5509 5252 5872 6071 5327 5384 4903 5128 5144 5409 5099 5114 5788 5508 5117 5105 5150 5534 5460 5301 5272 5067 5454 5434 5377 5365 5208 5164 5243 5844 5567 4973 5306 5322 4965 5637 5409 4979 5047 5540 5069 5271 5198 5272 5854 5128 5309 5489 5116 5528 5123 5375 5614 5108 5325 4786 5402 5392 5412 5159 5302 5273 5614 5309 5350 4885 5585 5517 5599 5624 4768 5273 5169 5169 5115 5154 4993 5178 5436 5238 5783 5336 5059 5126 5214 5354 5110 4823 5271 5237 5005
5351 5356 4537 4993 5533 5202 4694 5104 5250 5808 5134 4793 5206 5017 4828 5473 4876 5308 5171 4954 4916 4892 5028 4914 4798 5025 5140 4951 4559 5144 4759 5147 5249 4803 5295 5205 5278 5158 5252 5286 5324 5078 5026 5262 5293 5145 5090 5096 5225 5273 4690 5218 4881 5098 4974 5331 4713 5181 5072 4834 4743 4841 5042 4993 5420 5425 5240 5380 5189 5080 5108 5355 4525 5057 5270 5375 5043 5128 5125 5350 5295 5150 5438 5087 5010 5268 5147 5459 4810 5251 5130 5253 4858 4916 4721 5474 5029 5285 5102 5230 4867 5143 4986 5029 5142 4637 5267 5406 5090 4560 5020 5190 5162 4808 5281 4791 4976 5241 5126 5444 5229 4831 5134 5323 5107 5109 4859 4890 5231 5298 5070 4747 4909 4603 4698 5290 5255 5193 4617 5069 5442 4716 4667 4953 4994 4924 5204 5498 4729 5096 5113 5311 4923 4900 5252 4909 5221 5022 5117 4989 4870 5405 4898 5324 5037 5602 4854 5279 5651 5247 4985 4934 4779 5110 5071 5100 5189 5472 4913 5100 4980 4930 5286 5049 5265 4871 4761 5510 4928 4918 5121 4880 4801 5007 5281 5188 4733 4953 4974 4702 5670 5640 4861 4821 5486 5034 4763 5004 5043 5604 4811 4596 5382 5187 5181 4989 4961 5232 4882 4903 4685 5217 4946 4783 5115 4998 5005 5669 5008 5348 4811 5261 5189 5033 5509 5068 5014 5057 5166 5149 5130 4759 5013 4907 4771 5081 5161 4972 5064 5012 5115 4778 4581 5248 4892 4903
5418 5373 4308 4971 5476 5140 4775 4993 5080 5572 5355 5024 5028 5308 5340 5231 4375 5157 5501 4886 4902 4981 5185 4866 4773 4720 5486 4848 4788 4923 4876 5111 5340 4923 5487 5215 5345 5022 5217 5063 5224 4876 4834 5253 5439 5248 5140 5222 4999 5283 5130 4927 4878 5323 4979 5255 4877 5246 5129 5089 4901 4932 5170 5216 5496 5427 5181 4929 5187 5169 5067 5431 4691 4923 5312 5291 5158 4840 4789 5248 5265 5506 5251 5188 4967 5320 5090 5341 5032 5181 5109 5183 5182 5229 5039 5273 4953 5361 4975 5131 5125 5202 4856 5122 4850 4823 5244 5149 5273 4613 4846 5070 5440 5081 5099 4976 4851 5349 5464 5684 5130 4889 5123 5554 5196 4931 5199 4955 5008 5227 5068 4844 4888 4805 4917 5404 5225 5035 4748 4911 5484 4859 4905 5266 4974 4920 5248 5272 5001 5112 5176 5063 4839 5036 5318 4937 5033 4895 5241 5004 4823 5297 4801 5041 5296 5442 4909 5059 5574 5143 5263 5097 5023 4924 5180 5008 4956 5565 4925 5154 5058 4988 5429 5057 4850 4936 4783 5285 4981 5094 5048 4933 4730 5204 5420 5265 4673 5140 4947 4901 5404 5563 4969 4838 5304 5279 4624 4889 5268 5347 5006 4952 5015 5156 5315 4799 4909 5335 4917 4637 4669 5196 5041 4834 5274 5183 4834 5457 4829 5217 4748 5062 5525 5130 5488 4747 5392 4789 5048 4917 5161 4780 4940 4948 5100 5567 4916 4856 5131 4792 5023 4714 4566 4923 5113 4729
5673 5512 4705 5027 5592 5488 4900 5220 5059 5499 5381 5053 5347 5633 5266 5426 4748 5328 5260 5090 4989 5190 5272 5242 4972 5054 5361 5223 5023 5144 5052 5730 5535 4874 5533 5505 5408 5450 5671 4932 5399 4942 5326 5421 5550 5305 5313 5276 5440 5462 4972 5323 5154 5324 5269 5534 4809 5126 5437 4824 5002 4856 5348 5234 5839 5471 5455 5144 5442 5199 5163 5625 4729 5043 5127 5501 5176 5258 4810 5398 5342 5454 5370 5498 4892 5458 5432 5445 5092 5428 5244 5320 5250 5284 5038 5631 5075 5203 5165 5222 5358 5344 5115 5373 5312 4898 5097 5597 5218 4761 5157 5195 5593 4973 5458 5281 5129 5157 5618 5572 5243 5272 5219 5223 5482 5141 5456 5143 5457 5541 5325 5066 5217 4621 4831 5441 5399 5267 4682 5090 5499 5112 4840 5337 5238 5015 5319 5607 5238 5471 5219 5369 5070 5182 5452 5334 5386 5168 5306 5109 5101 5536 4820 5419 5456 5620 5359 5331 5634 5420 5328 5344 4941 5154 5281 5020 5031 5744 5015 5528 5187 5090 5426 5539 5378 5061 4782 5495 5066 5059 5170 5155 5117 5178 5503 5317 5101 5228 5323 5002 5778 5725 4995 5053 5447 5250 5092 4900 5545 5711 5000 5253 5342 5312 5226 5389 4998 5489 5112 5089 4872 5110 5035 4987 5178 5493 5064 5535 4931 5483 5013 5248 5220 5383 5653 4858 5123 4926 5271 5214 5264 4899 4987 4875 5076 5632 5499 5178 5332 5180 5039 5002 4747 5221 5324 4877
6012 5476 5223 5332 5608 5363 4799 5567 5326 5760 5276 5379 5496 5549 5596 5557 4635 5356 5535 5084 5333 4982 5424 5425 5037 5082 5409 5245 4869 5249 5024 5301 5555 5101 5555 5673 5560 5261 5541 5262 5444 5296 5221 5316 5334 5298 5348 5209 5575 5529 5300 5292 5234 5241 5444 5369 5172 5602 5439 5502 5050 4915 5248 5271 5492 5299 5518 5156 5841 5489 5341 5655 4744 5440 5261 5490 5630 5195 5278 5676 5576 5128 5495 5523 5311 5275 5546 5519 5108 5748 5375 5279 5459 5295 5002 5696 5468 5529 5209 5487 5281 5610 5273 5578 5320 4872 5605 5781 5347 4939 4950 5312 5761 5207 5437 5194 5290 5569 5453 5577 5355 5295 5458 5697 5249 5379 5243 5143 5390 5680 5337 5074 5069 4928 4924 5486 5323 5454 4890 5131 5578 5214 4883 5279 5402 5432 5541 5500 5059 5539 5269 5502 5081 5138 5657 5223 5178 5302 5475 5144 5268 5655 5181 5303 5534 5699 5271 5630 6152 5136 5306 5416 5219 5196 5559 5172 5051 5793 5233 5373 5384 5298 5576 5177 5579 5233 4900 5674 5380 5175 5367 5534 5171 5622 5507 5574 5060 5085 5233 5307 5648 5809 5148 5085 5368 5362 5111 5625 5345 5803 5166 5091 5556 5532 5514 4954 5133 5568 5118 5266 5009 5347 5313 5141 5300 5311 5361 5938 5137 5452 5080 5421 5525 5795 5807 5256 5400 5295 5143 5335 5453 4960 5280 4960 5162 5649 5088 5235 5396 5214 5500 5027 4991 5295 5396 5219
5384 5034 4637 5041 5326 5217 4666 5092 5207 5706 5269 4959 5280 5382 4763 5458 4587 5515 5489 4752 5002 4975 5052 4930 4921 4817 5189 4931 4786 5193 4967 5139 5075 4957 5411 5304 5311 5120 5450 5198 5088 4982 5297 5186 5302 5357 5206 4875 5271 5353 4837 5133 4868 5152 5104 5092 4658 5061 4913 4873 4855 5097 4992 4950 5453 5160 5132 5134 5381 5471 4942 5472 4645 4853 5210 5408 5013 5117 4890 5365 5124 5220 5366 5138 5076 5164 5341 5213 4727 5350 5037 5004 4958 5033 4626 5561 4913 5104 5015 5207 4945 5394 4862 4867 4749 4853 5134 5329 4965 4606 5090 5128 5143 4990 5040 4818 5013 5185 5180 5419 5205 5139 4928 5261 5200 5229 5081 4930 4934 5443 5058 4838 4914 4806 4760 5360 4866 4868 4728 4908 5402 4976 4713 5062 5173 4792 5027 5736 5086 5285 5104 5005 4942 4977 5458 4832 5122 4932 5275 4972 4817 5543 4811 4971 5048 5505 5056 5435 5416 5088 5020 4980 4597 4922 5108 5021 5046 5503 5006 4909 4937 5041 5424 5016 5283 4653 4958 5204 5094 5153 5102 4839 4798 5279 5238 5137 4768 4754 4982 4717 5331 5579 4881 4846 5451 5173 4804 4805 5095 5687 5094 4797 5054 5213 5255 5199 4858 5144 5060 4858 4743 5391 4627 4997 5027 5028 5221 5230 4674 5190 4811 5333 5204 5148 5550 4572 5036 4714 4902 5031 5244 4638 4943 4842 4542 5325 4806 5042 5150 5181 4969 4746 4511 5332 4978 4714
5618 5354 4582 4927 5322 5362 4726 5291 5275 5742 5526 5015 5115 5307 5323 5414 4653 5278 5389 4720 4783 4858 5188 5098 5098 5134 5503 4965 4677 5241 4811 5284 5118 4794 5294 5357 5515 5207 5791 5113 5386 4993 5170 5173 5340 5260 5432 5162 5405 5335 5068 4920 5042 5215 5141 5409 4895 5302 5164 5180 4923 4917 5352 5398 5537 5348 5357 5163 5330 5310 5127 5387 4465 5380 5319 5478 5278 5140 4957 5376 5465 5113 5303 5037 5200 5302 5446 5983 4731 5592 5121 5203 5221 5124 5003 5649 5392 5082 5142 5486 4951 5208 4961 5159 5114 4873 5393 5421 5257 4628 4776 5209 5563 4941 5171 5009 5144 5339 5642 5597 5473 4760 5102 5368 5313 5259 5115 5125 5119 5215 5178 5021 4980 4991 5130 5321 5168 5256 4620 5034 5505 4841 5173 5053 5299 5266 5098 5380 4954 5124 5202 5308 5267 4792 5642 5210 5120 5028 5349 5088 4897 5547 4828 5239 5466 5378 5089 5654 5858 5367 5282 5277 5178 5099 5192 4898 5190 5504 4950 5150 5124 4827 5290 5153 5328 5181 5016 5407 5422 5229 5318 4967 5205 5203 5337 5098 4839 4942 5109 4735 5289 5579 5093 5116 5393 5212 4877 5131 5418 5438 5206 4602 5129 5368 5362 5147 5183 5272 5217 4760 4546 5133 5119 4950 5094 5068 4896 5604 4786 5382 4869 5110 5319 5395 5550 4856 5341 4772 5318 5275 5276 4982 4855 4795 4859 5275 5210 5152 5232 5305 5016 4756 4791 5127 5136 5152
5350 5474 4435 5045 5183 5209 4999 5048 5188 5749 5204 4815 5220 5443 5211 5406 4725 5262 5384 4999 4802 5027 5215 4651 4819 5056 5168 5214 4509 5036 4611 5173 5361 4550 5236 5367 5125 5025 5321 5213 5339 4793 5220 4897 5003 5237 5333 4963 5232 5325 4849 5077 4991 5012 5261 5347 4552 5197 5180 5112 4726 4668 4973 5364 5320 5321 5168 5030 5254 5096 5137 5089 4521 4994 5059 5440 4992 4861 4696 5554 5418 5306 5202 4895 5208 5091 5068 5610 4868 5339 5145 5203 5061 4747 4879 5470 5090 5553 4784 5222 5216 4982 4852 5059 5025 4843 5335 5478 4990 4937 4628 5020 5314 4825 5215 5019 4778 4954 5287 5511 5101 5178 5113 5118 5071 5012 5286 4643 5108 5498 5155 4768 4978 4764 4633 5402 5135 5077 4775 4961 5484 5030 4866 5126 5333 5010 5415 5463 4955 4988 5240 4959 5203 4776 5256 5011 5124 4683 5456 5043 5066 5352 4450 5125 5218 5303 4795 5123 5644 5055 5125 5061 4890 4892 5058 5057 5091 5375 4892 5222 5020 4784 5231 5010 5115 5044 5069 5714 5101 4980 5188 4702 5088 5369 5457 5215 4808 4904 4715 4690 5627 5639 4861 4929 5290 5333 4904 5155 5197 5473 4695 4950 5158 5149 5452 5185 4676 5141 4765 4789 4756 5345 4945 4931 5134 5322 5147 5456 4470 5234 4853 5024 5186 5101 5502 4958 5101 4860 5109 5141 5284 4747 5182 4903 4991 5442 5219 4848 5375 5021 4894 4882 4516 5120 5099 4932
5395 4805 4638 4891 5232 5165 4522 5024 5074 5532 5163 4873 4733 5035 4982 5365 4573 5428 5153 4673 4680 4699 5063 4734 4745 4879 4907 4871 4625 4876 4775 5241 5275 4660 5273 5142 5458 4966 5283 5056 4926 4921 5073 5110 5385 5275 5142 5061 5064 4998 4959 5124 4809 5203 5084 5393 4642 5003 4833 4894 4664 4806 4952 4876 5313 5090 5112 4802 5215 5268 4719 5398 4500 4971 4964 5223 5029 4635 4646 5344 5194 5235 5182 4846 5060 5310 5187 5379 4699 5290 4863 5107 4957 5051 4703 5202 4786 4841 4806 5093 4864 4838 4864 5068 5152 4650 5120 5585 4989 4480 4689 5314 5148 4786 4766 4906 5073 4870 5062 5288 5296 4934 4765 5268 5277 5141 4927 4763 5101 5206 5114 4438 4693 4625 4883 5280 4965 4925 4668 4773 5197 5042 4843 5047 4933 5057 5270 5296 4990 4980 5061 5215 4915 4937 5337 4785 4932 4600 5138 4843 5061 5441 4643 4757 5304 5355 4983 5000 5706 5157 5159 4796 4940 4759 5127 4716 4979 5463 5107 4940 4939 4836 5360 4957 5108 5033 5003 5210 5157 4713 4795 4769 4999 4971 5377 5225 4870 4936 4972 4649 5237 5460 4726 4864 5184 5205 4883 4783 5098 5270 4992 4795 5044 4980 5135 4834 4765 5290 4769 4694 4652 5194 4819 4884 4680 5307 4902 5260 4682 4982 4711 4932 5311 5166 5343 4717 4982 4889 5128 4772 5080 4849 4905 4985 4888 5137 5166 4874 5136 5158 4712 4578 4487 5002 5008 4592
5339 5243 4050 5014 5070 5099 5020 4760 5034 5415 5093 4642 5033 5397 5346 5088 4546 4935 4921 4917 4994 4728 4917 4882 5014 4826 5147 5036 4421 5074 4861 5197 5261 4621 5032 4948 5145 5049 5387 4905 5158 4667 4975 5153 5132 5037 5189 4682 5353 5022 4637 4929 4675 4918 4891 4983 4498 4826 4827 4592 4557 4948 4708 4865 5342 5202 5188 5033 5261 5065 4817 5249 4517 4884 5110 5203 4919 4853 4622 5270 5163 5155 5132 5262 4797 4932 4817 5391 4846 5047 4982 5112 5108 5085 4421 5360 5126 4974 4959 4828 4606 5283 4807 4707 4766 4380 4849 5198 4950 4447 4708 4898 5142 4585 4943 4742 4861 4901 5289 5385 5020 4661 4863 5169 5203 5193 5025 4916 4765 5104 4878 4649 4871 4477 4759 5130 4881 4777 4619 4871 5201 4811 4500 5182 4938 4869 4791 5288 4890 5154 4883 4759 4847 4642 5098 4863 4831 4516 4918 4955 4718 5079 4556 5019 4887 5362 4912 5077 5325 5032 4809 4917 4728 4608 5080 4927 4827 5409 4837 5099 4697 4727 5204 4990 4790 4762 4916 5244 4911 4676 4940 4679 4592 5204 5193 5160 4667 4734 4803 4610 5299 5325 4651 4661 5094 4968 4782 5039 4941 5367 4887 4653 4942 5254 5191 4734 4624 5403 5053 4704 4592 5147 4645 4635 5048 4828 4535 5088 4643 5049 4545 4968 5115 5250 5427 4546 5020 4647 4997 4912 4850 4755 4705 4669 4753 5201 4699 4730 5024 4790 4899 4565 4494 4934 4919 4635
5922 5536 4970 5169 5792 5595 5018 5773 5565 6210 5446 5407 5451 5761 5522 5814 4929 5560 5775 5218 5295 5387 5295 5234 5067 5069 5867 5406 5109 5565 5149 5338 5759 5401 5668 5665 6050 5293 5983 5558 5691 5224 5190 5390 5606 5704 5820 5484 5702 5602 5182 5353 5280 5408 5503 5445 5370 5520 5258 5084 5139 5293 5300 5472 5958 5425 5571 5370 5666 5665 5529 5829 4853 5614 5441 5801 5361 5284 5278 5644 5609 5686 5562 5550 5377 5444 5597 5770 5241 5814 5718 5646 5108 5457 4976 5956 5520 5471 5396 5767 5196 5670 5502 5629 5418 5056 5747 5819 5615 5190 5071 5404 5569 5306 5634 5376 5386 5712 6009 5879 5791 5340 5443 5557 5692 5456 5623 5270 5217 5780 5461 5308 5332 5113 5387 5731 5517 5240 4970 5468 5793 5048 5247 5269 5213 5489 5580 6056 5075 5692 5616 5578 5525 5236 5814 5395 5562 5178 5707 5231 5341 5947 4832 5447 5685 5788 5446 5456 5928 5554 5574 5168 5082 5332 5433 5327 5225 6075 5416 5519 5486 5339 5732 5473 5531 5439 5294 5767 5321 5140 5144 5083 5337 5875 5898 5712 5352 5443 5451 5254 5726 5902 5366 5451 5669 5532 5130 5697 5487 5719 5496 5265 5612 5472 5682 5376 5413 5601 5185 5182 4890 5662 5161 5514 5323 5468 5209 5640 5185 5662 5028 5612 5840 5769 5883 5290 5548 5347 5095 5347 5337 5190 5307 5249 5266 5813 5576 5559 5537 5277 5639 5345 4836 5477 5440 5209
5725 5405 4886 5085 5517 5526 4792 5317 5068 5844 5280 5308 5338 5289 5249 5489 4780 5422 5554 4651 5159 5088 5220 5357 4883 4965 5418 4839 4982 5021 4966 5199 5422 4911 5448 5691 5545 5156 5404 5233 5353 5151 5068 5347 5609 5512 5627 5344 5240 5203 4952 5065 5006 5239 5332 5609 4836 5071 5088 4894 5101 5147 5088 5176 5639 5261 5263 4986 5499 5423 4971 5671 4875 5299 5077 5427 5378 5274 5029 5391 5445 5438 5482 5403 5308 5184 5312 5390 4825 5509 5375 5387 5117 5315 4862 5665 5153 5464 5594 5311 4905 5382 5360 5246 5101 4564 5437 5491 5002 4669 5141 5307 5628 5042 5171 5209 4724 5403 5701 5391 5476 5300 5053 5192 5284 5474 5295 5191 5308 5283 5431 4775 4973 4895 5096 5239 5392 5163 4955 4945 5453 5006 4853 5381 5130 5222 5540 5801 5113 5232 5209 5371 4893 5125 5463 5135 5201 5184 5455 5243 5120 5715 4765 5208 5441 5434 4987 5324 5744 5249 5301 5079 4997 5086 5375 5235 5490 5763 5040 5161 5216 5166 5427 5505 4915 5407 5137 5477 5386 5153 5014 5035 5212 5655 5543 5206 4821 4903 5316 5123 5221 5822 5062 4896 5437 5224 4967 5343 5271 5463 4982 5044 5155 5450 5471 5404 4994 5245 5290 5169 4646 5420 5073 5163 4919 5410 5093 5614 4891 5519 4903 5598 5409 5703 5706 5062 5439 5119 5109 5063 5400 5421 4965 5168 5039 5203 5484 5307 5263 5238 5022 5053 4632 5239 5191 4981
5630 5106 4915 4850 5290 5215 4746 5201 4991 5388 5326 5108 5014 5091 4963 5272 4637 5303 5157 4626 4846 4855 5166 4957 4790 4930 5152 4977 4596 5013 4844 5058 5238 4885 5221 5388 5530 5179 5296 5096 5045 4947 5066 4936 5387 5258 5049 5149 5406 5217 4748 4808 4995 5290 5005 4844 4924 4927 4993 4907 4671 4800 4997 5034 5272 5026 5303 4952 5231 5345 4929 5538 4593 5210 5259 5164 5136 4928 4536 5397 5270 5075 4948 4889 4938 5183 5317 5453 5114 5273 4856 5081 5013 5247 4946 5322 4739 5069 4933 5039 5084 5077 4972 4892 5096 4542 4995 5428 5108 4827 4833 5140 5299 5066 5147 5058 4953 5127 5274 5345 5256 4966 5159 5121 5310 5226 5187 4696 4868 5250 4827 4772 4891 4776 4838 5373 4927 4943 4745 4727 5455 4808 4660 5060 5042 4984 5056 5460 5124 5278 5045 5198 4901 4924 5105 5093 5135 4703 5291 4713 5119 5279 4962 4930 5459 5353 4909 5021 5710 5189 5176 4959 4926 4935 5095 4838 5048 5024 4980 5034 4916 4829 5093 4972 5307 4986 4909 5318 4789 4916 5217 4934 4958 5028 5095 5335 4664 4891 4833 4890 5112 5362 4837 4888 4986 5238 4842 4854 5263 5327 4849 4592 5190 4952 5270 5035 4892 5337 5017 4823 4714 5398 4898 4944 5123 5148 5175 4976 4936 5413 4919 5190 5064 5333 5276 4696 5114 4765 4987 4899 5052 4905 4827 4959 4626 5626 5157 5110 5180 4940 4953 4509 4637 4980 5314 4719
5835 5485 5114 5268 5579 5682 5270 5656 5523 6262 5516 5164 5555 5756 5504 5710 4888 5560 5782 5197 5244 5206 5576 5184 5295 5239 5614 5409 5234 5586 5255 5695 5573 5233 5590 5849 6116 5675 5746 5337 5584 5134 5270 5380 5721 5654 5595 5161 5616 5687 5388 5466 5544 5627 5697 5516 4965 5553 5199 5355 5252 5166 5274 5496 5695 5472 5561 5388 5699 5372 5152 5724 4919 5561 5707 5543 5501 5289 5095 5930 5645 5699 5555 5664 5416 5517 5481 5760 5167 5802 5741 5756 5327 5340 5206 5933 5489 5507 5412 5534 5438 5342 5344 5602 5358 5099 5879 5925 5384 4775 5197 5698 5766 5049 5376 5465 5408 5713 5662 5972 5676 5352 5279 5695 5663 5731 5547 5434 5346 5537 5456 5221 5085 5112 5122 5786 5480 5432 5196 5129 5924 5178 5114 5543 5573 5481 5758 5724 5209 5414 5281 5420 5197 5422 5757 5262 5629 5201 5588 5222 5420 5819 4895 5590 5706 5847 5402 5540 5991 5688 5497 5190 5307 5154 5341 5578 5448 5883 5290 5523 5435 5339 5928 5546 5443 5200 5363 5784 5429 5326 5274 5068 5462 5627 5694 5411 5207 5253 5309 5312 5715 5925 5094 5352 5630 5504 5235 5341 5606 6112 5369 5332 5519 5362 5743 5340 5177 5653 5482 5295 5084 5759 5524 5692 5447 5540 5416 5925 5156 5650 5349 5518 5746 5525 5693 5155 5446 5308 5437 5258 5440 5227 5349 5244 5168 5535 5322 5424 5602 5589 5180 5142 5006 5183 5502 4901
5600 5197 4755 5387 5382 5179 4745 5346 5340 5979 5400 4907 5325 5527 5579 5458 4694 5605 5673 4984 5145 4968 5295 5262 5135 5153 5445 5213 4871 5326 5147 5456 5682 5108 5201 5210 5584 5162 5454 5262 5418 5096 5379 5739 5305 5499 5522 5162 5566 5204 5008 5105 5190 5503 5282 5512 4912 5503 5108 5114 4960 4989 5047 5111 5458 5334 5044 5328 5643 5338 5169 5592 4624 5263 5359 5596 5075 5272 4876 5536 5627 5309 5286 5091 5087 5218 5261 5844 5089 5554 5343 5337 5188 5090 4942 5710 5237 5258 5226 5362 5071 5210 5034 5218 5040 5147 5575 5555 5529 4562 4878 5562 5635 4944 5223 5099 5091 5481 5617 5649 5489 5230 5123 5488 5438 5513 5293 5065 5090 5374 5079 4699 5081 4909 5042 5546 5283 5294 4911 5209 5368 5165 5096 5252 5258 5125 5295 5326 5258 5494 5182 5385 5509 5011 5433 5366 5153 4790 5594 5359 5068 5797 4926 5292 5569 5439 5024 5537 5730 5496 4921 5284 5232 5070 5456 5159 5062 5707 5150 5212 5235 5203 5373 5306 5218 5441 5025 5640 5201 5295 5347 4927 5105 5331 5688 5428 5217 5011 5228 5138 5540 5720 5166 5187 5473 5638 4896 5008 5582 5790 5301 4993 5255 5149 5700 5338 4881 5543 5176 5046 4653 5484 5390 4999 5074 5895 5173 5811 5186 5394 4990 5214 5577 5507 5521 4892 5530 5290 5214 5241 5238 5205 5275 4925 5240 5417 5351 5056 5519 5488 5183 4939 4675 5212 5393 4841
4989 4905 4180 4786 5056 5113 4380 4960 4919 5742 4946 4932 4831 5161 4729 5355 4505 5000 5036 4630 4850 4789 5005 4632 4476 4700 4834 4857 4745 4505 4734 5089 5157 4643 4944 5115 5029 4735 4979 5341 4930 4750 4818 4913 5267 5040 4751 5100 4981 5065 4854 4639 4829 4894 4977 4886 4588 4563 4916 4807 4748 4724 5134 4900 5090 4901 5046 4659 4894 5180 4829 5333 4749 4590 4876 5296 4777 4865 4682 5196 4950 5012 5041 5204 4744 5028 4934 4999 4798 5223 4799 4944 4781 5055 4695 5312 4765 5052 4823 4880 4897 5013 5096 5000 4889 4564 4693 5262 4952 4780 4606 5091 5263 4621 4854 4489 4873 4898 5401 5172 5159 5010 4877 4914 5114 4869 4910 4643 4764 4900 5092 4705 4524 4540 4699 5144 5312 4885 4710 4626 5124 4747 4445 5192 4769 4926 5107 5351 4988 4771 4805 4948 4627 4820 5275 4868 4795 4879 4992 4811 4862 5071 4607 5032 5036 5122 5062 4904 5292 4985 5168 4723 4733 4722 4834 4884 4923 5387 4702 4889 4846 4711 5252 5123 4831 4633 4820 4986 4749 4737 4794 4678 4781 5018 5098 5012 4785 4552 5110 4371 5147 5282 4833 4628 5024 4494 4376 4747 4938 5111 4778 4809 4886 4780 4903 4697 4671 5186 5074 4631 4465 5006 5047 5050 4539 5090 5013 4989 4637 5005 4624 4886 5003 5276 4980 4317 4928 4554 4684 4758 4692 4790 4702 4715 4821 5329 4885 4740 4849 4917 4632 4717 4677 4684 4819 4521
5713 5943 5033 5261 5547 5587 4958 5446 5429 5974 5495 5407 5394 5726 5370 5863 4994 5428 5849 4923 5361 5185 5258 5486 5152 5221 5617 5332 4910 5343 5092 5377 5611 5157 5582 5854 5692 5315 5567 5448 5798 5256 5348 5421 5655 5768 5588 5190 5411 5630 5407 5397 5346 5518 5579 5681 5071 5436 5305 5209 5042 5160 5325 5300 5789 5599 5599 5178 5702 5594 5327 5685 5000 5376 5400 5724 5522 5419 5084 5736 5526 5477 5366 5453 5326 5333 5510 5436 5174 5660 5522 5448 5153 5358 4861 5810 5571 5746 5401 5600 5401 5537 5440 5663 5411 4762 5698 5628 5505 5289 5180 5425 5713 5068 5510 5146 5262 5606 5710 5760 5684 5244 5321 5670 5526 5430 5478 5184 5105 5527 5187 5179 5126 4892 5176 5477 5413 5447 4929 5134 5534 5075 5134 5232 5527 5199 5553 5808 5140 5556 5780 5579 5201 5320 5649 5218 5369 5121 5717 5143 5244 5821 4974 5445 5605 5657 5266 5704 5997 5399 5269 5267 5017 5331 5261 5241 5421 5726 5284 5307 5338 5144 5656 5363 5433 5268 5211 5886 5337 5104 5537 5180 5305 5721 5505 5485 5176 5253 5556 5181 5463 5804 5091 5311 5737 5589 5238 5377 5695 5762 5186 5320 5336 5358 5503 5194 5190 5581 5380 5176 4722 5422 5511 5240 5538 5467 4901 5751 5120 5591 5101 5445 5537 5828 5981 5162 5548 5132 5307 5396 5272 5224 5243 5247 5366 5703 5481 5121 5504 5180 5134 5123 5176 5360 5389 5013
5118 4751 4396 4571 4990 4990 4474 4842 4626 5097 4590 4480 4536 4861 4702 4941 4267 4944 4786 4567 4640 4469 4958 4479 4364 4467 4788 4710 4560 4660 4417 4776 5005 4660 4779 4929 5057 4573 4993 4858 4647 4328 4570 4571 4733 4819 4710 4678 4900 4786 4467 4529 4498 4446 4830 4779 4157 4759 4697 4751 4452 4439 4813 4621 4858 4964 4882 4747 4886 4968 4714 5181 4146 4441 4628 5076 4649 4703 4361 4894 5009 4725 4817 4483 4517 4688 4603 5165 4498 4839 4813 4503 4817 4649 4280 5170 4613 4677 4610 5019 4837 4676 4557 4449 4410 4449 4807 4977 4554 4390 4677 4825 4727 4614 5027 4588 4644 4807 4875 4834 4953 4885 4435 5241 5054 4737 4627 4629 4693 4761 4862 4309 4561 4507 4295 4788 4534 4400 4270 4831 4895 4326 4366 4780 4952 4472 4701 4861 4330 4598 4572 4603 4485 4626 4679 4348 4603 4361 4718 4506 4563 4978 4446 4786 4810 4898 4581 4740 5268 4640 4805 4525 4446 4714 4820 4398 4580 5030 4494 4718 4771 4597 4959 4945 4758 4335 4403 4853 4779 4632 4598 4504 4795 4890 5149 4948 4348 4381 4683 4417 4981 5133 4381 4229 4876 4721 4389 4757 4702 5063 4481 4238 4964 4591 4949 4588 4521 5133 4309 4502 4293 4978 4547 4568 4479 4805 4433 4739 4158 4778 4549 4662 4678 4664 4982 4523 4780 4210 4842 4426 4659 4464 4628 4334 4494 4663 4510 4744 4694 4677 4415 4422 4509 4680 4759 4304
5579 5388 5046 5191 5685 5124 4936 5469 5178 5698 5384 5196 5357 5432 5475 5609 4710 5390 5371 5036 5243 5037 5183 5048 4935 5213 5160 5077 5031 5203 4895 5420 5471 4916 5225 5697 5613 5170 5511 5315 5242 4938 5329 5166 5385 5535 5401 5261 5415 5387 4834 5417 4778 5313 5213 5527 4817 5141 5194 4897 4928 5046 5167 5359 5474 5353 5452 5194 5521 5242 5279 5678 4827 5156 5416 5292 5344 5340 4654 5505 5444 5454 5362 5449 5046 5403 5313 5596 4961 5700 5390 5385 5419 5092 4680 5767 5288 5306 5038 5397 5217 5254 5386 5173 5090 4818 5646 5441 4901 4766 4860 5448 5563 4942 5422 5033 5103 5240 5702 5318 5342 5083 5128 5184 5336 5420 5482 5238 4872 5395 5051 4976 5319 4910 4883 5413 5173 4961 4812 5208 5584 4830 4876 5193 4946 5200 5243 5603 4833 5328 5081 5198 5072 5110 5317 4946 5254 4994 5450 5327 4847 5481 4752 5217 5578 5132 5131 5214 5677 5342 5335 5032 5210 5042 5296 5266 5099 5618 5027 5325 5191 4973 5527 5319 5207 4919 4915 5340 5094 4943 5034 4680 4964 5464 5545 5489 5134 5049 5290 4989 5461 5719 4967 5026 5250 5327 4932 5211 5315 5619 4985 5108 5323 5458 5529 5024 5182 5498 5191 5053 4976 5230 4998 5123 4858 5231 5202 5500 4823 5367 4838 5326 5415 5380 5664 4827 5158 4946 5185 5021 5305 5026 4982 5130 5095 5519 5172 5134 5283 5466 4831 5103 4804 5282 5470 4585
5849 5618 5350 5264 5713 5600 5162 5573 5385 6200 5627 5273 5466 5538 5513 5843 4844 5817 5604 5299 5339 4902 5650 5445 5340 5328 5538 5410 5288 5427 5364 5535 5790 4992 5568 5727 6106 5514 5720 5511 5694 5245 5787 5635 5535 5838 5584 5572 5669 5749 5242 5405 5273 5610 5478 5532 5017 5508 5446 5302 5129 5030 5274 5418 5722 5665 5755 5155 5660 5660 5460 5876 5067 5448 5584 5722 5785 5448 5469 5843 5854 5831 5609 5582 5412 5813 5763 5686 5236 5743 5538 5294 5451 5209 4908 5866 5337 5823 5287 5591 5453 5640 5463 5790 5592 5120 5581 5821 5444 4829 5289 5627 5751 5285 5568 5498 5342 5538 5746 5764 5764 5405 5464 5737 5325 5603 5552 5434 5329 5648 5380 4934 5360 5142 5152 5364 5566 5427 5122 5198 5699 5109 5085 5310 5559 5320 5734 5862 5423 5574 5706 5366 5198 5375 5743 5304 5249 5415 5901 5557 5221 5899 5326 5599 5602 5863 4997 5571 6011 5493 5634 5324 5325 5444 5647 5556 5501 5938 5324 5466 5751 5368 5642 5563 5622 5315 5321 5898 5138 5351 5382 5403 5328 5534 5544 5602 5024 5296 5346 5473 5650 5763 5193 5241 5603 5627 5232 5537 5594 5942 5407 5190 5658 5555 5560 5490 5078 5613 5525 5328 5036 5717 5428 5306 5485 5738 5526 5906 5344 5967 5136 5556 5674 5788 5628 5388 5328 5232 5479 5405 5471 5339 5258 5308 5256 5782 5247 5313 5632 5667 5311 5066 5090 5329 5550 5260
5222 4721 4628 4638 4868 4866 4545 5098 4956 5529 5133 4968 4819 4905 4748 5153 4544 5346 5250 4450 5000 4820 4707 4558 4636 4668 4892 4621 4737 4760 4615 4832 5133 4603 4921 5061 5201 4704 5194 4828 5087 4288 5035 5113 5018 5105 4875 4839 5251 5103 4462 4844 4815 5117 5264 5281 4747 4972 4756 4604 4700 4497 4942 4754 5014 5028 5052 4816 5214 4912 4794 5364 4514 4934 5035 5122 4818 5003 4572 5067 5186 5004 5070 4927 4817 4712 4952 5258 4785 5051 4812 4890 4840 4658 4719 5226 4926 4818 4744 5217 4713 4844 5108 4854 4883 4756 5024 5180 4858 4314 4789 5069 5041 4711 4734 4767 4785 5032 4993 4984 4930 4874 4818 5025 4992 4795 5011 4756 4873 5075 4932 4533 4871 4506 4555 4851 4919 4800 4386 4629 5142 4681 4926 4914 4831 4902 5022 5210 4811 4677 4786 4844 4666 4648 5236 4648 4960 4621 5081 4772 4721 5260 4600 5032 4966 4943 4729 5131 5375 5294 4646 4645 4535 4623 4885 4953 4699 5495 4679 4912 4792 4754 5150 4811 4842 4965 4832 5142 4768 4796 4527 4544 4548 5029 5131 4976 4633 4837 4779 4699 5095 5138 4639 4811 4989 4675 4634 4762 4899 5175 4772 4873 4851 4870 5002 4847 4363 4958 4780 4879 4623 5178 4900 4906 4608 5171 4805 5393 4914 5049 4735 4761 5126 4998 5287 4596 4979 4937 4757 4836 4618 4901 4893 4555 4817 4981 4844 4690 4791 4928 4940 4752 4538 4698 4935 4471
5401 5147 4834 4751 5237 4832 4566 5299 5143 5590 5156 5128 5116 5090 5113 5196 4892 5127 5437 4348 4625 4874 5010 5048 4879 4885 5198 4953 4711 5108 4945 5057 5174 5137 5137 5497 5429 5144 5055 5002 5387 4730 4849 5179 5151 5054 5229 4973 4859 5097 4696 5204 4791 4888 5187 5164 4578 4763 4986 5037 4748 4672 4806 5155 5484 5078 5247 4940 5416 4866 4964 5046 4559 5089 5105 5221 4995 5021 4574 5147 5074 5054 5316 5144 5070 5365 5226 5332 4908 5333 5007 5121 4611 4970 4859 5319 5096 5006 5136 5224 4937 5291 5454 5118 4860 4544 5321 5323 5253 4610 4970 5281 5281 4918 4991 4807 4881 5132 5041 5516 5127 5031 5124 5069 5051 4997 5019 4933 4980 5224 4773 4777 4684 4876 4684 5229 5151 4944 4299 4936 5251 4581 4969 5078 5221 4902 5318 5519 4890 5168 5089 5025 5067 5043 5392 4904 5052 4736 5153 4906 4925 5172 4643 5267 5160 5240 4944 5307 5419 5311 4868 5093 4713 5009 4938 4936 4998 5290 5031 5164 5164 4612 5293 4958 5054 4840 5071 5426 5108 4910 5116 4718 4722 5126 5186 5083 4673 4951 4879 5063 5359 5665 4897 4804 5330 5124 4702 4910 5148 5117 5136 4915 4801 5197 5117 5089 4586 4975 5014 4865 4569 4919 4919 4780 5073 5101 4910 5261 4871 5355 4640 5122 5165 5421 5251 4983 5112 4716 5182 4664 5087 4786 4917 4786 4693 5161 5030 4787 5103 5006 4662 4748 4669 4971 5074 4475
5368 5139 4623 5171 5403 5113 5028 5270 5170 5919 5275 4884 5291 5223 4813 5576 4686 5078 5204 4987 4927 5130 5146 5207 4980 5024 5283 5098 4637 5170 4899 5273 5414 4864 5381 5414 5668 5058 5299 5261 5312 4824 5146 5311 5447 5390 5162 5037 5380 5307 4862 4933 5058 5407 5174 5215 4878 5135 5149 4865 4914 5018 5145 5124 5274 5121 5176 4997 5317 5416 4899 5553 4776 5100 5040 5475 5161 4973 4776 5194 5383 5400 5062 5226 5061 5334 5319 5271 4833 5322 5224 5467 5125 5276 4912 5577 5047 5311 5136 5189 5004 5268 5134 5170 5178 4663 5206 5386 5066 4708 5191 5104 5300 4925 5185 4979 4878 5380 5447 5366 5265 5386 5128 5299 5256 5097 5372 5009 5055 5230 5438 4837 4963 4690 4789 5371 5193 4976 4757 4828 5349 4794 4864 5389 5436 4858 5338 5486 4950 5254 5079 5176 4681 4921 5518 4880 5280 4754 5327 5251 5093 5358 4858 5125 5227 5222 5190 5142 5892 5170 5472 4879 4884 4943 5053 5300 5070 5721 5009 5264 4785 5108 5498 5195 5049 4766 5104 5371 5068 4924 5263 4898 4749 5326 5392 5494 4855 5054 5031 4942 5424 5418 4747 4721 5364 5067 4854 4901 5287 5550 4650 4973 5128 5081 5298 5170 4886 5414 5238 4828 4828 5242 4981 5350 4858 5370 5245 5333 4773 5279 4963 5348 5304 5436 5507 4788 5035 4956 5013 4967 5199 5138 5174 5085 5097 5414 4927 4948 5216 5135 4987 4985 4600 5213 5040 5073
5624 5413 4973 5213 5708 5561 5231 5421 5484 6195 5796 5080 5438 5604 5538 5929 5098 5686 5357 5350 5253 5233 5364 5256 5350 5172 5648 5462 4915 5555 5117 5569 5401 5220 5750 5534 5813 5422 5822 5499 5578 5247 5355 5420 5475 5587 5487 5559 5712 5669 5080 5557 5385 5294 5324 5555 5104 5599 5487 5264 5095 5100 5179 5172 5465 5498 5452 5603 5717 5612 5308 5769 4806 5462 5540 5809 5308 5343 5146 5881 5682 5466 5465 5490 5272 5439 5432 5872 5372 5632 5615 5366 5169 5279 5166 5714 5237 5534 5303 5532 5369 5447 5271 5380 5058 5131 5631 5673 5368 4926 5061 5541 5543 5269 5436 5314 5423 5283 5719 5721 5481 5250 5170 5623 5688 5591 5481 5333 5185 5651 5264 4961 5235 5121 4806 5502 5322 5151 4903 5176 5651 5110 5119 5350 5505 5138 5437 5665 5140 5475 5499 5507 5341 5195 5525 5456 5535 5118 5592 5359 5115 5848 5321 5286 5621 5691 5336 5699 6097 5459 5501 5424 5235 5295 5434 5320 5306 5710 5326 5525 5259 5177 5736 5437 5593 5062 5221 5683 5194 5361 5338 5063 5333 5418 5500 5437 5307 5116 5390 5278 5533 5754 4979 5270 5713 5296 5094 5556 5544 6058 5402 5268 5473 5241 5493 5409 5189 5455 5130 5191 5058 5531 5436 5293 5281 5389 5093 5781 5257 5454 5011 5275 5641 5638 5616 5092 5314 5264 5383 5118 5285 5299 5180 5071 5381 5454 5505 5124 5313 5228 5331 4935 4832 5549 5279 4828
5298 5247 4619 4839 5230 4855 4684 4928 5145 5561 4947 4998 4970 4983 4923 5252 4499 4982 5182 4826 4748 4871 4826 5164 4677 4570 5023 4817 4602 4950 4901 4864 5033 4485 5126 5158 5094 5175 5067 5086 4990 4819 4992 5079 5302 5258 5161 4872 4935 5157 4881 4954 4719 5001 5098 5065 4429 4810 5076 4926 4531 4570 4939 4955 5191 5041 5272 4821 5200 5128 5051 5353 4559 5123 5088 4862 5001 5023 4638 5282 5131 4994 5149 5103 4890 5018 5126 5223 4846 5179 5001 4992 4735 4980 4596 5388 5058 5053 4909 5091 4831 5057 5164 5124 5026 4705 5008 5166 5049 4448 4395 5160 5182 4785 5140 4799 5019 5179 5196 5329 4914 4788 4628 5254 4976 5168 5184 4951 5021 5205 4865 4722 4733 4724 4707 5112 4989 4874 4532 4928 5006 4540 4534 5115 5013 4784 5136 5522 4999 5225 4987 5211 5037 4869 5104 4932 5000 5084 5169 5000 4904 5091 4732 5047 5215 5485 4743 5128 5280 4846 4995 4982 4833 5088 4872 4818 4964 5554 4977 4929 4764 4516 5387 5068 5151 4896 4504 5257 4660 4702 5038 4833 4821 5047 5278 5351 4791 4805 4837 4855 5135 5301 4771 4871 5226 5113 4687 4859 5146 5203 4757 4869 5119 4889 5107 4870 4577 5169 4930 4779 4370 5000 4861 4688 4706 5076 4965 5188 4707 5442 4814 4982 5000 5340 5166 4371 5007 4758 4966 5045 4960 4738 4686 4699 4716 5254 5018 4818 5192 5220 4829 4733 4567 5090 4914 4861
5480 5402 4588 4925 5530 5006 4887 5277 5199 5853 5479 5055 5297 5201 5014 5058 4806 5349 5656 4764 5067 4675 5085 5102 4898 5137 5377 5217 4769 4955 5158 5080 5457 4983 5540 5389 5487 5073 5355 5074 5681 4658 5045 5473 5219 5101 5171 5058 5231 5196 5101 5178 4909 5323 5223 5171 4681 5022 5239 4904 4609 4791 5203 5038 5539 5242 5015 5098 5631 5658 4969 5224 4726 5135 5030 5566 5271 4911 5055 5577 5321 5350 5257 5316 5128 5086 5346 5448 4900 5301 5064 5151 4964 5163 4806 5625 5397 5213 5332 5457 4921 5227 5220 4980 4949 4575 5144 5683 5057 4720 4674 5190 5217 5035 4945 5107 5302 5185 5395 5588 5229 4920 5295 5359 5134 5096 5270 5240 5287 5082 4916 4833 5008 4715 4831 5157 5282 5226 4481 4838 5449 4900 4914 5161 5110 5256 5167 5606 5062 5127 5037 5387 4858 4854 5553 5169 4990 4890 5455 5119 5138 5661 4927 4848 5093 5360 5202 5400 5548 5279 4820 5059 4951 5019 5130 4972 5043 5391 4779 5239 5299 4959 5604 5061 5247 5035 5016 5495 5133 5082 5021 4886 4801 5356 5304 5075 4952 5051 5060 4877 5380 5727 4993 4991 5116 5209 4741 5090 5438 5322 5045 5091 5013 5334 5241 5113 4684 5062 5239 4871 4674 5070 5128 4957 4958 5214 4899 5355 5127 5311 4893 5199 5445 5695 5566 4976 5410 4779 5040 5133 5267 4915 4891 5011 4948 5425 5216 4978 5242 5049 4832 4579 4997 5193 5121 4882
5748 5370 4931 4957 5365 5448 4853 5555 5239 5921 5224 5344 5433 5680 5257 5525 4960 5476 5374 5084 5096 5080 5192 5112 5001 5136 5317 5309 5108 5241 5105 5631 5680 4891 5760 5709 5808 5263 5795 5083 5562 4940 5315 5590 5416 5326 5262 5413 5562 5710 5321 5145 5120 5265 5574 5411 4961 5386 5263 5278 4949 5040 5217 5290 5401 5390 5686 5211 5464 5482 5473 5499 5033 5402 5470 5670 5443 5185 5170 5671 5645 5255 5309 5239 5212 5095 5541 5530 5096 5517 5298 5580 5291 5193 4847 5577 5297 5255 5119 5413 5370 5251 5209 5278 5251 5091 5449 5869 5264 4941 4901 5286 5877 5230 5338 5436 5182 5534 5528 5358 5317 5392 5400 5394 5387 5400 5477 4990 5542 5595 5390 5075 5127 4990 5035 5447 5246 5152 5039 5193 5696 4938 5175 5451 5006 5664 5455 5770 5173 5331 5328 5145 5222 5090 5553 5559 5288 5275 5673 5040 5323 5721 4723 5342 5556 5518 5326 5350 5904 5449 5469 5222 5121 5070 5278 5238 5199 5578 5358 5446 5219 5085 5605 5367 5287 5318 5016 5477 5334 5057 5167 4945 5212 5366 5621 5412 5072 5168 5382 5013 5605 6003 5225 5066 5402 4970 5159 5452 5230 5509 4908 5238 5714 5387 5725 5415 5211 5666 5180 5081 4758 5302 5384 5347 5231 5309 5095 5848 4984 5585 5050 5218 5609 5677 5744 5061 5372 5158 5107 5169 5343 5180 5170 5157 5061 5504 5243 4993 5532 5289 5050 4937 4910 5300 5432 5259
5713 5279 4662 4891 5483 5246 4902 5344 5234 5680 5249 5312 5245 5216 4979 5501 4726 5486 5187 4952 5193 5094 5138 5105 4888 5122 5403 5157 5011 5164 4936 5362 5268 5071 5536 5761 5681 5080 5476 5192 5503 4869 5455 5356 5169 5420 5366 5190 5297 5338 4708 5387 5100 5180 5363 5353 4880 5102 4924 4953 5043 4945 5082 5298 5485 5223 5398 5346 5578 5542 5205 5572 4733 5213 5172 5646 5252 5189 5101 5511 5385 5395 5397 4982 5094 5378 5217 5629 5019 5544 5146 5176 4987 5449 5030 5515 5149 5161 5149 5057 4922 5063 5145 4887 5344 4918 5619 5482 4948 4737 5048 5016 5399 5163 5092 4976 5228 5405 5553 5598 5458 5138 5229 5391 5491 5417 5411 5078 5244 5381 4995 5049 5217 4736 4695 5383 5214 5065 4487 4884 5341 4731 4940 5100 5383 5082 5153 5694 5150 5353 5480 5312 4858 4963 5312 5220 5185 4895 5622 5281 5019 5803 5089 5023 5209 5437 5103 5303 5653 5048 5197 5071 4882 4919 5225 5113 5161 5483 5170 5311 5122 4956 5408 4971 5149 5128 5047 5394 5085 5078 5158 4896 5061 5164 5448 5209 5125 5118 5111 5086 5237 5736 4817 4920 5418 5137 4839 5113 5460 5567 5089 4870 5138 5395 5651 5340 4918 5337 5254 4962 4824 5314 5222 4975 4858 5269 4997 5242 5098 5462 4915 5281 5284 5440 5503 4834 4972 5131 5178 4875 5156 4860 5179 4974 5001 5521 5411 5060 5333 5222 5062 4682 4581 5297 5178 4827
5617 5160 4620 5011 5551 5422 4997 5441 5286 5858 5539 4913 5262 5219 5294 5414 4791 5287 5539 4923 5084 4762 5469 5094 5006 5011 5405 5069 4917 5250 5199 5419 5361 4957 5465 5627 5729 5261 5341 5332 5376 4878 5333 5215 5411 5428 5552 5202 5273 5508 5101 5020 5239 5343 5356 5307 4949 5111 5043 5072 4692 4988 5230 5109 5385 5134 5509 5129 5315 5393 5129 5568 4747 5082 5424 5614 5180 5153 5213 5574 5190 5445 5211 5332 5166 5219 5257 5619 4977 5624 5067 5377 4995 5141 4695 5613 5031 5333 5277 5196 4979 5312 5285 5239 5284 4840 5248 5615 5073 4925 5048 5195 5427 5036 5283 5082 5044 5241 5293 5619 5490 5106 5167 5518 5396 5106 5104 5118 5373 5581 5267 4934 5163 4920 5108 5265 5056 5048 4740 4883 5568 5050 4883 5066 5311 5045 5230 5451 5027 5152 5450 5129 5064 5214 5313 5178 5280 4972 5358 5052 5189 5576 4924 5235 5449 5348 5083 5523 5761 5210 5228 5228 4832 4834 5070 5147 5197 5296 5147 5099 5282 5182 5373 5345 5282 5146 5144 5471 5121 5034 5248 4974 5142 5264 5312 5408 4846 5099 5272 5179 5484 5659 4975 4832 5541 5308 5136 5109 5231 5285 5017 5088 5154 5255 5198 5171 4712 5252 5230 5107 4748 5322 5393 4932 5046 5254 5242 5549 4995 5440 4850 5375 5462 5464 5512 4826 5328 4843 5107 5019 5140 5183 5225 4947 4990 5288 5240 5103 5274 5136 4688 4922 4661 5075 5225 4911
5803 5752 5096 5403 5758 5819 5504 5760 5670 6468 5685 5587 5555 5737 5636 5870 5125 5883 5822 4895 5323 5343 5469 5453 5414 5440 5849 5484 4931 5434 5170 5632 5894 5284 5706 5652 5849 5626 5856 5571 5793 5479 5919 5836 5706 5645 5751 5449 5654 5842 5125 5389 5421 5485 5847 5725 5041 5510 5526 5288 5350 5316 5216 5485 5719 5748 5901 5627 5926 5575 5756 5949 5326 5716 5418 5769 5708 5621 5232 5779 5785 5566 5699 5475 5534 5526 5573 5993 5352 5863 5624 5716 5526 5506 5087 5902 5422 5624 5521 5894 5251 5714 5749 5434 5399 5433 5763 5669 5485 5129 5222 5537 5699 5404 5771 5447 5335 5839 5830 5893 5790 5674 5442 5670 5630 5840 5807 5658 5421 5945 5313 5214 5216 5251 5321 5858 5803 5352 5085 5524 5858 5328 5357 5745 5720 5656 5729 6115 5713 5716 5676 5834 5573 5325 5741 5585 5533 5367 5977 5273 5316 5762 4958 5473 5808 5905 5482 5810 5964 5730 5505 5445 5360 5390 5592 5255 5526 5918 5207 5667 5573 5231 5990 5587 5711 5587 5570 5925 5621 5528 5635 5382 5437 5839 5755 5845 5387 5620 5653 5446 5778 5971 5329 5300 5869 5627 5392 5739 5552 6189 5471 5244 5439 5727 5912 5479 5316 5551 5403 5298 4875 5921 5715 5461 5578 5824 5360 6205 5527 5885 5404 5520 5657 5932 5945 5113 5660 5408 5510 5632 5568 5409 5402 5292 5461 5887 5589 5524 5687 5518 5455 5252 4930 5601 5523 5027
5502 5001 4461 4906 5155 4966 4743 4983 4800 5837 4982 4965 4920 5310 5089 5559 4672 5481 5432 4810 4885 4958 4895 4733 4900 4924 5102 5031 4581 5063 4887 5221 5304 4804 5251 5359 5280 5086 5375 5045 5425 4908 4971 5228 5235 5123 5269 4996 5144 5143 4903 4995 4981 5230 5103 5321 4641 5049 4772 4875 4530 4911 5162 5066 5258 5119 4957 4877 5197 5122 4787 5247 4608 4891 4912 5294 5109 4759 4760 5486 5240 5275 4786 5222 5048 5206 5219 5464 4765 5302 5104 5182 4953 4934 4602 5339 5096 5007 4939 5242 4976 4937 5098 4943 5097 4974 5236 5379 4853 4475 4908 5431 5411 4868 4781 4841 4879 5294 5218 5320 5056 5194 4951 5118 5110 5241 5177 4725 5135 5398 4963 4788 5016 4608 4751 5246 5039 5024 4688 5068 5295 4774 5005 5273 4917 5022 5425 5217 5022 5061 5067 5006 5019 4897 5502 4913 4972 4450 5132 4949 5047 5380 4823 5079 5245 5242 4932 5324 5449 5171 5015 4737 4957 4915 4790 5131 4921 5721 5061 4883 4918 5030 5313 4822 4999 4919 4754 5372 5145 4777 5113 4727 4980 5568 5386 5295 4854 4998 5077 4747 5406 5325 4898 4902 5325 5034 5134 4902 4998 5400 4730 4878 4990 5101 5356 4993 4506 5025 5000 4889 4643 5166 5185 4993 5104 5289 5080 5259 4627 5137 5160 4849 5500 5458 5424 4720 4930 5093 5066 4964 5066 4766 4847 4803 4780 5079 5183 5078 5424 5057 4959 4869 4422 5042 4950 4519
5584 5172 4909 5067 5636 5460 4674 5163 5388 5756 5237 5068 5169 5374 5304 5533 4589 5439 5373 4905 5125 5048 5123 4940 5066 5003 5438 5081 5023 5135 4911 5597 5148 4911 5390 5320 5283 5075 5622 5350 5079 5139 5192 5099 5367 5365 5590 5058 5454 5412 4966 5002 4962 5350 5508 5199 4807 4943 5078 4817 5086 4913 5340 5162 5466 5447 5463 5122 5391 5389 4985 5450 4677 4996 5190 5482 5226 5165 5067 5484 5447 5171 5177 5225 5002 5051 4855 5623 4929 5579 5197 5396 5383 4876 5097 5538 5139 5148 5062 5330 5226 5310 5014 5216 4814 4735 5257 5617 5121 4701 4777 5010 5235 5034 4984 5174 4855 5125 5621 5705 5340 5276 5297 5187 5310 5252 5199 4873 5404 5108 5130 5069 5041 5029 4885 5487 5195 5081 4945 5084 5391 5088 4872 5207 4950 5124 5316 5585 5151 5187 5025 5142 5077 5131 5456 4909 5245 5066 5489 4939 5009 5328 4793 5159 5276 5434 4999 5211 5553 5216 5361 5021 4727 4839 5266 5367 5201 5666 5047 5141 5116 4836 5374 5217 4959 5206 5033 5504 5181 4851 5108 4928 5068 5621 5421 5280 4879 5301 4817 4722 5371 5507 4960 4871 5415 5355 4938 4996 5293 5457 5145 5062 5444 5176 5303 5185 5008 5307 4865 4989 4740 5452 5094 4963 5256 5277 5152 5198 4895 5148 4968 5363 5169 5255 5434 5007 5189 4907 5103 5290 5058 4762 4748 4986 4784 5609 5123 5106 5035 5385 4932 4921 4870 5298 4955 4827
5446 5500 4866 5157 5593 5418 4854 5393 5365 6002 5271 5552 5338 5559 5179 5730 4859 5573 5606 5041 5306 5073 5270 5261 5152 5106 5520 5197 4974 5221 5186 5525 5489 4773 5406 5524 5764 5332 5750 5378 5473 5214 5341 5450 5539 5631 5512 5000 5572 5547 5019 5338 5135 5532 5194 5369 4947 5403 5190 5138 5213 5170 5460 5255 5691 5368 5520 5372 5570 5525 5318 5733 4939 5328 5440 5609 5584 5423 4867 5612 5442 5757 5520 5426 5357 5579 5734 5531 5032 5720 5349 5789 5324 5537 4892 5528 5229 5313 5291 5415 5071 5193 5262 5492 5156 4794 5479 5411 5153 4716 5082 5338 5553 5209 5280 5352 5356 5615 5502 5579 5432 5500 5103 5472 5383 5311 5536 5212 5264 5395 5421 5226 5281 4674 4830 5415 5302 5234 4768 5091 5569 4798 5004 5430 5235 5215 5414 5770 5072 5427 5507 5372 5177 5198 5615 5252 5136 5027 5550 5250 5144 5909 5146 5334 5487 5571 5388 5561 5708 5425 5343 5122 5286 5188 5079 5314 5228 5796 5358 5483 5017 5240 5748 5331 5157 5132 5133 5624 5236 4991 5427 5319 5094 5651 5740 5646 5153 5124 5436 5237 5552 5603 4892 5058 5573 5418 4727 4934 5339 5621 5050 5058 5435 5360 5439 5169 5081 5530 5475 5085 4779 5313 5385 5391 5010 5262 5167 5569 4950 5510 5061 5595 5601 5642 5889 4954 5248 5254 5014 5140 5311 5361 5102 5333 5203 5519 5302 5357 5556 5283 5155 5032 4969 5548 5290 4979
5459 5182 4869 4892 5350 5236 4810 5264 5277 5701 5524 4868 5175 5216 5256 5347 4798 5319 5389 5001 4960 5216 5206 4884 4825 4942 5179 4950 4663 5308 4937 5097 5597 5169 5263 5195 5650 5004 5356 5243 5322 4953 4965 5356 5137 5268 5125 5114 5186 5385 4875 5174 4898 5185 5285 5119 4854 5180 4940 4711 4607 5113 5095 4655 5299 5079 5015 5019 5151 5525 5202 5752 4691 5156 5056 5414 5165 4929 5017 5374 5228 5128 5347 5031 5126 5035 5254 5583 4876 5512 5245 5213 5088 5245 4988 5513 4825 5093 5134 5430 4910 5373 5194 5232 4977 4632 5264 5657 4910 4647 4923 5239 5339 5084 5441 5113 5022 5443 5697 5381 5437 5015 5243 5191 5215 5213 5254 4883 5052 5269 5085 4832 4989 4747 4945 5285 5368 5194 4353 5017 5526 4973 5021 5292 5051 5000 5212 5424 5081 5306 5076 5431 4904 5165 5376 5353 5257 4858 5319 5181 5034 5648 4696 5232 5471 5545 5054 5258 5616 5117 5225 5078 5002 4992 5267 4891 5126 5357 5028 5186 5055 5124 5430 5043 5318 4879 4991 5589 4816 5135 5093 4896 5044 5341 5484 5243 4785 4987 5226 4961 5443 5702 4835 4779 5415 5279 4790 4946 5365 5395 5209 4960 5162 5142 5374 5148 4826 5161 5054 5190 4513 5331 4909 5093 4813 5133 5068 5195 4953 5483 4907 5237 5271 5395 5693 4914 5137 4949 5090 5124 5056 4907 4840 5067 4975 5416 5318 4936 5375 5168 5065 4833 4699 4993 4883 4934
5385 5254 5086 4814 4986 5162 4926 5217 5244 5658 5443 5272 5275 5368 5184 5285 4609 5407 5578 4645 5019 4872 5172 5149 5006 5061 5109 4928 4892 5209 4828 5480 5668 4982 5194 5195 5599 5174 5414 5028 5265 4990 5421 5124 5322 5344 5351 4972 5339 5393 5210 5042 5132 5301 5489 5120 4871 5086 5049 5160 4817 5003 4934 5106 5476 5066 5333 4965 5519 5544 5117 5639 4746 5178 5296 5310 5184 5011 5031 5620 5397 5322 5393 5352 5241 5136 5395 5320 4829 5548 5054 5257 5063 5315 4741 5463 5048 5462 5165 5305 5018 5153 5110 5736 4976 4637 5488 5755 5259 4451 4858 5468 5486 4771 5199 4719 5077 5211 5610 5453 5680 5085 4862 5236 5230 5423 5117 5211 4786 5020 5179 5003 4830 4845 4800 5433 5209 4968 4842 5069 5400 4917 4931 5193 5268 5108 5180 5710 5096 5237 5164 5273 5122 5129 5578 5332 5177 5090 5443 5075 4981 5466 4757 4963 5257 5630 5259 5398 5856 5208 4996 5062 5051 5038 5396 5121 5309 5717 4944 5006 5225 4918 5419 5096 5602 5124 5106 5410 5110 4982 5115 4895 5031 5520 5132 5358 5139 5109 4993 4934 5364 5544 4830 4940 5383 5324 4856 5146 5322 5850 5045 4962 5184 5170 5100 4903 4879 5216 5195 4916 4647 5425 5160 5026 4973 5254 5043 5759 4896 5414 4778 5262 5374 5281 5409 4758 4994 5053 4982 5104 5239 5034 5004 5131 5210 5393 5170 4884 5321 5225 5128 4658 4874 5209 5205 4788
5793 5321 5188 5335 5518 5130 4928 5587 5379 5768 5310 5401 5459 5506 5414 5651 4869 5708 5547 5003 5180 5270 5501 5293 5069 5354 5703 5091 5151 5370 5165 5538 5467 5069 5323 5540 5646 5407 5753 5412 5647 5272 5410 5373 5446 5320 5687 5444 5395 5683 5082 5527 5511 5636 5303 5441 5072 5288 5207 5315 5102 5282 5147 5288 5662 5494 5618 5011 5547 5554 5184 5758 4950 5376 5346 5714 5456 5353 5006 5695 5539 5343 5315 5369 5475 5260 5635 5561 5189 5724 5378 5486 5237 5157 5057 5811 5372 5450 5320 5541 5226 5195 5211 5503 5297 4952 5371 5906 5443 4947 5076 5303 5585 5152 5333 5008 5476 5321 5908 5992 5639 5299 5413 5451 5217 5252 5284 5334 5136 5686 5194 5275 5232 4941 5042 5474 5295 5182 4915 5297 5464 4967 5010 5284 5216 5272 5247 5748 5165 5151 5312 5526 5331 5384 5685 5378 5302 5189 5475 5049 5177 5857 5199 5336 5540 5681 5389 5473 5765 5294 5285 5430 5161 5105 5381 5163 5286 5589 5178 5249 5321 5292 5786 5530 5469 5204 5118 5790 5119 5256 5372 5257 5231 5508 5373 5487 5203 5231 5218 5181 5724 5887 5233 5211 5512 5501 4840 5334 5459 5460 5252 5363 5531 5458 5341 5105 5245 5585 5313 5161 5045 5116 5276 5302 5426 5570 5197 5783 5336 5345 4841 5493 5535 5647 5793 4844 5258 4887 5250 5173 5400 5104 4991 5137 5073 5729 5276 5298 5496 5469 5011 5239 5086 5171 5387 5220
5404 5057 4540 4830 5392 5112 4433 5134 4957 5483 5031 5081 5105 5374 5127 5329 4712 5168 5182 4749 5122 4884 5069 5010 4615 4667 5282 4941 4703 4897 4838 5080 5351 4633 5188 5193 5269 5016 5346 5252 5077 4621 5329 5127 5265 4892 5272 4935 5101 5077 4947 5011 4800 4846 4919 4873 4765 5144 5019 4863 4706 4586 4795 4899 5182 5098 5194 5136 5130 5432 4975 5308 4520 5003 5011 5288 5147 4834 4796 5330 5086 5269 5080 5248 5120 5030 4918 5494 4693 5366 5146 4986 4956 4979 4847 5309 4902 5114 4695 4928 4822 5099 4893 4791 5218 4557 5251 5352 4933 4565 4634 5076 5049 4849 5172 4928 5017 5005 5246 5012 5111 5226 4874 5193 4987 5163 4991 4835 5072 5257 4995 4781 4842 4322 4742 5066 5056 4819 4611 4869 5189 4711 4526 5140 4893 4741 5380 5221 5009 4848 5239 5087 4786 4737 5232 5084 4923 4918 5263 4852 5077 5491 4616 5058 4907 5385 4668 4898 5404 4928 5029 4804 4712 4604 5052 4817 4829 5364 5006 5184 4705 4778 5416 4986 4905 4881 4799 5474 4888 4789 4821 4816 4839 5112 5339 5131 4972 4824 4936 4794 5151 5532 5002 4824 5112 4989 4719 5130 4861 5376 4656 4709 5102 5333 5206 5150 4891 5178 4925 4670 4625 5288 4858 5097 4908 4971 4677 5218 4359 5209 4574 4990 5189 5210 5338 4623 5087 4763 5009 4659 5181 4987 4906 4885 4889 5087 5007 4874 4953 4875 4881 4707 4717 4984 4993 4541
5701 4937 4562 4969 5432 5192 4690 5132 5202 5618 5368 5002 5280 5232 5432 5290 4701 5202 5432 4907 4979 4818 5097 4906 4873 4808 5515 5164 4784 5164 4992 5145 5333 4995 5250 5390 5287 5000 5510 5175 5104 4966 5222 5173 5066 5223 5372 5067 5405 5311 5064 5096 4988 5319 5178 5412 4821 5059 5008 5000 4666 4823 5067 5071 5426 5129 5282 5129 5519 5041 4989 5370 4746 5139 5333 5495 5313 5094 4679 5453 5344 5379 5116 5263 5165 5139 5285 5510 4872 5372 5104 5128 4962 5115 4823 5359 5141 5151 4985 4976 5081 4983 5160 5115 4844 4845 5501 5390 5073 4392 4928 5386 5394 5038 5246 4799 5178 5196 5306 5442 5340 5018 4937 5274 5392 5298 5017 5260 5295 5179 5011 4801 4847 4821 4705 5111 4967 4825 4767 4942 5458 4751 4853 5209 5007 4899 5026 5102 4749 5252 5059 5101 5113 5143 5388 5170 4968 4823 5432 4985 5058 5475 5035 5203 5170 5186 4750 5361 5726 5240 5058 5124 5005 4947 5187 5155 4952 5425 4835 5276 5065 5001 5392 5258 5221 4937 5007 5338 4940 4849 5093 4842 4962 5165 5375 5170 4787 4983 4846 5071 5342 5691 5045 4913 5310 5441 4754 4915 5194 5494 5129 4886 5245 5049 5302 4869 4852 5317 5067 5120 4872 5302 5103 4833 4944 5250 5036 5283 4969 5282 4893 5120 5293 5738 5489 4749 5029 4906 4994 5037 4947 4899 4921 4621 4976 5447 5029 4783 5246 5150 4938 4741 4690 5099 5048 4614
5132 4946 4540 4767 5231 5077 4482 4971 4772 5476 4996 4776 4932 5023 5060 5276 4491 5246 5434 4560 4830 4894 5045 4807 4621 4731 4938 4622 4577 4731 4807 4967 5076 4697 5191 4986 5182 4862 5278 4863 5095 4891 4899 4879 5080 4996 4837 4799 4985 5116 4736 4880 4945 5047 4989 5020 4903 5083 4935 4912 4782 4472 4976 4883 5406 4863 4947 4831 5233 4867 5064 5140 4671 5037 5139 5208 4802 5202 4818 5176 5082 4963 4963 4986 5030 5101 5073 5065 4508 5333 4944 4889 4753 4830 4388 5338 4929 5180 4817 4873 4651 4963 4893 5185 4869 4457 5080 5191 4718 4514 4668 5039 5250 4694 4975 4748 4757 5078 5182 5224 4882 4938 4984 5295 4929 5113 4953 4737 4953 5217 4723 4800 4731 4732 4785 5036 4965 4636 4443 4666 5272 4553 4598 5024 4751 4859 4906 5401 4797 5188 4671 5089 4796 4908 5166 4851 4922 4902 5178 4626 4737 5309 4509 4864 5072 5084 4785 5193 5611 5125 4696 4559 4910 4883 4757 4790 4802 5329 4628 4904 4853 4802 5218 4861 4998 4748 4811 4815 4836 4722 4856 4640 4911 5093 5328 4996 4768 4789 5011 4693 5224 5481 4733 4833 5188 5068 4669 4884 4787 5333 4705 4688 5002 4696 5099 5096 4602 5233 5029 4462 4658 4830 4903 4949 4579 4933 4929 5452 4445 5071 4761 5069 4996 4953 5405 4647 4973 4756 4807 4931 4754 4884 4756 4885 4654 5066 4845 4829 5007 4701 4798 5034 4379 4937 4863 4517
5114 5513 4522 4760 5484 5073 4679 5099 4944 5460 5070 4890 5208 5123 4874 5353 4875 4983 5243 4957 4865 4717 4962 4968 4464 4852 5006 5011 4799 4736 4871 5179 5172 4597 5042 5240 5290 5094 5264 5234 5235 4772 5094 5027 5192 5257 5182 5161 5233 5319 4651 4871 4715 5113 5021 4980 4396 5057 4922 4801 4857 4852 5108 5024 5184 5157 5023 4911 5145 5291 4960 5183 4569 4873 4956 5257 5052 4891 4946 5537 5050 5383 5195 5125 4993 5069 5039 5236 4866 5164 4924 5039 4861 4812 4873 5425 4953 5090 5021 5140 4910 5070 5202 4932 4738 4502 5132 5092 5255 4385 4812 5076 5189 4706 5052 4807 5120 5050 5264 5420 5286 4735 4910 5125 4882 5149 4922 4803 5002 5115 4942 4847 5018 4885 4805 5259 5090 5249 4597 5036 5323 4647 4683 5208 4974 4831 5179 5590 4876 5150 5035 5094 4954 4747 5122 4729 4988 4957 5241 4820 4812 5394 4713 4986 5171 5534 4867 5022 5576 4789 4913 5040 4566 4959 4902 5057 4725 5449 4845 5113 5078 4907 5201 4967 5146 4867 4885 5091 4658 4721 4980 4594 4907 5282 5349 5100 4730 4991 4875 4756 5359 5505 4856 4636 5309 5062 4649 4952 5091 5352 4848 5053 5059 5113 5069 5018 4659 5427 4893 4833 4479 5290 4778 4749 4640 5094 5154 5407 4816 5312 4695 5008 5108 5019 5303 4655 5064 5003 5070 4863 5092 4608 4986 4901 4919 5205 4960 4779 4940 5113 4958 4778 4485 4774 4884 4809
5208 5183 4734 4739 5199 5158 4879 5309 5160 5601 5318 4914 5007 5341 4915 5109 4409 5313 5192 4576 4839 4893 5033 4928 4763 5060 5133 4910 4604 4831 4586 5293 5330 4856 5107 5283 5376 5300 5428 4915 4907 4786 4897 5012 5135 5063 5037 4976 5079 5069 4561 5040 4735 5088 4862 4944 4370 5207 4927 4558 4880 4797 5151 5262 5333 4935 5184 5169 5288 5117 4959 5562 4336 5121 4979 5041 5015 4955 4692 5141 5220 5265 5111 5074 4861 5275 5128 5510 4794 5556 5130 5034 4929 5042 4763 5572 4996 5051 4879 5291 5011 4965 5019 5188 4950 4581 5147 5359 5185 4319 4908 4884 5490 4971 5042 4898 4684 5116 5547 5354 5253 4946 5019 5031 4941 5099 5081 4943 4910 5074 4901 4477 4749 4626 4950 5233 5176 5186 4650 4649 5275 4899 4674 5109 5263 4966 5269 5432 5041 5064 4870 5223 4899 4896 5348 4922 4865 4750 5301 5111 4935 5314 4716 5070 5346 5410 4737 4878 5406 5216 4821 4824 4927 4984 5193 4982 4886 5510 4929 5223 5134 4636 5123 5095 5017 4886 4784 5366 4910 4862 5011 4925 4874 5191 5250 5224 4800 4808 4828 4873 5176 5585 4916 4785 5036 5006 4689 5122 5178 5293 5240 4666 4889 5111 5264 4934 5048 5227 4744 4721 4542 4879 4833 5003 4749 5249 5120 5152 5000 5061 4734 5145 5008 5048 5273 4618 5195 4667 4936 4991 5010 4743 4796 4639 4715 5198 5262 4746 5133 5040 4928 4671 4339 4875 4963 4618
5293 5205 4553 4832 4999 5121 4617 5185 5023 5556 5093 4952 5115 5250 5092 5167 4360 5245 5381 4711 4952 4811 4813 4962 4863 4750 5159 5114 4576 4885 4582 5109 5146 4708 4978 5223 5249 4914 5305 4992 5190 5009 5276 5087 5186 5206 5455 4693 5409 5075 4809 4904 4769 5012 5273 5085 4708 5090 4895 4843 4472 4811 5020 5077 5260 5027 5056 4724 5300 5175 5330 5035 4551 5174 5072 5245 5054 5105 4663 5093 4783 5255 5064 5217 4868 4867 5063 5492 4969 5362 4998 5025 5112 4995 4523 5636 5007 5133 4893 5285 4824 5255 4918 5085 5136 4797 5383 5253 5080 4479 4581 5014 5394 4689 4939 4768 4954 5044 5402 5303 5352 4660 4809 4981 5097 5071 4850 4821 4873 4992 4805 4881 4887 4292 4685 5170 5172 5010 4492 5029 5204 4694 4713 5041 4902 5063 5066 5368 4962 5035 4961 5064 4942 4693 5162 4987 4901 4712 5075 4903 4863 5318 4437 5103 5228 4901 4902 5212 5566 5188 4917 4844 4717 4543 4991 4900 4855 5539 4831 4911 4804 4779 4956 4946 5127 4862 4770 5301 5129 4909 5067 4742 4752 5429 5177 5139 4935 4700 5091 4818 5109 5102 4981 4919 5144 5066 4702 4946 5133 5343 5073 4787 4868 5194 5549 4690 4719 5191 5000 4996 4341 5107 4807 4567 5032 4751 4711 5192 4650 5115 4404 4994 5058 5105 5168 4781 5021 4638 4892 5014 4836 4755 4918 4399 5026 5445 5224 4843 5118 4882 4855 4583 4765 4934 4949 4709
5468 5147 4751 4871 5184 5264 4782 5277 5081 5531 5348 4909 5111 5370 5164 5472 4826 5387 5311 4805 4937 5067 5128 4908 4844 4896 5273 4933 4915 4778 4781 5258 5322 4664 5166 5389 5525 5074 5323 5089 5302 4775 5294 5108 5170 5330 5346 5023 5298 5347 4883 5103 4940 5118 5060 5348 4820 5201 5021 4707 4815 4705 4991 4837 5401 5392 5420 4847 5142 5145 5191 5475 4674 5105 5323 5377 5057 4961 4751 5563 5571 5226 5201 5115 5072 5074 4959 5344 4876 5369 5073 5243 5117 5183 5011 5266 5000 5051 4954 5104 5114 5016 5000 4989 5109 4776 5382 5333 5115 4404 5014 5342 5448 4988 5331 4822 4872 5104 5318 5378 5217 4935 5107 4967 5176 5051 5215 4905 5010 5231 5137 4922 4772 4712 4680 5224 5016 5094 5039 5010 5380 4930 4819 5280 5101 5089 5313 5503 5071 5173 5232 5086 4904 5036 5252 4830 5143 5079 5138 4752 5001 5378 4575 5268 5447 5590 4856 5160 5551 5360 5233 4919 4747 4984 5022 5012 5160 5430 4839 4995 5025 4997 5382 5149 5117 5001 5031 5370 4969 4832 5027 4964 5143 5156 5205 5182 4696 4864 5207 4782 5350 5548 4889 4789 5210 5021 4839 5033 5179 5569 4707 4960 5151 4923 5262 4877 4930 5268 4882 5183 4726 5255 5010 5030 5209 5188 4915 5520 4741 5470 4691 5189 5115 5166 5357 4716 5299 5074 5112 5046 4874 4908 5063 4747 5179 5416 5021 4860 5196 5058 4776 4798 4564 5053 5203 4643
5490 5153 4629 4972 5599 5057 4779 5041 5076 5574 5468 4551 5176 5320 5561 5238 4591 5162 5347 4961 4846 4921 4900 5065 4729 4782 5334 5074 4797 4936 4780 5291 5246 4879 5159 5248 5298 4934 5381 4965 5067 4989 4910 5216 5061 5076 5143 4942 5222 5107 4920 5248 4837 5011 5245 5158 4621 5057 5008 4643 4875 4858 4704 5130 5318 4984 5261 5041 5198 5134 4831 5169 4649 4973 5111 5276 5353 5033 4758 5259 5282 5185 5136 5156 4776 5253 4856 5158 4782 5348 5339 5299 4738 4966 4894 5420 5000 5041 5170 4855 4922 5195 4975 5089 4949 4620 4936 5257 5121 4441 4820 5048 5324 4728 5060 4997 4731 5000 5635 5315 5199 4904 5027 5212 5433 5377 5127 4873 5005 5152 5367 5103 4844 4689 4880 5155 5106 4903 4673 4983 5208 5041 4840 4909 4815 5292 5058 5393 4972 5571 5080 5051 4876 5036 5209 4972 5012 4917 5224 4874 5130 5411 4615 5291 5347 5587 4856 5099 5623 5269 5077 5168 5048 4742 5209 5094 5086 5405 4892 5117 5029 4934 5213 5345 5097 4824 5109 5396 5255 4879 5173 4831 4738 5168 5088 4956 4748 4939 4970 4837 5224 5377 4758 4782 4999 5112 4778 4936 5147 5398 4993 4783 5229 5118 5311 4980 4694 5198 4751 4972 4484 5338 4789 4851 4936 5055 4922 5518 4814 5196 4844 4895 5177 5213 5194 5036 5120 4752 5134 4964 5043 4873 4942 4809 5192 5379 4976 5028 5108 4807 5044 4714 4425 4947 5007 4784
5158 5068 4824 4860 5279 5016 4738 4998 4897 5628 5040 4725 5156 5069 5070 5228 4476 5267 5313 4737 4878 4870 5157 4917 4670 4715 5215 4857 4616 4752 4628 5195 5082 4907 5325 5152 5453 5216 5395 5030 5092 4737 4901 5044 5189 5105 5092 5049 5250 5439 4657 5018 4854 4929 5132 5132 4698 5246 4823 4849 4629 4867 5054 4820 5212 5021 5317 5055 5173 5240 4997 5466 4693 4891 5305 5022 4860 4834 4771 5428 5164 5249 5387 5212 4884 5306 5190 5356 4763 5237 4901 5196 4943 5075 4659 5245 5177 5138 5005 5368 4954 5183 5077 5240 4812 4670 5142 5439 5052 4489 4883 5059 5146 4819 5144 4661 4730 4986 5221 5263 5052 4821 5110 5127 4985 4935 5037 4749 4866 5286 5144 4676 4867 4746 4633 5405 5059 4852 4675 4827 5142 4695 4614 4946 4967 4907 4966 5260 4839 4953 4790 5054 4700 4868 5062 4762 4959 4906 4973 4980 4586 5251 4731 4731 5448 5230 4812 5106 5739 4972 5145 4677 4719 5143 4858 5001 4886 5377 4698 4862 5061 5070 5314 4861 4934 4756 4529 5001 4704 4887 4886 5079 4698 5303 5153 5242 4840 4912 5073 4643 5420 5427 4677 4639 5031 4951 4772 4905 5081 5398 4940 4753 4659 5191 4956 4943 4806 5242 4834 4759 4577 5202 4853 4934 4939 5335 4881 5362 4646 5031 4622 4768 5173 5061 5382 4622 5150 4822 4712 4915 5030 4955 4946 4902 4809 5192 5002 4915 4988 5074 4750 4737 4581 5130 4906 4821
5817 5327 4985 5204 5488 5301 5013 5521 5635 5925 5560 5148 5539 5557 5625 5829 4850 5461 5676 5160 5212 5130 5474 5235 5159 5272 5491 5234 5194 5158 5125 5484 5387 5010 5708 5661 5726 5440 5767 5505 5718 5180 5588 5471 5271 5548 5742 5235 5570 5515 5291 5485 5349 5581 5419 5710 5303 5408 5298 5224 5352 5071 5146 5191 5519 5379 5312 5543 5556 5485 5061 5681 4803 5498 5399 5553 5534 5414 5063 5480 5423 5582 5507 5111 5541 5184 5485 5561 5159 5668 5435 5369 5272 5237 5169 5796 5398 5388 5295 5456 5339 5502 5503 5481 5401 5011 5546 5736 5321 5020 5075 5457 5633 5075 5432 5108 5017 5437 5877 5886 5405 5315 5361 5429 5405 5331 5496 5217 5277 5538 5265 5157 5387 5005 4794 5750 5412 5417 5030 5131 5576 5179 5008 5331 5342 5176 5520 5921 5225 5482 5290 5424 5309 5123 5546 5334 5532 5232 5618 5024 5221 5705 4979 5551 5569 5515 5297 5527 6027 5486 5362 5173 4952 5114 5431 5300 5363 5676 5439 5276 5228 5348 5617 5318 5474 5349 5285 5467 5443 5246 5439 5138 5139 5455 5419 5579 5055 5277 5091 5226 5807 5682 5104 5181 5603 5280 5191 5285 5501 5819 5107 5164 5350 5321 5549 5263 4768 5493 5280 5326 5113 5281 5442 5309 5234 5495 5392 5562 5244 5471 5084 5408 5678 5466 5666 5169 5456 5155 5388 5141 5363 5229 5263 5067 5218 5697 5551 5124 5466 5224 5603 5176 5033 5364 5498 5108
5511 5396 4984 5093 5518 5122 4840 5603 5361 5847 5450 4967 5543 5354 5614 5439 4757 5502 5665 4926 5026 5113 5128 5366 5100 4970 5487 5239 4974 5246 5100 5242 5297 5317 5301 5615 5639 5136 5621 5457 5458 5040 5395 5288 5504 5542 5543 5191 5437 5501 5146 5174 5102 5468 5281 5578 4940 5318 5449 5163 4838 4805 5097 5275 5438 5373 5424 4996 5565 5205 5203 5740 4967 5296 5240 5779 5358 5250 4973 5622 5402 5212 5514 5530 5194 5216 5136 5433 5128 5804 5530 5195 5086 5184 4855 5829 5424 5471 5362 5444 5139 5524 5356 5380 5411 4875 5707 5678 5374 4752 4947 5522 5826 5226 5178 5204 5311 5640 5587 5868 5421 5230 5354 5528 5387 5140 5280 5288 4977 5260 5272 5018 5166 4921 5022 5193 5481 5334 4633 5051 5217 5106 4876 5225 5246 5320 5367 5573 5078 5375 5347 5288 5324 5234 5491 5144 5181 5051 5520 5393 4924 5818 4999 5317 5400 5494 5140 5372 5744 5222 5192 5141 4940 5211 5208 5235 5214 5798 4973 5282 5232 5154 5510 5442 5144 5024 5184 5426 5330 5001 5380 5003 5101 5643 5671 5569 4886 5120 5375 5240 5418 6043 5292 4936 5338 5556 4996 5275 5424 5664 5387 5236 4997 5362 5548 5310 4985 5391 5116 5166 4977 5292 5327 5041 5111 5627 5241 5560 5122 5723 4671 5275 5604 5744 5396 5095 5346 4968 5020 5291 5151 5191 5336 4837 5121 5607 5480 5179 5134 5260 5048 5087 5131 5435 5366 4855
5699 5534 4827 5217 5681 5638 4891 5337 5502 5950 5374 5306 5445 5454 5402 5562 5127 5590 5632 4734 5167 5008 5263 5068 5056 5267 5111 5342 5009 5225 5048 5405 5501 4807 5655 5418 5732 5395 5482 5460 5540 5264 5393 5420 5252 5750 5626 5414 5439 5502 5015 5385 5304 5357 5573 5280 5116 5360 5139 5090 5205 5111 5204 5362 5665 5577 5465 4963 5476 5421 5359 5580 4829 5458 5447 5550 5401 5383 5137 5356 5351 5292 5609 5387 5550 5394 5603 5616 5264 5475 5333 5484 5092 5157 5000 5594 5308 5348 5159 5263 5298 5273 5285 5315 4892 4931 5638 5572 5263 5002 5115 5315 5627 5017 5382 5181 5198 5521 5535 5575 5650 5206 5369 5406 5531 5689 5293 5108 5103 5294 5208 5165 5198 4950 4782 5666 5322 5336 5025 5276 5753 5074 5027 5194 5370 5314 5422 5943 5006 5334 5318 5301 5370 5040 5583 5172 5182 5255 5521 5208 5118 5552 4994 5300 5559 5710 5198 5686 5914 5566 5279 5192 5009 5004 5261 5116 5333 5560 5215 5480 5325 5210 5400 5402 5372 5294 5333 5535 5045 5137 5147 4921 5277 5299 5449 5408 4949 5195 5214 5055 5407 5580 5131 5028 5585 5386 4923 5551 5391 5767 5247 5088 5459 5244 5622 5387 5019 5475 5561 5016 5116 5594 5219 5351 5150 5521 5240 5933 5072 5610 5057 5195 5670 5589 5492 5014 5170 5278 5341 5357 5397 5103 5478 5100 5341 5406 5191 5170 5296 5526 5257 5030 4706 5200 5255 5037
5601 5194 4973 4825 5302 5078 4773 5335 5373 5748 5140 5272 5327 5284 5214 5602 4931 5379 5226 4899 5238 5008 5091 5090 4973 5177 5431 5200 4982 5166 4954 5234 5404 4952 5464 5179 5474 5381 5583 5492 5189 4839 5221 5363 5369 5738 5235 5303 5145 5167 5081 5050 5116 5468 5283 5373 4832 5105 5297 5172 4759 4726 5254 5309 5424 5076 5296 5211 5546 5341 5134 5605 4809 5423 5473 5217 5075 5273 4998 5452 5274 5429 5367 5377 5224 5203 5279 5713 5118 5586 5146 5188 4932 5108 4843 5487 5248 5204 5351 5403 4946 5239 5251 5181 5073 4769 5432 5504 5294 4762 4980 5458 5426 5161 5278 4686 5060 5477 5287 5569 5269 5246 5330 5309 5446 5262 5226 4978 5217 5462 5087 4957 5067 4903 4977 5550 5129 5149 4514 5144 5504 5116 4836 5341 5263 5203 5161 5703 4972 5106 5123 5211 5227 4828 5409 5073 5390 4945 5282 4986 5261 5481 4780 5053 5454 5479 5181 5331 5677 5082 5187 5096 4838 5240 5238 4952 4987 5683 5175 5310 5314 4940 5306 4982 5392 5077 4962 5392 4890 4934 5010 4939 4990 5131 5624 5317 4892 5200 5003 5095 5355 5901 4981 4945 5477 5110 4824 5380 5165 5419 5020 5127 5019 5248 5369 5339 4801 5429 5233 5007 4811 5352 5319 4854 5040 5213 4982 5554 5036 5540 4698 5343 5153 5412 5506 4816 5158 4980 5004 5098 5185 5075 4935 4999 4964 5331 5335 5251 5218 5314 4971 4975 5009 5265 5244 4810
5518 5389 4743 5160 5317 5177 5028 5435 5123 5769 5019 5214 5401 5514 5192 5739 4658 5254 5463 4970 4921 4975 5077 5022 4819 5032 5459 4907 4896 5282 4768 5293 5262 4929 5167 5412 5580 5099 5522 5209 5453 5114 4958 4890 5345 5437 5259 5162 5483 5499 4841 5207 5080 4990 5316 5492 4752 5251 5199 5259 4899 5277 5232 5354 5419 5181 5210 5197 5546 5317 5246 5514 4756 4829 5187 5376 4783 5099 5048 5285 5354 5418 5164 5211 5228 5386 5278 5596 4945 5379 5266 5182 5200 5036 4615 5639 5056 5337 5102 5450 4854 5272 5159 5431 4802 4642 5434 5382 5134 4617 5064 5156 5339 4939 5118 4831 4995 5282 5521 5538 5457 5124 5026 5543 5322 5302 5181 4888 4807 5516 5216 4839 5208 4876 5042 5360 5339 5009 4667 4972 5401 4948 4990 5252 5327 4999 5387 5588 4952 5190 5261 5272 5139 5010 5408 5087 5047 4932 5175 5183 4843 5539 4675 5148 5376 5352 5016 5272 5519 5265 5298 4979 4844 5053 5330 5029 5203 5538 4960 5167 5097 4847 5414 5118 5110 5155 4910 5575 5122 4914 5325 5088 4996 5490 5630 5541 5018 5179 5166 5020 5254 5688 4969 4976 5668 5216 4940 5151 5265 5785 5124 5062 5347 5379 5133 5126 4994 5202 4977 4867 4757 5117 5149 4937 5005 5088 5123 5435 4858 5219 4868 5255 5452 5496 5544 4685 5057 5011 5246 5111 5003 5087 4906 4881 5098 5546 5231 5053 5229 5102 5351 4801 4702 4983 5271 4849
5676 5237 4715 5014 5338 5254 4622 5191 5456 5635 5291 5114 5146 5346 5291 5503 4684 5121 5487 4579 4985 5087 5365 5023 4511 5097 5441 5239 4912 4846 4874 5521 5464 4956 5467 5523 5635 5372 5267 5275 5188 4795 5205 5322 5239 5317 5326 5441 5410 5373 4864 5261 5137 5266 5311 5211 4836 4836 5017 4738 4501 5190 5043 4852 5528 5153 5165 5031 5374 5319 4811 5597 4818 5486 5152 5337 5108 4992 4687 5543 5589 5414 5250 5302 5203 5066 5287 5600 5143 5501 5302 5210 4951 5141 5015 5358 5372 5159 5083 5305 4921 5207 5120 5196 5126 4717 5196 5650 5248 4656 5031 5076 5778 4866 5245 5122 5054 5269 5787 5569 5513 5167 5337 5256 5425 5209 5308 5114 4982 5449 5498 4716 5108 4905 5067 5217 5264 5130 4752 5105 5469 4928 4981 5344 5235 5410 5104 5343 5119 5468 5083 5292 5095 4986 5294 5271 5371 4966 5309 5114 4954 5453 4861 5020 5543 5616 5161 5354 5659 5231 5193 5035 5009 5144 5303 4902 4893 5503 5067 5266 4978 5235 5486 5171 5196 5188 5109 5590 5058 4910 5178 5019 5143 5142 5596 5478 4999 5170 5234 5068 5470 5703 4827 4825 5426 5004 4902 5108 5305 5412 5047 5151 5050 5265 5441 5237 4901 5423 5061 5146 4629 5195 5213 5208 4790 5384 5135 5483 4834 5559 5069 5302 5138 5556 5768 4834 5531 4680 4850 5020 5219 5229 4755 5198 5005 5396 5380 5204 5301 5109 5187 5174 4581 5180 5094 4914
5532 5417 4659 4866 5334 5167 5077 5175 5336 5790 5292 5194 5233 5467 5356 5515 4851 5266 5338 4895 4950 5142 5182 5268 4949 5011 5351 5271 4795 5185 5141 5444 5461 5056 5663 5221 5596 5481 5485 5194 5530 4846 5286 5136 5456 5505 5353 5284 5547 5446 5029 4956 5049 5121 5201 5274 4901 4925 4875 4956 4890 4928 4866 5293 4929 5145 5514 5124 5424 5344 5299 5559 4638 5265 5118 5483 5277 4855 5043 5574 5509 5361 5214 5372 5265 5222 5507 5504 4992 5334 5280 5633 5189 5280 4830 5448 5033 5285 5170 5332 5123 5399 5312 5161 5159 4885 5345 5636 5030 4659 5026 5255 5677 5167 5205 5162 5211 5544 5387 5555 5391 5431 5210 5447 5311 5379 5093 4928 5178 5452 5191 4923 5080 4871 5189 5380 5089 5229 4799 4991 5475 5187 4966 5323 5482 5217 5220 5394 5013 5217 5382 5391 5187 5273 5249 5055 4966 4941 5443 4896 4848 5615 4734 5196 5410 5554 5138 5284 5723 5197 5293 5194 5263 4841 5321 5045 5014 5527 5203 5467 4941 5066 5411 5110 5170 5117 5085 5530 5281 5214 5111 4882 5049 5221 5778 5423 5000 5176 5116 5038 5494 5705 4910 4922 5339 5108 5232 5256 5215 5680 5077 5226 5227 5206 5529 5355 4853 5023 5373 5020 4712 5435 5103 5084 5252 5298 5207 5570 4815 5629 4790 5256 5400 5494 5563 4817 5269 5063 5193 4941 5325 4935 5089 5032 5128 5535 5048 5100 5325 5249 5318 5002 4824 5290 5120 5210
5712 5653 4821 5265 5586 5435 5142 5259 5273 6003 5299 5296 5113 5568 5686 5473 4750 5482 5348 5009 5111 5236 5428 4926 5103 5152 5519 5235 4897 5208 4836 5549 5751 5092 5656 5731 5658 5327 5767 5489 5420 5124 5275 5250 5571 5219 5536 5609 5608 5569 5034 5239 5179 5332 5514 5504 4999 5223 5269 5228 5069 5094 5318 5382 5451 5461 5641 5210 5416 5406 5218 5593 4912 5393 5159 5608 5297 5141 4953 5855 5697 5447 5663 5404 5370 5544 5608 5826 5268 5637 5402 5357 5459 5324 4948 5519 5341 5598 5291 5611 5300 5421 5364 5524 4969 4825 5342 5656 5337 5022 5117 5374 5549 5046 5394 5323 5182 5156 5702 5873 5629 5089 5218 5503 5580 5450 5399 5276 5300 5638 5420 5036 4900 5068 5029 5350 5376 5094 4940 5069 5646 5121 5016 5578 5470 5189 5490 5451 5137 5289 5154 5186 5078 5151 5570 5279 5203 4987 5352 5289 5116 5539 5064 5338 5565 5691 5090 5733 6050 5365 5334 5256 5173 5466 5449 5217 5335 5845 5280 5424 5426 5112 5530 5550 5366 5251 5386 5500 5102 5300 5422 5235 5563 5637 5747 5628 5008 5207 5304 5091 5558 5676 4965 5006 5504 5159 5014 5322 5450 5610 5254 5289 5550 5333 5214 5182 5181 5417 5198 5238 4911 5395 5227 5392 5143 5407 5088 5761 5264 5342 4919 5305 5472 5539 5399 5055 5270 5036 5316 5295 5272 5332 5166 5076 5163 5574 5421 5213 5156 5405 5273 4968 4899 5154 5528 5210
5472 5506 4955 5007 5559 5275 4780 5203 5627 5657 5198 4828 5398 5465 5167 5334 4716 5501 5382 5044 5107 5172 5332 4930 4657 4924 5303 5158 4908 5028 4861 5330 5458 4983 5472 5292 5614 5090 5683 5228 5271 5035 5344 5431 5393 5241 5252 5215 5503 5440 5228 5123 5225 5347 5268 5276 4687 5096 5233 5033 4891 4770 5030 5175 5520 5417 5375 5070 5412 5379 4929 5784 4788 5280 5312 5533 5565 4918 4967 5576 5590 5695 5489 5318 5069 5171 5208 5507 4972 5562 5331 5426 5230 5091 5047 5771 5234 5413 5259 5241 5135 5256 4865 5190 5190 4774 5213 5588 5387 4629 4874 5419 5509 5105 5187 5056 4919 5362 5425 5760 5339 5052 5341 5177 5461 5311 5313 4967 5271 5076 5063 5124 5083 4678 4911 5370 5499 5169 4777 4883 5499 5030 4602 5279 5169 5310 5301 5470 5184 5343 5272 5385 4904 5095 5331 5062 5304 4927 5382 4983 5322 5656 4692 5121 5340 5643 5034 5119 5826 5191 5179 5029 4692 5070 5148 5027 5200 5767 5157 5343 5102 5033 5483 5354 5172 5096 5049 5654 4985 5033 5098 5044 5141 5580 5593 5642 4888 5399 5167 5217 5400 5558 4848 4905 5353 5247 4897 4989 5607 5675 5320 5199 5250 5158 5358 5078 5156 5662 5065 4785 4882 5352 4964 5117 5142 5287 5000 5379 4987 5262 5096 5224 5381 5493 5522 4851 5286 4796 4978 5070 5149 4907 4979 5252 5033 5439 5245 5062 5332 5005 5349 4935 5040 5334 5205 5032
6012 5628 4855 4950 5598 5421 4991 5474 5684 5927 5496 4969 5486 5286 5073 5587 5101 5265 5639 4887 5305 5250 5482 5130 4905 5158 5497 5286 4685 5256 5011 5264 5453 5124 5751 5536 5492 5340 5573 5391 5373 5004 5502 5186 5493 5505 5777 5054 5516 5336 5274 5282 5094 5242 5277 5644 4903 5324 5359 5190 4735 4896 4945 5499 5625 5430 5508 5437 5537 5351 5472 5298 4797 5363 5590 5478 5416 5298 5063 5741 5368 5471 5372 5501 5405 5194 5211 5678 5305 5559 5124 5480 5245 5250 4977 5855 5480 5429 5146 5363 5235 5323 5325 5271 5286 4864 5375 5589 5215 4832 4967 5220 5562 4990 5267 4955 5323 5157 5185 5774 5230 5196 5397 5540 5427 5399 5312 5185 5522 5460 5122 4977 4833 4838 4974 5627 5515 5335 5007 5167 5790 5200 4819 5484 5114 5332 5401 5800 5167 5175 5342 5460 5080 5269 5493 5125 5162 5024 5548 5022 5393 5500 4729 5345 5293 5689 5231 5436 5613 5397 4896 5194 5021 5064 5429 5173 5296 5773 5145 5296 5286 4937 5612 5253 5213 5269 5110 5309 5138 5292 5114 5176 5188 5463 5530 5395 5183 5192 5163 4998 5640 5509 5221 4886 5395 5192 5011 5552 5338 5662 5051 4969 5247 5337 5514 5073 5208 5629 5250 5061 4862 5511 5205 5290 5237 5280 5391 5519 4954 5269 4846 5444 5155 5353 5653 4919 5457 5181 5072 5356 5578 5053 5225 5205 4915 5690 5290 5082 5226 4976 5116 5029 4646 5441 5160 5194
5493 5624 4928 5161 5286 5567 4869 5343 5209 5886 5067 5196 5176 5129 5274 5613 4713 5345 5182 4592 5160 5029 5324 4856 5251 5090 5243 5231 4684 5182 4984 5649 5433 5014 5460 5546 5698 5433 5498 5073 5428 4772 5212 5300 5402 5399 5212 4975 5285 5324 5114 5106 4763 5193 5603 5234 5019 5079 5131 4868 4838 5128 5268 5437 5435 5316 5408 5207 5367 5482 5203 5632 4668 5147 5403 5361 5440 5217 5081 5286 5496 5198 5224 5390 5279 5155 5521 5610 4704 5175 4831 5493 5421 5131 5082 5482 5328 5147 5206 5323 5274 5171 5107 5277 4974 4657 5380 5518 5394 4831 4873 5237 5212 5044 5299 5210 4716 5194 5246 5302 5458 5216 5251 5549 5427 5177 5158 4968 5342 5481 5229 4978 4816 4693 4878 5183 5173 5197 4707 5002 5711 5135 5003 5230 5299 5298 5078 5467 5070 5182 5181 5251 4782 4979 5502 5237 5138 4960 5395 5103 4934 5414 4734 5069 5435 5611 5144 5489 5834 5187 5273 4916 4952 5141 5129 5066 4958 5507 4980 5360 5321 4994 5512 5080 5165 5031 4963 5456 5103 4978 5249 4984 5171 5671 5635 5521 5125 5133 4878 4892 5335 5591 4873 5120 5289 5140 4904 5351 5381 5590 4950 5053 5183 5279 5444 4984 4876 5339 5329 5170 4852 5623 5246 5075 5193 5319 5242 5535 4958 5401 4978 5077 5419 5420 5601 4889 5242 4929 5029 5232 5371 5050 5060 5256 5197 5278 5403 5066 5444 5054 5003 4881 4727 5268 4982 4878
5246 5062 4461 4948 5178 4856 4745 5201 5066 5587 5034 4768 5061 5043 4805 5217 4391 5287 4797 4422 4718 4683 5104 4811 4576 4770 5008 4925 4407 4818 4773 4683 5235 4643 5061 5103 5351 5049 5161 5214 5137 4634 4945 5172 5074 5209 5151 4812 5012 5157 4755 4903 4416 5112 4843 5113 4543 4893 4913 4741 4881 4765 4967 4820 5275 4854 5044 4963 5333 5160 5046 5189 4473 4844 4876 5041 4977 4895 4705 4987 5258 5207 4990 4968 4860 5058 4925 5237 4841 5251 5015 4920 4868 5116 4660 5292 4893 4870 4705 5165 4934 4979 5223 5065 5068 4532 4995 4842 4920 4451 4909 5016 5034 4796 5001 4677 4700 4977 5252 4950 4985 5054 4694 5124 4945 5088 4814 4867 4922 5199 5057 4357 4802 4555 4721 5417 4873 4998 4587 4854 5148 4802 4566 5153 5184 4876 5087 5431 4858 4987 4648 5037 4912 4882 5139 4694 4930 4680 5206 4886 4693 4995 4673 4980 5146 5252 4867 4998 5388 4868 5049 4556 5039 4774 4946 4864 4808 5320 4831 5032 5003 4560 5336 5067 4881 5060 4797 5451 4988 4780 4927 4961 4839 5222 5455 5250 4725 4610 4881 4631 5194 5319 4853 4657 5054 5081 4643 4847 5136 5382 4840 4902 4785 4927 4962 4847 4629 5231 4980 4715 4589 5105 5052 4797 4665 5264 4762 5113 4458 5150 4435 4906 4783 5252 5163 4333 5216 4955 5001 4878 5059 4815 4979 4655 5046 5267 4887 4951 5099 5248 4774 4607 4581 4826 4823 4708
5379 5166 4589 4999 5255 5171 4765 5088 5431 5669 5330 4894 5131 5289 5030 5364 4515 5287 5190 4767 4824 5090 5020 4749 4920 5171 5498 5115 4900 4678 4727 5410 5073 4687 5148 5211 5388 5258 5175 5334 5101 5126 5115 5204 5118 5443 5245 5029 4908 5372 4944 5168 4850 5110 5345 5316 4729 5275 5106 4878 4828 4941 4784 5174 5273 5036 5351 5149 5295 5290 4970 5468 4571 5141 5149 5299 5155 5275 4674 5483 5386 5177 5225 4916 4962 5144 5077 5262 4939 5507 4963 5273 5130 5102 4852 5399 5032 5130 4999 5038 5006 5011 5168 4934 4910 4933 5063 5305 5118 4587 4941 4907 5385 4943 4947 4781 5156 5116 5418 5340 5017 4857 4835 5173 5209 4897 5063 5153 4852 5314 5233 4904 4826 4661 4758 5349 4972 4967 4604 4996 5254 4960 4774 5207 5066 4973 5194 5701 4826 5008 5135 5263 5058 4873 5156 5161 5050 5026 5181 5007 5008 5538 4651 4955 5474 5635 5074 5293 5538 5156 4955 4849 4716 4967 5226 4995 4946 5438 4873 5007 5021 5010 5127 5179 5085 4861 4941 5135 4900 4936 5039 4880 5015 5112 5245 5199 4591 4965 4916 4962 5429 5437 5099 4992 5241 5175 4564 5076 5339 5526 5026 4871 5077 5119 5271 4913 4969 5383 4819 4766 4726 5463 4769 4853 4776 5260 5112 5402 4888 5171 4732 5218 5235 5262 5501 4747 5118 4784 4908 4896 5089 4689 4957 4820 5160 5237 5182 4632 4989 5257 4979 4732 4573 5058 5002 4845
5644 5467 5025 5042 5393 5222 4900 5276 5219 5615 5492 5067 5388 5349 5391 5319 4724 5281 5468 4975 5038 4969 5236 5231 4926 5044 5357 5356 4878 5044 5046 5302 5682 4869 5400 5322 5478 5143 5502 5453 5224 5009 5371 5248 5281 5492 5320 5261 5441 5427 4880 5109 4836 5286 5596 5348 4897 5307 5297 5139 4841 4896 5199 5241 5591 5377 5302 5022 5618 5430 5175 5465 4751 5399 5343 5389 5349 5114 4882 5663 5548 5402 5400 5204 5479 5394 5297 5583 5121 5467 5179 5211 5305 5273 5005 5535 5267 5358 5327 5602 5065 5112 5198 5354 5181 4871 5379 5459 5203 4788 4871 5441 5755 5074 5307 5132 5204 5400 5593 5562 5518 4977 5348 5312 5722 5260 5468 5096 5124 5370 5317 5104 5181 4958 4807 5501 5187 5201 4850 5234 5798 5090 5067 5336 5177 5244 5579 5640 5006 5135 5098 5349 5264 5352 5421 5024 5027 4953 5511 5096 5127 5770 4981 5380 5593 5921 5108 5198 5647 5350 5242 5324 5209 5200 5355 5214 4913 5638 4666 5345 5231 4857 5556 5220 5343 5112 5131 5494 5116 5156 5210 5114 5143 5179 5576 5507 4777 5452 4771 4832 5171 5613 5305 5256 5284 5292 4926 4941 5291 5567 4979 4995 5256 5130 5498 5067 5177 5293 5276 5099 4805 5408 5055 5040 5266 5183 5235 5381 5234 5780 4955 5346 5432 5456 5446 4881 5359 5005 5069 5282 4976 5226 4789 5071 4929 5676 5514 4907 5329 5171 5155 4825 4820 4918 5318 4924
5751 5565 5259 5013 5651 5398 5083 5500 5541 5977 5660 5457 5589 5646 5353 5783 4953 5453 5746 4823 5542 4997 5565 5408 5055 5184 5659 5333 5125 5103 5236 5357 5516 5115 5646 5658 5866 5699 5842 5651 5483 4969 5637 5256 5540 5710 5733 5408 5564 5798 5259 5470 5228 5633 5395 5729 5074 5585 5332 5618 5024 4988 5492 5409 5631 5258 5837 5436 5773 5646 5654 5577 4778 5646 5383 5942 5461 5330 5265 5749 5590 5674 5547 5608 5412 5420 5240 5744 5132 5737 5189 5722 5222 5402 5100 5687 5408 5555 5391 5302 5444 5333 5355 5503 5539 5025 5894 6045 5551 4933 5199 5596 5562 5203 5370 5436 5279 5469 5668 5876 5450 5398 5354 5453 5515 5291 5434 5150 5467 5575 5600 5266 5324 5273 5109 5559 5516 5491 4865 5216 5715 5034 5178 5447 5415 5423 5482 5910 5167 5377 5541 5650 5206 5096 5654 5438 5387 5059 5592 5162 5167 5887 4929 5307 5686 5913 5297 5395 6076 5718 5493 5394 4949 5281 5562 5314 5276 5738 5358 5350 5293 5125 5615 5204 5368 5291 5308 5503 5355 5444 5344 5247 5480 5531 5342 5535 5205 5286 5279 4997 5559 5821 5409 5086 5523 5366 5062 5268 5439 5767 5123 5017 5564 5406 5444 5253 5020 5382 5271 5157 4812 5603 5294 5359 5206 5630 5215 5695 5199 5860 4838 5409 5407 5608 5769 4845 5357 5139 5471 5369 5507 5081 5487 4998 5142 5769 5278 5332 5310 5429 5187 5103 4876 5444 5602 5181
5572 5525 4754 5144 5309 5526 4763 5235 5164 5893 5299 5103 5213 5316 5147 5621 4649 5226 5469 4935 4927 4633 5377 4885 4838 4995 5223 4989 5203 4883 4931 5174 5342 4753 5385 5294 5724 5115 5258 5146 5609 4998 5191 5280 5491 5527 5267 5059 5468 5539 5094 5208 5224 5203 5128 5420 4931 5355 4905 5220 4959 4959 5280 5249 5545 5044 5517 5001 5260 5309 5345 5506 4756 5178 5261 5628 5036 5013 5066 5485 5147 5167 5079 5215 5114 5250 5409 5526 4804 5359 5277 5401 5203 5281 4782 5642 4993 5680 5252 5239 4956 5262 5173 5415 5361 4579 5291 5697 4955 4900 4811 5140 5402 4804 5304 4920 4931 5178 5470 5577 5335 5040 5163 5345 5143 5247 5085 5001 4959 5237 5428 5032 4739 4866 5144 5522 5170 5005 4752 4987 5276 4878 4805 5249 5101 5100 5266 5613 5216 5251 5190 5271 5084 5041 5576 5286 4952 5111 5141 5088 4860 5504 4675 5381 5514 5536 5175 5350 5785 5163 5149 5040 4958 5029 5188 4925 5192 5578 5149 5058 5133 5101 5224 5091 5264 5151 4985 5361 5041 5112 5097 4967 5118 5503 5347 5288 4881 4947 5028 4694 5314 5502 4926 4839 5358 5327 4809 5114 5100 5428 5184 4962 5286 5086 5172 5170 4694 5389 5081 5135 4777 5118 5046 4977 4744 5213 4922 5715 4871 5510 4699 5344 5321 5336 5598 5120 5240 4938 5108 5285 4860 4981 5302 4861 5094 5428 5157 5011 5104 5053 5133 4830 4722 4813 5261 5287
5365 5610 5277 5215 5632 5631 4931 5249 5572 6001 5513 5542 5360 5482 5458 5928 5081 5735 5891 5126 5637 5306 5477 5022 5183 5579 5472 5514 5182 5275 5203 5667 5619 5221 5689 5792 5927 5430 5832 5475 5733 5268 5528 5497 5438 5672 5748 5424 5420 5824 5530 5412 5409 5578 5641 5575 5039 5340 5478 5299 5062 5265 5535 5720 5856 5432 5560 5147 5637 5664 5466 5831 5003 5360 5603 5670 5620 5407 5098 5812 5590 5588 5341 5495 5637 5332 5618 5611 5373 5726 5530 5414 5378 5365 4949 5843 5436 5598 5374 5460 5524 5237 5612 5494 5336 5093 5536 5861 5276 5056 5207 5454 5778 5186 5424 5507 5149 5585 5739 5720 5488 5484 5196 5530 5484 5534 5165 5171 5491 5523 5335 5116 5171 4963 5230 5615 5600 5327 5307 5312 5789 5309 5425 5354 5660 5384 5516 5995 5227 5677 5617 5558 5270 5490 5755 5383 5390 5368 5784 5234 5371 5787 4929 5426 5636 5948 5199 5764 5922 5647 5311 5227 5181 5291 5347 5458 5356 5850 5219 5317 5528 5180 5554 5447 5347 5392 5396 5745 5418 5377 5224 5170 5408 5506 5932 5705 5214 5224 5188 5355 5872 5918 5466 5159 5734 5538 5261 5394 5317 5922 5478 5296 5708 5328 5793 5534 5200 5523 5259 5327 5036 5703 5671 5388 5384 5581 5362 5685 5287 5594 5019 5636 5447 5785 5808 5172 5471 5416 5204 5265 5501 5302 5440 5237 5396 5876 5580 5198 5605 5505 5417 5140 5060 5364 5214 5039
5409 5160 4639 4772 5114 5175 4485 4932 4870 5407 4962 5176 4891 5045 5039 5488 4618 5142 5302 4926 4841 4564 5104 5058 4618 4759 5089 5112 4735 5069 4894 5188 5163 4617 5045 5252 5299 5091 5396 5049 5102 4729 5230 5143 5319 5281 5223 5052 4998 5141 5124 5080 4929 5055 5254 5155 4798 4746 4919 4804 4884 4802 5100 4853 5205 5038 5242 4817 5265 5345 4879 5271 4580 4971 5129 5316 5102 4699 4740 5384 5294 5146 4907 4931 4916 5295 5242 5434 4905 5165 5168 5153 4938 4932 4781 5049 5189 4839 4936 5292 5177 5108 4932 5096 4954 4575 5120 5599 5064 4431 4522 5342 5103 4832 5205 4847 5013 5109 5393 5338 5133 5311 5093 5072 5120 5279 5132 5043 5111 4977 5021 4936 4778 4839 4717 5332 5088 5082 4555 5243 5070 4683 4764 5069 4967 4864 5258 5523 5107 5347 4954 5260 4918 5312 5320 4909 4918 4903 5209 4860 4884 5493 4651 5246 5331 5400 4762 5135 5363 4878 5333 4922 5042 4997 4872 4924 5043 5435 4848 5148 4889 5011 5378 5098 5250 5022 4596 5368 4738 4760 4958 4698 5245 5351 5277 5181 4809 4933 5011 4968 5463 5224 4865 4794 5487 5105 4702 4815 5400 5380 4593 4992 5292 4912 5132 5034 4779 5443 5191 4810 4479 4905 5104 5075 4919 5334 4741 5440 4561 5295 4951 4961 5180 5155 5260 4681 5129 4749 4935 5113 5008 4928 4875 4773 4996 5349 5420 4980 5175 5109 4787 4633 4708 4867 5170 4855
5333 5537 4698 4915 5424 5263 4788 5170 5282 5760 5406 4906 5044 5579 5412 5694 4732 5379 5331 4935 5096 5014 5116 5080 4961 5151 5255 5129 4963 5081 4807 5384 5405 4836 5349 5485 5434 4841 5673 5514 5288 5005 5301 5298 5535 5407 5264 5217 5262 5251 5076 5245 5184 5267 5217 5291 4846 5211 5233 5080 4782 4932 4765 5064 5409 5210 5492 4946 5273 5435 5072 5476 4788 4973 5077 5332 5402 5205 5093 5531 5176 5288 5203 5269 4893 5054 5431 5513 5004 5535 5282 5268 5123 5195 4739 5756 5116 5320 5150 5040 5095 5403 5278 5374 5109 4960 5144 5523 4976 4691 4989 5308 5404 4615 5178 5062 5266 5416 5644 5436 5289 4876 4989 5440 5421 5210 5163 5284 5082 5316 5166 5099 5045 4599 5050 5062 5466 5239 4579 5093 5339 5174 4932 5109 5265 4998 5194 5485 5033 5493 5271 5197 5128 5043 5364 5222 5181 5062 5287 5058 4883 5747 4776 5419 5330 5366 5212 5528 5777 5030 5245 5125 5190 5169 5346 4949 4826 5574 5072 5215 5288 5331 5344 5394 5391 4979 5042 5183 5206 5073 5428 5043 5123 5358 5567 5359 4880 5075 5377 5086 5500 5560 4939 4955 5390 5128 5026 4951 5272 5613 5219 5032 5031 5247 5499 5195 4954 5326 5040 5092 4612 5258 5429 5215 4865 5093 5038 5637 4831 5226 4738 5174 5401 5438 5627 4628 5124 4832 4952 5314 5213 5035 4937 4891 4999 5316 5262 5080 5003 5230 5027 5078 4807 4995 5243 5230
5394 5602 4823 4993 5353 5182 4937 4922 5182 5779 5252 4865 5313 5207 5032 5440 4693 5193 5340 4676 5128 4925 5207 4915 4870 5062 5228 5147 4762 4894 4862 5339 5297 4888 5261 5512 5366 5074 5247 5031 5326 4572 5146 5151 5361 5274 5167 4861 5259 5140 4898 5019 5001 4958 5201 5307 4501 5050 5057 5079 4712 4595 4883 5367 5380 5102 5259 5112 5324 5293 5081 5287 4356 5169 5338 5103 5024 5185 4677 5432 5020 5244 5226 5208 5079 4892 4996 5658 5070 4994 4903 5342 5274 5071 4740 5554 5254 5247 5025 5195 5076 5059 5051 5197 4819 4685 5207 5242 5071 4561 4883 5043 5146 4773 5169 5103 4702 5252 5188 5303 4948 5021 4896 5270 5479 5373 5170 4894 5098 5291 5069 4680 4887 4845 4970 5270 5205 5204 4711 5173 5645 4938 4547 5387 5045 5292 5034 5340 4651 5308 4958 5108 4964 4890 5012 4944 5046 4811 5171 4938 4904 5403 4578 5380 5111 5473 5029 5140 5545 5043 4976 5194 4900 5060 5390 4924 5155 5377 4828 5163 5081 4681 5300 5088 4928 5127 4887 5303 5029 5135 4944 4972 5272 5464 5637 5143 4995 5085 4838 4673 5263 5345 4907 4760 5093 5124 4864 5114 5058 5450 5027 5045 5188 5077 5404 4934 4759 5373 4890 4811 4453 5306 5067 5074 5141 4963 4679 5422 4739 5339 4764 5128 4979 4982 5392 4811 5359 4900 5263 5130 5280 4954 4931 4874 4725 5327 5138 5121 5048 4830 4668 4729 4613 4995 5118 5166
5681 5761 5010 5286 5711 5710 5160 5643 5915 6147 5812 5366 5329 5600 5196 5865 5004 5821 5752 5125 5184 5414 5408 5480 5066 5564 5829 5348 5054 5489 5212 5581 5728 5064 5874 5553 5865 5278 5531 5511 5599 5331 5588 5447 5692 5715 5705 5522 5553 5584 5258 5547 5420 5421 5483 5588 5122 5479 5441 5142 5470 5312 5517 5402 5812 5372 5677 5468 5612 5630 5686 5664 5148 5732 5559 5498 5401 5441 5094 5846 5567 5692 5735 5312 5633 5235 5801 5538 5422 5756 5579 5634 5327 5823 5394 5751 5173 5541 5564 5571 5251 5558 4973 5448 5302 5154 5529 5760 5691 5045 5147 5522 5743 5348 5611 5242 5463 5608 5798 6012 5819 5448 5197 5789 5636 5657 5782 5503 5452 5596 5463 5298 5336 5348 5164 5733 5347 5515 5082 5299 5662 5248 4997 5667 5432 5631 5616 6008 5393 5510 5504 5582 5526 5220 5424 5312 5421 5162 6016 5351 5616 5728 5044 5643 5639 6031 5334 5742 5970 5568 5156 5346 5222 5344 5526 5415 5578 6036 5125 5418 5350 5289 5868 5287 5608 5455 5244 5759 5395 5194 5370 5333 5265 5756 5789 5700 5378 5638 5380 5126 5686 5807 5112 5437 5820 5474 5020 5428 5776 5894 5375 5138 5690 5524 5711 5451 5345 5964 5370 5114 4719 5866 5405 5438 5449 5614 5300 5710 5417 5895 5126 5484 5738 5840 5769 5327 5653 5004 5287 5743 5477 5198 5428 5421 5597 6097 5602 5305 5705 5395 5318 5018 4945 5531 5433 5426
5458 5263 4487 4923 5387 5267 4909 5000 4982 5619 5236 4921 5132 5108 5300 5474 4605 4993 5492 4857 4961 4873 5197 5049 4742 4997 5543 5047 4695 4981 4954 5248 5283 4630 5283 5438 5598 5058 5377 4933 5371 4820 5014 5094 5113 5142 5435 5031 5330 5323 4871 5178 4918 5182 5336 5382 4912 5018 4930 4977 4782 4797 5095 5252 5352 4888 5242 5146 5351 5143 5097 5335 4906 4939 5179 5588 5199 5019 4931 5509 5473 5283 5081 5163 4811 5152 5184 5338 4768 5237 5234 5221 4852 5076 4884 5313 5354 5337 5039 5154 4932 5290 5045 5144 4937 4558 5394 5327 5049 4694 4906 5168 5451 4933 5216 4976 4873 5043 5660 5490 5157 5129 5079 5619 4804 4951 5341 5070 5020 5315 5002 4937 4988 4807 4996 5249 5309 4762 4621 4757 5390 5017 4743 5259 5115 4917 5167 5353 5028 5296 5057 5091 5013 5075 5440 4981 5190 5053 5226 4907 4820 5758 4681 5362 5049 5240 5085 5394 5718 5182 5012 5091 5064 5116 5238 5080 5095 5501 4916 4957 4898 4936 5398 5040 5057 5058 4817 5507 4973 5021 5087 5117 4925 5340 5341 5241 4859 5099 5108 5019 5507 5787 4834 4964 5344 5123 4905 5028 5157 5565 4651 5082 5197 5256 5061 5034 4669 5312 4924 4996 4634 5231 5100 4889 5157 5143 4836 5724 4847 5202 4588 5015 5167 5316 5522 4848 5284 4603 5212 4992 5226 5083 4928 4881 5064 5435 5095 4940 5289 4873 4917 5004 4706 5030 5184 4839
5589 5255 4964 5162 5394 5325 4840 5304 5208 5835 5256 5003 5551 5235 5337 5425 4618 5341 5578 4853 5029 4729 5259 4889 4709 5041 5466 5074 4624 5050 4864 5260 5136 4966 5443 5621 5803 5202 5852 5319 5362 4770 5080 5080 4969 5265 5250 5297 5197 5670 5090 5264 5117 5147 5036 5167 4796 5239 5265 5186 4960 5116 5123 5147 5716 5231 5262 5072 5560 5174 5133 5437 4774 5012 5291 5604 5253 5062 5043 5400 5311 5492 5423 5235 5397 5458 5303 5588 4866 5511 5087 5144 4994 5392 4896 5651 5315 5187 5074 5445 5178 5248 5023 5311 4956 4805 5432 5350 5103 4528 5076 5516 5455 5098 5006 5062 5175 5269 5498 5673 5305 5189 5297 5150 5358 5313 5332 5051 5021 5218 5261 4982 5220 4933 4907 5345 5464 4985 4750 4971 5363 4834 4978 5352 5159 5073 5169 5513 4829 5020 5208 5165 5128 4778 5400 5177 5313 4989 5330 4905 4858 5719 4753 5058 5264 5468 5254 5187 5673 5335 5105 4832 5002 5103 5256 4819 4985 5510 4951 5534 5357 5052 5423 4941 5276 4938 4989 5349 5038 5048 5167 4966 4857 5507 5385 5335 4571 5112 5210 4855 5549 5603 4831 4835 5374 5355 5036 5080 5321 5668 5098 4942 5355 5162 4890 5062 4978 5354 4929 4686 4598 5309 5055 5150 5090 5177 4975 5427 4589 5551 4806 5041 5404 5669 5465 5066 5241 4766 5066 5015 5156 5094 5071 5030 4688 5434 5199 5174 5465 5176 5146 4904 4754 5165 5230 4683
5509 5106 4894 4772 5152 4921 4790 5057 4876 5427 5270 4972 5098 5250 5060 5140 4695 5226 5229 4627 4967 4952 4926 4899 4959 4836 5202 4914 4985 4956 4704 5163 5165 4928 5147 5274 5510 5079 5286 4876 5312 4814 5050 4962 5208 5336 4947 5053 5298 5311 4859 4952 4971 5140 5299 5133 4611 4927 4924 4637 4698 4841 5050 5196 5500 5047 5153 4673 5296 5191 5102 5285 4452 5075 4907 5257 5168 4940 4759 5425 5295 5076 4928 4900 4863 4975 5112 5069 4918 5151 5100 5166 5076 5172 4832 5368 5009 5153 4933 5097 4919 5021 5113 5039 4991 4484 4916 5299 4913 4443 5119 5128 5228 4773 4855 4875 4935 5051 5422 5248 5003 4918 5041 5074 5226 5171 5125 4830 4643 5082 4997 4882 4896 4733 4646 5305 5281 4827 4664 4918 5369 4881 4902 5275 5040 5255 4994 5420 4842 5141 5010 4939 4866 5043 5457 5026 5070 4756 5291 5024 4791 5292 4629 5035 5190 5694 4982 5192 5870 5168 5087 4833 4788 4981 4919 4827 4839 5394 5025 5273 4826 4891 5373 4964 4990 4910 4741 5295 4970 4964 4908 4801 4844 5063 5341 5214 4560 5047 5041 4580 5274 5495 4623 4916 5103 4946 4855 4916 5150 5219 4612 4913 5167 5155 5300 5108 4678 5122 4810 4866 4756 5006 4898 5040 4938 5122 4903 5237 4790 5241 4794 5020 5068 5382 5368 4924 5221 5084 5233 4938 5045 4723 4782 4814 4903 5429 5040 4891 5170 4822 5053 4605 4546 4925 4865 4659
5458 5264 4805 4871 5381 5454 4885 5234 5079 5580 5326 5041 5180 5344 5218 5437 4759 5413 5426 4925 4929 4795 5067 5244 4736 4864 5193 5029 4769 4943 4757 5223 5244 4869 5398 5198 5278 5144 5552 5174 4996 4871 5165 5007 5325 5227 5412 5215 5444 5242 5111 5002 5187 5041 5148 5177 4662 5004 5204 5147 4991 4797 5071 5076 5307 5093 5287 4934 5292 5340 5152 5436 4975 5133 5030 5373 5341 4909 5156 5570 5335 5320 5362 5440 5013 5322 5342 5451 5184 5344 5099 5254 5196 5172 4758 5548 5026 5393 5199 5173 5227 5576 5043 5108 5122 4453 5263 5487 5349 4790 4850 5147 5701 4863 5038 4987 4859 5265 5509 5372 5315 5047 5168 5292 5223 5174 5204 5054 5006 5148 5017 5018 4820 4732 4878 5401 5233 4949 4889 4940 5249 5071 4514 5147 5120 5324 5119 5602 5122 5395 5086 4932 4983 5074 5312 4967 5110 5072 5181 4904 5024 5604 4852 5289 5477 5448 4946 5083 6004 5017 5259 5098 5220 5041 5203 5096 5056 5557 4738 5081 4921 5006 5421 5106 5538 4887 4957 5152 5023 4937 5108 4973 5270 5517 5255 5163 4730 5031 4939 4767 5264 5630 4837 4920 5228 5147 4701 5116 5270 5617 5222 5052 5184 5199 5627 5077 5270 5583 5000 4883 4747 5147 4972 4933 5310 5230 5025 5578 4634 5306 4817 5016 5243 5327 5554 4758 5265 4698 5003 5206 5240 5068 4989 4874 5089 5412 5273 4880 5178 5070 4965 4726 4887 5143 5170 4872
4949 4690 4333 4524 5079 4731 4374 4740 4656 5233 4742 4344 4819 4905 4846 4992 4319 4983 4970 4384 4670 4488 4876 4596 4414 4446 4909 4823 4143 4603 4299 4879 4889 4671 4995 4850 5121 4582 5078 4724 4662 4656 4796 4695 4581 4720 4876 4648 5046 5218 4429 4884 4645 4693 4715 4751 4555 4628 4617 4692 4426 4402 4734 4677 4842 4628 4841 4656 4940 4955 4809 4956 4285 4499 4541 4928 4658 4578 4621 4966 4860 4667 4687 4986 4610 4783 4946 4890 4606 5097 4762 4685 4627 4719 4400 4865 4838 4828 4533 4739 4726 4648 4555 4960 4567 4458 5011 5241 4845 4304 4548 4651 5016 4619 4677 4797 4611 4663 5051 4956 4742 4508 4814 5102 4823 4905 4491 4475 4592 5030 4710 4359 4528 4167 4418 4885 4856 4701 4378 4586 4853 4713 4517 4593 4762 4637 4761 4865 4589 4948 4443 4917 4729 4642 4901 4780 4573 4599 4995 4451 4528 5078 4601 4277 4753 4926 4522 4910 5300 4596 4433 4782 4717 4799 4855 4497 4691 4990 4487 4707 4691 4650 4761 4555 4810 4544 4471 4900 4680 4768 4833 4820 4641 4824 4967 4950 4614 4526 4926 4615 5035 5271 4430 4415 4953 4873 4446 4517 4676 5249 4793 4371 4745 4767 4838 4569 4478 4961 4358 4464 4404 4855 4771 4563 4656 4623 4336 5132 4470 4839 4462 4558 4868 4968 4987 4322 4857 4613 4639 4724 4566 4467 4476 4508 4484 5179 4667 4680 4761 4711 4752 4232 4314 4913 4837 4454
5328 5640 4836 5362 5632 5455 5175 5571 5455 5957 5618 5110 5468 5390 5378 5696 4803 5551 5558 5074 5212 5360 5476 5039 4968 5211 5317 5572 4762 5136 5133 5656 5369 5114 5428 5653 5605 5424 5854 5402 5476 5177 5234 5454 5575 5473 5391 5283 5355 5649 5022 5521 5214 5269 5353 5608 4836 5028 5248 5101 5119 5124 5160 5631 5397 5377 5618 5127 5573 5530 5362 5828 4619 5170 5287 5703 5212 5456 5009 5668 5762 5402 5493 5416 5188 5578 5663 5809 5265 5697 5180 5465 5283 5270 5168 5548 5304 5367 5298 5515 5340 5343 5133 5469 5119 4946 5529 5600 5537 4703 4858 5395 5482 5186 5442 5194 5270 5500 5619 5806 5529 5185 5226 5293 5585 5506 5403 5306 5196 5424 5243 5170 5063 4906 5326 5438 5513 5444 4721 5292 5725 5313 4938 5664 5350 5410 5268 5708 4972 5603 5323 5332 5303 5152 5338 5301 5527 4921 5552 5315 5111 5701 4867 5500 5604 5728 5273 5608 5998 5426 5387 5382 5298 5139 5491 5155 5071 5693 5225 5495 5287 4998 5222 5421 5566 5299 5213 5611 5222 5125 5315 5115 5210 5625 5915 5512 5140 5250 5183 5069 5756 5712 5327 5153 5622 5326 4919 5501 5401 5783 5248 5321 5420 5426 5689 5252 5065 5732 5210 5120 5008 5490 5372 5177 5273 5465 5100 5799 5171 5498 4882 5656 5562 5541 5636 5041 5565 4960 5275 5325 5419 5107 5422 5229 5202 5708 5711 5346 5600 5422 5086 5071 4623 5490 5572 4905
5643 4991 4829 4850 5207 5349 4657 5224 5367 5598 5323 4948 5245 5218 4760 5439 4528 5311 5189 4839 4914 4882 5189 4864 4695 4730 5309 4980 4713 5177 4887 5163 5276 5102 5243 5359 5694 5093 5310 5037 5265 4840 5027 5243 5239 5302 5248 5105 5078 5311 4833 5242 5035 5204 5225 5291 5016 5244 5006 4714 4873 4795 5039 4756 5516 5184 5326 5230 5326 5257 5062 5734 4936 5380 5298 5274 5092 5012 4719 5239 5405 5184 5333 5269 5066 4926 4931 5243 5010 5420 5044 4990 5134 5018 4917 5581 5083 4885 5223 5374 5359 5198 4899 5095 5073 4972 5118 5346 5102 4614 4807 5187 5226 4947 5110 4916 4920 5097 5327 5375 5231 5002 4921 5136 5218 5183 5048 4969 5115 5105 5114 4913 4840 4798 4841 5223 5098 5293 4809 4918 5205 5002 4975 5193 4995 4998 5076 5513 5059 5114 5095 5248 5010 5128 5119 5173 4970 5143 5452 5152 4979 5289 4549 5070 5132 5179 4753 5010 5392 5162 5198 4913 4713 4748 5432 4797 5097 5337 4852 5094 5170 4863 5359 5227 5224 5036 4730 5533 4737 5179 5105 4830 4910 5271 5144 5290 4938 4855 5004 4977 5524 5548 4947 4789 5517 5062 4788 5145 5331 5499 5039 4826 5097 5071 5030 5018 4957 5483 4846 4829 4520 5328 5099 4960 5119 5303 5043 5479 4777 5242 4691 5168 5112 5322 5213 4933 5155 4829 5103 5003 5001 4846 5210 4566 5173 5412 5195 4985 5261 4934 4998 4632 4806 4993 5193 4689
5493 5015 4488 4806 5015 4821 4473 4984 4997 5648 5094 4643 5063 5161 4869 4937 4458 4866 5092 4444 4767 4765 5206 4614 4562 4956 4859 4732 4618 4876 4607 5133 4990 4629 4971 5389 5344 4967 5048 4842 5086 4681 4808 4787 4927 5023 5294 4784 5094 5174 4711 4765 4970 4845 5275 4979 4256 4678 4897 4902 4388 4692 4776 5038 5124 4863 4960 4730 5085 4941 4779 5106 4502 4566 4994 5217 4798 4894 4737 5334 5212 5159 5000 5029 5119 5048 5174 5130 4549 5129 5029 4834 4635 4923 4576 5247 4881 5168 4787 5124 4841 4897 4843 4983 4650 4598 5133 5036 5067 4419 4747 4621 5297 4722 5061 4679 4679 4830 5122 5291 5070 4722 4835 5064 4903 4967 4957 4893 4615 4994 4849 4668 4545 4371 4593 5145 4902 4843 4512 4757 5099 4717 4732 4791 5113 4624 5172 4932 4744 4742 4731 4786 4814 4801 5122 4824 4832 4701 4777 4584 4713 5342 4493 5002 5050 5178 4537 5006 5449 5110 4717 4442 4613 4899 4633 4612 4917 5426 4723 4917 4998 4778 5118 4828 5044 4909 4763 5174 4820 5025 4925 4694 5040 5037 5172 5179 4469 4962 4858 4840 5100 5293 4702 4654 4993 4925 4648 4683 5089 5378 4931 4758 4873 4918 4985 4696 4550 4774 4776 4819 4535 5091 5059 4728 4851 5087 4610 4930 4672 5013 5030 4874 5010 5049 5143 4662 4815 4609 4866 4982 4519 4820 4590 4660 4680 5178 4937 4863 4974 5031 4941 4461 4638 4883 4915 4356
5428 5511 4737 4929 5356 5164 4885 5299 5300 5593 5086 5085 5004 5154 5044 5530 4582 5351 4984 4898 4879 5041 5046 5032 4953 5083 5552 5057 4765 5119 4860 5395 5172 4993 5150 5201 5619 5278 5560 4996 5213 5154 5205 5444 5491 5346 5102 5005 5241 5244 5090 5121 4909 5291 5460 5310 4730 5173 5142 4836 4886 4724 5076 5140 5439 5149 5447 5120 5072 5310 4973 5632 4616 5296 5188 5202 5409 5018 4869 5495 5594 5334 5233 5195 4964 5314 5321 5434 4954 5368 5185 5365 5040 5307 5107 5393 5206 5027 5260 5167 4915 5097 5030 5123 5129 4889 5157 5485 5197 4463 4798 5326 5256 4954 5409 5017 5068 5212 5476 5087 5375 4946 5097 5262 5452 5321 5455 5151 5200 5152 4943 4969 5049 4786 4882 5134 5222 4895 4795 4928 5388 4915 4670 5344 5207 5021 5237 5523 4970 5380 5097 5128 5045 5190 5246 5017 5006 5021 5357 4907 5078 5385 4862 5268 5421 5448 5159 4976 5675 5164 5331 5161 4932 5033 5255 5060 5119 5489 4972 5275 4914 4868 5612 5164 5228 5235 5015 5536 4996 4991 5234 4961 5079 5044 5454 5525 4885 5113 4947 4872 5407 5513 5120 4930 5159 5106 4856 4886 5452 5593 4937 4958 5174 5000 5432 5172 4779 5350 5066 4936 4833 5302 4972 4918 5150 5225 5136 5425 4826 5367 4992 5049 5111 5421 5545 4709 5196 4895 5112 5163 5113 4891 4732 5155 4956 5533 5381 4937 5274 5097 5129 4681 5045 4943 5399 4655
5561 5335 5024 5190 5623 5256 4951 5234 5401 5808 5278 4888 5273 5411 5445 5461 4698 5258 5662 4866 5133 5131 5224 4809 4959 4949 5559 5286 5071 5202 4901 5231 5556 5205 5539 5569 5366 5194 5456 5110 5541 5010 5191 5386 5165 5268 5350 5078 5398 5335 5041 5033 5094 5290 5434 5391 5018 5175 4995 5254 4598 4872 5189 5226 5498 5295 5331 5003 5440 5448 5280 5520 4521 5314 5484 5096 5111 5121 4936 5523 5254 5473 5238 5413 4996 5311 5258 5642 5213 5143 5121 5208 5258 5075 4941 5538 5105 5528 5120 5458 5209 4975 5097 5200 4763 4789 5335 5703 5207 4908 5017 5317 5381 5060 5289 4994 5132 5332 5600 5685 5457 5097 5304 5557 5367 5358 5275 5097 5444 5250 5318 4940 5339 5026 4848 5486 5407 5107 4775 5077 5606 5214 4959 5281 5060 5303 5357 5453 4898 5281 5164 5446 5124 5193 5375 5021 5160 5007 5341 5059 5261 5288 4629 5061 5645 5573 5180 5382 5935 5157 5054 5324 4968 5180 5203 5196 5268 5418 5025 5117 5020 5031 5545 5328 5492 5064 5049 5549 5216 5037 5314 4994 5110 5438 5611 5503 5047 5259 5186 5047 5549 5484 5211 5205 5267 5172 5283 5156 5252 5441 5001 5139 5098 5106 5414 4886 4790 5121 5168 4808 4907 5256 5191 5232 5284 5169 5325 5577 4836 5300 4898 5113 5494 5275 5559 4978 5433 5129 5082 5197 5292 5132 5011 5286 5228 5656 5260 5008 5258 5250 5048 5061 4695 5117 5098 5044
5281 5303 4631 4741 5185 5220 4926 5274 5006 5631 5159 4847 5101 4909 5156 5392 4626 5382 5136 4699 4882 4777 5097 5029 5031 4813 5314 4919 4902 5107 4922 4967 5275 4896 5103 5370 5508 5071 5432 5020 5464 4939 5186 5154 5004 5234 5161 4965 5312 5531 4908 5121 4709 5314 5150 4960 4763 5142 5062 4798 4891 4661 4910 4860 5322 5197 5175 4802 5262 5359 5085 5730 4493 5020 5228 5463 5229 5190 4943 5496 5066 5240 5278 5011 5030 5236 5041 5404 5024 5088 5227 4882 5036 5229 4805 5621 4792 5252 4861 5155 4812 4974 5027 5237 5098 4644 5109 5421 5345 4671 4898 5153 5398 4726 5139 4946 4980 5130 5612 5571 5364 4665 4790 5173 5154 5229 5157 5034 4966 5365 4776 5035 5050 4890 4922 5071 5174 5027 4452 4846 5359 4700 4792 5239 5262 5188 5270 5569 5188 5096 5163 4902 4947 5116 5160 4774 5005 4537 5206 4902 4742 5465 4675 5052 5180 5386 5062 5105 5686 5218 4962 4981 4911 4950 5058 4795 5087 5435 4797 5119 4990 4917 5358 5194 5198 4809 5168 5450 5217 4790 5261 4886 4911 5277 5330 5287 4699 4944 5059 4872 5153 5345 4782 4910 5577 5400 4963 5103 5370 5354 4947 4908 5120 4898 5233 5091 4810 5074 5096 4663 4538 5297 5006 5014 4887 5269 4928 5333 4817 5322 4634 5150 5126 5313 5150 4773 5227 4905 5285 4829 5171 5012 4765 4914 5018 5505 5150 4710 5221 4850 4711 4806 4707 4881 5124 4733
5543 5330 5182 5167 5582 5250 4719 5471 5423 6026 5385 4923 5582 5300 5346 5520 4869 5464 5251 4946 5032 5224 5211 5084 5002 5526 5321 5111 5037 5178 4955 5544 5415 5038 5618 5794 5904 5344 5439 5422 5446 5318 5527 5355 5434 5500 5244 5328 5542 5258 5171 5281 5164 5316 5260 5466 5077 5163 5324 4904 4816 5221 5219 5308 5666 5107 5314 5301 5623 5331 5184 5587 4919 5294 5221 5546 5331 5284 5112 5314 5689 5281 5470 5231 5254 5219 5647 5476 4899 5607 5262 5448 5196 5293 5193 5757 5448 5324 5290 5317 5186 5459 5076 5364 5087 4955 5578 5655 5390 4762 5175 5549 5570 5203 5240 5161 5165 5440 5593 5732 5486 5226 5131 5461 5421 5239 5582 5016 5334 5444 5360 5174 5103 5123 4954 5521 5450 5333 4898 5119 5582 5018 5108 5379 5072 5385 5377 5618 5081 5534 5360 5400 5036 4859 5643 5186 5429 5073 5775 5201 5151 5699 4897 5152 5593 5585 5271 5396 5920 5219 5544 5173 5043 5178 5490 5269 5530 5646 5046 5233 5268 5209 5699 5311 5380 5151 5287 5472 5482 4852 5470 5091 5035 5613 5629 5453 5119 5276 5311 4942 5568 5934 5255 5080 5842 5326 4883 5340 5634 5605 5227 4928 5302 5307 5342 5469 5001 5368 5256 5084 5104 5587 5324 5186 5188 5298 5442 5823 5174 5670 4989 5505 5562 5646 5701 5149 5389 5035 5450 5211 5367 5159 5139 4965 5013 5632 5361 5149 5372 5148 5147 4983 4690 5296 5293 4964
5190 5108 4652 4696 5042 5091 4263 4960 4949 5533 4821 4892 4735 4860 5120 5333 4506 5126 5283 4457 4871 4747 4999 4831 4785 4880 4974 4770 4537 4549 4901 5186 5341 4809 5037 4975 5332 4689 5106 4909 5093 4957 4875 5079 4953 5077 4844 4927 5298 5080 4779 5038 4805 5065 5070 4970 4464 4990 4505 4735 4688 4685 5018 4756 5204 4971 4821 4731 5235 5316 4971 5243 4627 4904 5038 5280 5011 4817 4679 5360 5047 5062 5120 5008 4840 5034 5090 5460 4749 5298 4765 5154 4777 4846 4802 5361 4710 4974 4921 5027 4798 5071 4677 5014 4981 4518 5116 5404 4908 4482 4680 5130 5202 4844 4853 4796 4835 5131 5205 5334 5118 4762 4991 5263 5111 5050 5017 4620 5003 5007 4965 4455 4573 4845 4719 5119 5058 4802 4429 4833 5176 4593 4621 5071 4738 5036 5048 5299 4756 5043 4902 5156 4629 4841 5386 5158 4935 4431 4950 4766 4926 5197 4495 5041 4859 5404 4921 5387 5553 5027 5062 4752 4745 4878 5039 4764 4812 5357 4952 4841 4951 4889 5269 5204 4999 4962 4784 5113 4767 4924 4720 4751 4602 5327 5187 5285 4686 4928 4825 4794 5327 5309 4664 4607 5247 4876 4569 5037 4915 5333 4972 4813 5133 4897 5121 4626 4352 5258 4833 4893 4434 5014 4839 4915 4898 5127 4732 5341 4878 5199 4654 4910 5180 5020 5106 4659 5045 4626 4735 4672 5065 4734 4975 4755 4729 5170 5065 4776 4865 4869 4846 4629 4381 4922 4949 4833
5796 5443 4990 5267 5577 5454 5087 5498 5225 5818 5362 5375 5352 5537 5437 5518 4954 5624 5592 4860 5168 5339 5109 5336 5229 5323 5511 5235 4872 5241 5128 5461 5598 5439 5759 5463 6036 5354 5785 5426 5781 5079 5456 5452 5353 5324 5719 5424 5567 5587 4968 5162 5408 5304 5228 5754 5243 5443 5197 5203 5169 5150 5462 5323 5795 5515 5424 5141 5592 5667 5225 5818 4750 5112 5424 5681 5509 5191 5107 5759 5299 5218 5585 5359 5438 5330 5741 5645 5415 5500 5381 5359 5506 5349 5080 5674 5310 5357 5161 5618 5137 5394 5338 5355 5390 4769 5439 5541 5310 5251 5129 5259 5533 5277 5400 5274 5043 5558 5551 5621 5678 5523 5344 5778 5186 5416 5365 5226 5238 5853 5477 5091 5162 4870 5135 5484 5207 5194 4949 5152 5518 5159 4967 5360 5424 5456 5394 5809 5215 5533 5276 5385 5215 5452 5636 5154 5485 5135 5327 5274 5073 5747 5095 5369 5763 5652 5167 5687 5866 5578 5285 5112 5002 5246 5143 4962 5500 5543 5384 5030 5382 5371 5729 5433 5242 5167 4999 5558 5273 5356 5306 5347 5363 5429 5640 5631 5128 5224 5400 5048 5553 5915 5065 5262 5466 5535 5008 5239 5620 5505 5231 5194 5364 5472 5576 5316 5278 5577 5312 5154 4921 5290 5167 5514 4956 5437 4958 5732 5324 5635 4959 5407 5544 5400 5719 5032 5577 4735 5234 5055 5559 5190 5513 5274 5199 5447 5272 5357 5366 4974 5066 4988 4882 5338 5369 5215
5859 5531 5098 4955 5439 5379 4812 5556 5492 5812 5394 5222 5312 5495 5296 5636 4691 5484 5563 4697 4929 4789 5564 5060 5276 5215 5242 5148 5077 5206 5117 5447 5664 5258 5654 5553 5840 5548 5675 5359 5544 5018 5455 5408 5505 5536 5404 5218 5471 5404 5265 5405 4977 5439 5351 5493 5065 5188 5127 5123 4786 5004 5187 5155 5696 5407 5384 5367 5618 5351 5236 5710 4905 5403 5483 5297 5384 5061 4876 5582 5659 5324 5555 5362 5485 5642 5530 5684 5162 5730 5157 5284 5254 5336 4848 5886 5342 5256 5110 5364 5463 5347 5333 5491 5392 4903 5413 5881 5278 4814 4844 5282 5711 5176 5512 5090 5293 5423 5589 5430 5742 5159 5374 5571 5320 5262 5384 5059 5089 5301 5271 4955 5071 5023 4860 5636 5167 5309 5022 5034 5508 4948 4963 5405 5321 5408 5635 5756 5282 5414 5363 5339 5153 5338 5648 5157 5418 5103 5624 5352 5331 5491 4817 5467 5576 5581 5087 5383 5510 5677 5327 5190 5056 5185 5434 5127 5457 5508 5136 5077 5316 4868 5592 5297 5448 4932 5054 5517 5203 5142 5260 5048 5183 5308 5573 5711 5057 5253 5302 5292 5407 5756 5401 4972 5761 5294 5066 5213 5497 5657 5308 4926 5298 5336 5310 5228 5035 5397 5526 4895 4951 5314 5176 5241 5129 5436 5438 5619 5157 5754 5024 5478 5389 5415 5819 4933 5393 4944 5212 5148 5403 5151 5170 5199 5094 5611 5187 5035 5513 5340 5170 4645 4780 5308 5552 4879
5750 5294 4828 4880 5681 5227 5253 5375 5456 5890 5701 5042 5589 5505 5449 5776 4813 5413 5695 4846 5309 5169 5204 5253 5037 5173 5373 5165 4910 5360 5276 5298 5445 5067 5540 5757 5631 5211 5707 5299 5651 5285 5263 5313 5382 5447 5366 5323 5511 5455 5191 5301 5232 5431 5285 5566 5088 5313 5118 5102 4754 5013 5089 5520 5638 5412 5590 5288 5593 5613 5377 5677 4788 5435 5461 5572 5528 5351 5015 5686 5454 5521 5641 5264 5333 5228 5498 5594 5258 5475 5370 5267 5023 5340 4901 5823 5194 5524 5396 5364 5426 5545 5357 5512 5071 4964 5678 5600 5561 4587 5086 5380 5654 5038 5505 5268 5373 5579 6032 5789 5393 5138 5211 5684 5433 5352 5433 5275 5451 5572 5322 5311 5149 5080 5207 5395 5668 5635 4836 5312 5680 5139 5348 5322 5360 5435 5413 5330 5254 5225 5202 5449 5232 5110 5508 5401 5249 5085 5421 5045 5197 5864 4932 5608 5507 5561 5213 5365 5876 5422 5350 5225 5210 5319 5598 5203 5151 5655 5033 5587 5344 5235 5530 5116 5376 5225 5236 5802 5248 5210 5411 5001 4980 5471 5579 5410 5159 5190 5271 5343 5638 5777 5228 5166 5457 5454 5180 5370 5188 5732 5395 5121 5338 5531 5737 5286 5282 5317 5018 5201 4817 5726 5305 5281 5251 5399 5149 5854 5158 5562 5271 5310 5503 5737 5858 4996 5259 5071 5287 5244 5374 5288 4996 5163 5042 5569 5102 5213 5577 5362 5145 5046 4840 5621 5427 5114
5847 5396 4839 5227 5671 5371 5180 5611 5471 5888 5498 5048 5455 5661 5617 5756 4760 5607 5711 4901 5154 5159 5500 5268 5246 5026 5383 5295 5082 5181 5224 5615 5469 5212 5643 5251 5654 5469 5687 5352 5464 5318 5377 5429 5531 5626 5595 5220 5497 5442 5268 5421 5103 5405 5562 5510 5109 5435 4939 5148 4862 5142 5500 5436 5743 5433 5477 5181 5731 5582 5524 5712 5128 5259 5265 5594 5211 5068 5348 5849 5479 5678 5466 5401 5392 5499 5589 5731 5344 5709 5403 5552 5315 5441 5106 5573 5378 5624 5229 5500 5308 5509 5389 5595 5398 4901 5695 5865 5277 5027 5193 5399 5700 5144 5471 5175 5514 5451 5733 5705 5599 5385 5160 5675 5383 5360 5353 5421 5402 5499 5422 5011 5317 5202 5429 5678 5291 5312 4595 5533 5539 5051 5046 5632 5280 5307 5567 5859 5231 5440 5275 5430 5421 5446 5556 5145 5103 4986 5374 5625 5093 5713 4949 5461 5385 5689 5217 5587 6342 5519 5579 5165 5346 5320 5375 5484 5100 5852 5324 5178 5186 5364 5618 5369 5731 5293 5089 5537 5148 5036 5264 5038 5321 5950 5857 5469 5397 5181 5213 5177 5723 5848 5121 5208 5652 5463 5090 5313 5473 5873 5547 5398 5229 5290 5449 5261 5225 5822 5172 5071 4945 5689 5233 5250 5241 5473 5316 5690 5197 5579 5119 5407 5666 5363 5646 5012 5545 5191 5190 5188 5295 5254 5328 5248 5265 5653 5538 5123 5240 5508 5515 5201 5078 5381 5479 5399
5478 5467 4843 5028 5362 5038 4949 5295 5166 6127 5045 5373 5156 5376 5515 5614 4651 5616 5393 5052 5210 4846 5090 5273 5067 4799 5453 5109 4737 5080 5118 5385 5592 4860 5365 5314 5567 5080 5536 5522 5636 5193 5184 5437 5212 5158 5512 4836 5340 5503 5115 5279 5328 5110 5318 5556 5004 5215 5101 5040 4871 5029 5112 5180 5506 5273 5198 5151 5353 5394 5122 5554 4606 5143 5218 5292 5284 5165 5028 5597 5448 5522 5592 5407 5116 5268 5339 5583 5143 5541 5161 5468 5037 4997 4943 5528 5213 5244 5138 5168 5220 4899 5306 5258 5156 4827 5386 5548 5188 4739 5062 5500 5455 5174 5188 5153 5224 5422 5678 5580 5383 5141 5264 5479 5410 5441 5232 5218 5212 5273 5198 5097 5156 4889 5085 5400 5305 4880 4641 5137 5285 5081 4989 5039 5276 5071 5224 5770 5235 5265 5471 5171 5038 5034 5416 5012 5123 5067 5354 4951 5177 5619 4917 5225 5462 5631 5154 5346 5552 5359 5318 5185 4853 5136 5092 4984 4999 5687 5301 5391 5199 4935 5440 5431 5096 5171 4961 5432 5302 5291 5091 5203 5050 5577 5590 5465 4904 5368 5401 5356 5657 5494 4898 5023 5593 5316 5068 5242 5185 5590 5047 4986 5001 5287 5462 5203 4920 5394 5237 4957 4868 5192 5267 5439 5221 5227 4927 5371 4985 5257 4823 5125 5578 5621 5618 4794 5378 5204 4794 5132 5273 4902 4984 5179 5065 5669 5211 5275 5170 5350 5385 4930 4859 5224 5081 4886
5697 5103 4782 4867 5494 4968 4588 5059 5175 5706 5178 5097 4958 5305 5145 5288 4732 5063 5073 4569 4935 5266 5017 4828 4766 4960 5288 5158 4809 5122 4764 5037 5395 5015 5266 5358 5469 4990 5206 5230 5210 4925 4942 5207 5151 5347 5264 5203 5289 5303 4900 5063 4933 5064 5275 5393 4919 5349 4868 5067 4875 4707 5113 5262 5084 5150 5317 4884 5391 5464 4929 5313 4425 5270 5138 5221 4997 4915 4713 5310 5341 5171 5151 4930 5013 5390 5144 5443 4943 5415 5078 5159 5095 5222 4910 5128 5114 5186 5061 5326 5147 5041 5015 5182 4839 4775 5149 5343 5104 4781 5004 4973 5252 5008 5317 4557 4839 5278 5157 5602 5269 4975 4910 5258 5305 5107 5197 4742 5088 5260 5225 4907 4725 4735 4667 5383 5155 5068 4670 4919 5302 4932 4609 5316 5042 5165 5263 5567 4811 5147 5111 5269 4833 5017 5340 4817 4996 4938 5410 4839 5425 5429 4693 5295 5324 5338 4687 5465 5510 5243 5105 4945 4603 5124 5075 5020 5013 5305 5273 5097 4896 4485 5645 5199 4896 5137 4889 5465 4928 4924 4900 4879 5027 5350 5481 5209 5065 4982 5021 4788 5003 5498 4923 4746 5414 5027 4729 5241 4974 5192 4848 4867 5038 5252 5007 5018 4829 5325 5186 4793 4653 5378 4920 4871 5026 4951 4972 5275 4841 5298 4890 5232 5305 5268 5415 4903 5366 4888 5305 4864 5131 4992 5035 4831 5048 5273 5170 5015 5230 5141 4838 4795 4615 4897 5079 4938
5362 4966 4557 5048 5189 5104 4464 5366 5042 5462 4887 4905 5130 5095 5151 5135 4650 5197 5013 4706 4796 4731 5066 4844 4849 4793 4819 4999 4710 4865 4611 5003 5132 4686 5119 5209 5446 4891 5282 5183 4843 4688 5169 4999 5103 5198 4999 4954 5284 4969 4900 4879 4901 4738 4791 4919 4931 5035 4848 4859 4660 4640 5075 4936 5004 5236 5099 4909 5017 5268 4878 5417 4716 5031 4954 5621 5087 4833 4846 5184 5152 4976 5066 4940 4995 5024 5123 5302 4808 5295 4767 4815 5044 4952 4723 5445 4993 4917 4864 5073 5052 5216 4930 5007 4981 4510 5004 5375 4966 4475 4817 5175 5109 4801 5010 4727 4824 5221 5253 5261 5256 4947 4917 5129 5054 5091 5059 4874 4923 5198 4891 4611 4794 4663 4882 5118 4957 4886 4776 4917 5143 4579 4770 4890 4802 5049 4895 5261 4535 4829 4820 5026 4926 4774 5317 5166 4935 4972 5147 4943 5007 5399 4733 4816 5310 5097 4963 4885 5573 5046 5360 4897 4730 5006 5278 4667 4695 5413 4890 4895 5185 4893 5298 4902 4829 4815 5026 4965 4900 4768 4873 4601 4845 5174 5053 5069 4773 4787 4921 4843 5016 5269 4845 4747 5079 4859 4770 5146 4886 5482 5135 4736 4836 4849 5156 4811 4791 5353 4963 4747 4398 5375 5041 4818 4863 5065 5107 5435 4510 5349 4674 4743 4979 5487 5171 4685 4894 4764 4908 4497 4986 4741 4888 4716 4820 5126 4920 4831 5078 4897 4733 4700 4487 4906 4986 4626
5447 5074 4494 4765 5246 5232 4680 5163 4992 5564 5559 4895 4982 4975 5023 5287 4465 5278 5290 4761 4965 4944 5026 5027 4746 4863 5001 4946 4689 4980 4903 5143 5338 4744 4995 5167 5104 4997 5370 5032 5287 4580 5190 5163 5157 5254 5254 4872 5216 5112 4823 4914 5116 4890 5194 5189 4489 5086 5181 4933 4831 4481 4899 5070 5249 4930 5162 4861 5295 5102 5148 5325 4684 4921 5146 5259 5159 5149 4765 5290 5213 5193 5401 5229 4945 5112 5136 5388 4736 5248 4820 5024 4965 4883 4868 5419 4962 5056 4943 5090 4923 5194 4953 4960 4843 4512 5151 5226 4918 4545 4674 5144 5322 4935 4892 4712 4811 5185 5412 5267 5099 4984 5036 5244 5178 4952 5135 4958 4978 5114 4884 4920 4673 4638 4643 5136 5138 4928 4785 4988 5449 4922 4599 5005 4815 5126 4988 5289 5002 5156 4995 4871 4723 4865 5324 4862 4955 4774 5063 4973 4735 5459 4493 5185 4849 5100 4916 5407 5644 5376 4688 4660 4691 4757 5072 5086 4865 5526 4824 5190 4976 4663 5350 5173 5051 4868 4604 5139 5024 4982 5017 4780 4848 5159 5451 5166 4652 4843 4913 4681 5354 5485 4820 4869 5235 5017 4627 5085 4973 5338 4738 4772 5029 5104 5258 4898 4820 5204 4880 4888 4578 5173 4710 4791 4931 5092 4820 5391 4822 5307 4801 5103 5380 4992 5351 4834 5129 4679 4940 4952 5034 4817 4700 4861 4938 5298 4985 4995 4884 5026 4821 4843 4401 5131 5011 4610
5249 5171 4520 4947 5255 5122 4523 5193 4962 5643 5125 4934 5106 5259 5025 5195 4461 5452 5371 4882 4891 4886 4917 4913 4595 4975 5072 4807 4655 4668 4690 5343 5141 4879 5048 5544 5101 5115 5583 4960 5052 4636 5234 5195 5341 5242 5063 4989 5259 5327 4908 5025 4809 5191 5153 5256 4668 4904 4857 4971 4835 4746 4564 5015 5290 4982 5317 5148 5167 5144 4993 5494 4790 4990 5042 5474 5267 4990 4875 5251 5152 5171 5066 5065 4772 5008 5024 5207 4859 5176 5068 4940 5069 4992 4580 5509 5195 5029 5215 5052 4917 4926 5087 4921 5060 4885 5091 5344 5127 4398 4661 5009 5176 4928 5059 5000 5082 5070 5445 5287 5262 4738 4976 5296 5214 5243 4892 4798 4961 5151 5022 4741 4913 4550 4742 5087 5209 4983 4724 4798 5153 4806 4687 4942 5010 4975 4856 5265 4783 5167 4605 4721 4833 5061 5252 4833 5037 4747 5333 4853 4765 5531 4608 4909 5128 5136 4812 5098 5639 5062 5062 5049 4745 4705 5302 5061 4849 5478 4874 5052 4871 4811 5279 5205 4934 4788 4976 5112 5050 4809 4985 4772 4582 5271 5170 5069 4652 4913 5142 4607 5222 5389 4707 4992 5285 4981 4590 5119 4940 5403 4906 4872 5120 4980 5343 4896 4565 5092 4976 4935 4556 5043 4909 4783 4842 5189 4927 5458 4575 5104 4800 4943 5397 5358 5279 4704 5050 4623 4956 4943 5080 5050 4872 4789 4804 5157 5189 5056 5128 4965 5035 4742 4761 5174 5157 4688
5833 5734 5329 5402 5628 5639 5155 5593 5692 6285 5753 5353 5568 5673 5610 6137 5060 5852 5981 5186 5370 5151 5373 5476 5277 5616 5694 5540 5123 5601 5437 5836 5847 5098 5728 5872 6088 5924 5966 5551 5892 5315 5777 5662 5607 5859 5865 5435 5552 5654 5473 5550 5528 5634 5780 5751 5076 5546 5399 5386 5173 5233 5631 5289 5681 5570 5786 5398 5992 5805 5509 5656 4874 5751 5963 5865 5483 5541 5373 5879 5657 5808 5464 5471 5636 5567 5796 6062 5287 5718 5477 5630 5396 5560 5142 5938 5673 5367 5339 5912 5429 5608 5512 5365 5454 5124 5755 6070 5553 4830 5189 5655 5781 5328 5532 5232 5388 5770 5718 5769 5610 5718 5555 5760 5694 5529 5603 5360 5387 5619 5670 5165 5333 5358 5338 5588 5542 5461 5036 5436 5743 5303 5216 5691 5630 5476 5797 6024 5132 5557 5662 5716 5365 5409 5823 5386 5314 5238 5714 5378 5305 5987 4970 5602 5737 5597 5610 5808 5993 5851 5454 5460 5359 5358 5506 5477 5647 5885 5443 5424 5618 5444 5754 5364 5653 5589 5382 5936 5448 5379 5554 5325 5582 5833 5964 5794 5138 5370 5397 5331 5696 5954 5525 5202 5831 5454 5409 5492 5744 5678 5296 5437 5683 5615 5603 5452 5187 5546 5466 5385 5212 5573 5344 5455 5373 5587 5597 5940 5480 5737 5204 5516 5623 5508 5947 5273 5705 5309 5492 5472 5550 5398 5382 5297 5219 5625 5667 5280 5585 5569 5258 5075 5011 5634 5329 5408
5562 5187 4635 4840 5321 5074 4936 5160 5005 5794 5522 4870 5100 5257 5331 5611 4644 5458 5092 4938 4880 4845 5189 5148 4957 5166 5408 5090 4989 5012 4999 5242 5206 5256 5305 5556 5717 5126 5489 5083 5429 4686 5138 5205 5166 5528 5419 5303 5467 5498 4969 5225 4971 5215 5182 5207 4954 4961 5362 5077 4838 5001 4998 4992 5388 4930 5171 5088 5545 5521 5269 5516 4837 5065 5123 5481 5077 4978 5159 5395 5374 5342 5117 5106 5196 5228 5377 5580 5153 5322 5206 5025 5106 5441 4851 5556 5121 5160 5240 5432 5072 5325 5042 5077 5202 4619 5373 5322 5258 4537 5017 5359 5421 4750 5164 4784 5081 5243 5550 5345 5194 5067 4801 5497 5249 5058 5140 5119 5254 5382 5102 4990 4963 4770 4792 5136 4989 5221 4671 5082 5347 4963 4968 5361 5220 5114 5113 5595 5202 5240 5188 5124 4968 4960 5364 5201 5193 4670 5277 4970 4939 5568 4656 5024 5395 5471 5087 5340 5703 5065 5123 4915 5115 5219 5133 4905 5197 5531 4822 4971 5199 5239 5629 5068 5495 4915 5022 5537 5376 5247 5379 5073 5007 5449 5382 5396 4838 5078 5272 4999 5373 5481 4715 4982 5473 5210 4976 5018 5269 5594 5165 5037 4968 5226 5377 5066 4586 5289 4981 4965 4736 5413 5098 4796 4985 5201 4778 5504 4766 5369 4836 5007 5358 5403 5486 4624 5210 4833 5263 5185 5093 5222 5099 4985 5219 5442 5172 4876 5293 4900 5111 4651 5079 5017 5104 4866
5776 5551 4853 5120 5463 5419 5150 5476 5379 5886 5814 5150 5419 5352 5653 5623 4807 5447 5596 5014 5382 5037 5302 5271 5333 5168 5520 5137 4909 5128 5129 5380 5535 5012 5381 5682 5862 5361 5701 5423 5524 5138 5317 5432 5450 5609 5373 5438 5579 5635 5052 5175 5081 5520 5545 5507 5100 5365 5201 5168 5177 4984 5426 5218 5586 5405 5362 5257 5645 5278 5278 5747 4913 5228 5383 5524 5532 5226 5030 5468 5587 5700 5394 5504 5478 5492 5557 5772 5257 5517 5565 5311 5077 5358 5091 5911 5159 5335 5282 5301 5221 5601 5363 5313 5252 4931 5578 5582 5449 4702 5043 5363 5546 5160 5282 5262 5086 5548 5828 5503 5469 5345 5146 5676 5572 5421 5413 5227 5190 5590 5097 5028 4921 5325 5105 5257 5344 5147 4844 5253 5746 5015 5097 5404 5398 5432 5514 5626 5213 5572 5329 5528 5134 5038 5457 5335 5381 5113 5494 5416 5106 5782 4938 5392 5473 5431 5208 5385 6108 5458 5272 5133 5075 5309 5228 5492 5315 5670 5034 5415 5249 5099 5737 5378 5286 5322 5337 5368 5384 5417 5439 4778 5180 5488 5696 5686 4881 5427 5195 5171 5634 5859 5263 5002 5548 5558 5113 5307 5223 5858 5463 4975 5329 5087 5791 5257 5148 5602 5117 5368 4757 5703 5406 5051 5112 5482 4921 5633 5322 5807 4952 5301 5539 5556 5707 5043 5456 5336 5353 5224 5218 5203 5262 5157 5230 5596 5284 5061 5148 5009 5319 5041 4768 5380 5192 5012
5811 5491 4984 5105 5883 5480 5104 5508 5347 5880 5263 5373 5456 5507 5570 5770 4890 5505 5477 4966 5191 4903 5216 5222 5123 4970 5593 5373 5055 5248 4952 5294 5688 5002 5552 5386 5836 5426 5690 5368 5486 5057 5319 5162 5472 5506 5501 5375 5663 5568 5133 5441 5158 5634 5290 5578 4994 5466 5444 5270 5015 4879 5115 5482 5538 5469 5607 5312 5719 5498 5694 5481 4882 5351 5488 5412 5242 5224 5102 5693 5658 5408 5517 5596 5202 5479 5423 5620 5129 5610 5481 5605 5237 5460 4929 5936 5342 5718 5446 5306 5345 5306 5235 5415 5168 4905 5528 5860 5335 4778 5226 5364 5632 5107 5423 5292 5142 5533 5792 5768 5586 5148 5390 5465 5422 5502 5522 5328 5405 5422 5182 5269 5003 4776 5235 5644 5794 5427 5012 5034 5495 5028 5184 5155 5265 5476 5251 5777 5265 5779 5412 5451 5057 5158 5439 5297 5388 5119 5752 5162 5193 5747 4831 5527 5541 5708 5057 5634 5585 5537 5493 5300 5328 5092 5295 5168 5204 5611 4966 5399 4919 5117 5614 5458 5398 5137 5129 5479 5290 5293 5555 5050 5021 5467 5676 5492 4935 5316 5420 5349 5472 5667 4877 5023 5626 5432 5220 5275 5439 5940 5067 5220 5535 5259 5434 5287 5140 5227 5273 4896 4940 5512 5454 5292 5266 5395 5201 5627 4933 5606 4948 5302 5714 5615 5921 5021 5574 5045 5335 5455 5456 5381 5091 5280 5337 5827 5462 5558 5475 5352 5140 4892 4870 5328 5505 5195
5472 5396 4857 4883 5263 5186 4608 5243 4927 5386 5008 5186 5242 5086 4954 5374 4608 5358 5388 4664 5092 4854 5001 4818 5037 5064 5252 4993 4648 4800 4622 5231 5156 4673 5237 5163 5387 5206 5353 5235 5058 4808 5422 5229 5253 5294 5088 4941 5260 5227 5069 5024 4790 5309 5190 5171 4764 5140 4999 5084 4803 4617 5026 5111 5270 5289 5154 5096 5526 5424 4925 5395 4371 5112 5211 5538 5053 5053 4686 5374 5258 5243 5192 4899 5156 4954 5118 5488 5009 5313 4831 5261 5017 5080 4831 5587 4951 5149 5150 4779 5047 5066 5029 5057 4938 4750 5374 5388 4886 4546 4906 4913 5279 5027 5139 4948 5021 5252 5288 5229 5070 4981 5080 5103 5318 5294 5498 4879 4986 5178 4938 4933 4937 4723 4987 5293 4809 5118 4492 4964 5470 4885 4740 5148 5186 5060 5030 5673 5162 5147 5221 5268 4753 4967 5049 4878 5073 4906 5141 4786 5053 5377 4626 4955 5304 5493 5017 5257 5548 4993 5246 5048 4762 5010 5189 4910 4980 5284 5131 5128 5143 5114 5122 5008 4880 5023 4752 5168 5306 5037 5034 4869 4878 5164 5240 5257 4671 5146 4876 4850 5255 5471 4942 4590 5268 5289 4814 5143 4994 5637 4723 4791 5173 5312 5413 5047 4899 5164 4997 5057 4581 5533 5078 4928 5198 5124 4971 5377 4756 5295 4788 5102 5199 5194 5622 4833 5303 4684 4825 4964 5248 4750 4929 5185 4793 5295 5501 4758 5086 4991 4732 4838 4551 5266 5095 4791
5391 5048 4764 4830 5277 5055 4791 5167 4877 5622 5110 4921 5141 5100 5292 5159 4630 5079 5259 4674 5023 4734 4957 4724 4925 4764 5133 4796 4582 4760 4712 5146 5265 5052 4952 5267 5048 4929 5304 5202 5142 4842 4966 5046 5104 5120 4891 4942 5072 5174 4821 4978 4901 4983 5207 4907 4788 4875 4908 4807 4591 4570 4791 4886 5154 5020 5129 5053 5007 5179 4991 5459 4484 4989 4912 5249 5106 5041 4713 5247 5112 5122 5074 4994 5077 4912 4884 5523 4671 5152 4925 5054 4867 4899 4795 5182 5046 4997 5056 4988 5044 5106 5088 5020 5010 4462 5200 5441 4878 4386 4600 5041 5281 4789 5201 4787 5081 5257 5183 5150 5352 4995 4931 5120 5110 5005 5074 4846 4926 5077 4766 4599 4841 4607 4738 5036 5125 4779 4191 4910 5390 4553 4503 5121 4856 4937 5261 5358 4886 4940 4867 5164 4733 4902 5199 5115 4853 4678 4930 4808 4908 5246 4480 4958 5208 5129 4863 4884 5745 5057 4866 4655 4846 4789 5052 5010 4944 5188 4726 5210 5093 4899 5213 4964 4951 4876 5004 5246 4965 4765 4872 4719 4988 5114 5247 5129 4882 4883 4814 4776 5360 5380 4682 4409 5147 4876 4725 4927 4874 5237 4989 4618 5072 5001 5193 5015 4839 5189 4695 4918 4667 5364 4838 4879 4922 4892 4931 5285 4928 5134 4694 4874 5029 5140 5007 4642 4811 4878 4986 4685 4893 4803 4940 4859 4886 5181 5035 4920 4878 4889 4886 4708 4690 4964 4805 4758
5203 5237 4456 4630 5100 5002 4708 5056 4796 5585 4941 5002 5035 5136 5040 5338 4475 5162 4875 4641 4813 5013 4932 4683 4775 4820 5252 4643 4669 4726 4611 5459 5278 4685 5039 5078 5190 4870 5424 4825 4984 4581 4802 4976 5002 5044 5041 5004 5229 5143 4626 4554 4802 4998 5110 4898 4759 4717 4591 4761 4458 4711 4926 5138 5221 5032 4999 4773 4980 5221 5198 5383 4734 4740 5188 4992 4744 4705 4844 5267 5143 5055 5241 4962 5140 4918 4798 5333 4849 5337 4998 4964 5216 4948 4865 5221 4882 4942 4984 4928 4859 4980 4870 5069 4717 4368 5119 5212 5074 4284 4585 4916 5120 4971 4785 4670 4828 5060 5338 5095 5167 4753 4803 5152 5004 4862 5125 4709 4888 5286 4831 4835 4722 4589 4786 5018 5036 5053 4516 4860 5285 4921 4757 5133 4902 5007 4981 5286 4986 4794 4969 4841 4816 4595 5084 4931 5114 4471 4982 4757 4880 5221 4313 4672 5264 5341 4953 4904 5361 5029 5196 4791 4585 4652 4986 4727 4806 5461 4977 5139 4863 4586 5320 5008 4768 4831 4817 5273 4870 4808 4974 4758 4874 5219 5435 5062 4755 4929 5035 4666 5395 5566 4749 4749 4987 4804 4627 5114 4939 5362 4746 4957 4990 5071 5154 4935 4617 5145 4781 4696 4484 5113 4892 4862 4851 4867 4697 5112 4688 5085 4591 4881 4969 5160 5425 4348 4734 4484 4908 4809 5035 4912 4609 4734 5014 5243 4687 4995 4954 4967 4674 4756 4558 5075 5081 4752
5770 5236 5028 5249 5861 5359 5001 5525 5475 5904 5620 5360 5313 5540 5537 5540 4898 5722 5530 4875 5338 5159 5443 5188 5011 5037 5507 5275 5168 5307 4948 5322 5208 5254 5458 5632 5559 5321 5679 5423 5333 5279 5445 5428 5565 5394 5458 5449 5518 5484 5085 5395 5357 5246 5563 5369 4852 5190 5322 5046 5103 4997 4961 5394 5504 5419 5610 5360 5488 5483 5224 5557 4821 5248 5304 5595 5323 5385 5085 5658 5722 5755 5468 5516 5103 5457 5431 5878 5127 5673 5273 5299 5287 5272 5039 5743 4951 5610 5093 5333 5323 5520 5228 5370 5171 4918 5565 5706 5361 4704 5056 5346 5560 5087 5549 5293 5170 5345 5693 5793 5528 5435 5326 5471 5564 5435 5280 5426 5398 5456 5058 5090 4929 4922 4798 5367 5396 5140 4888 5203 5583 5056 4845 5358 5261 5298 5331 5554 5259 5403 5290 5413 5099 5254 5627 5489 5444 5300 5194 5248 5344 5726 4977 5209 5465 5600 5129 5624 6005 5309 5301 5179 5222 5198 5342 5343 5257 5641 5192 5548 5359 5044 5588 5279 5304 5533 5230 5659 5336 5335 5586 5032 5239 5465 5592 5567 5135 5024 5279 5253 5681 5694 5037 5044 5359 5246 5043 5409 5456 5921 5450 4951 5494 5456 5485 5310 5183 5430 5051 5246 5016 5340 5437 5245 5392 5645 5233 5849 5051 5545 4897 5677 5259 5734 5708 5069 5425 5021 5203 5385 5311 5256 5255 5168 5346 5627 5362 5239 5463 5288 5226 5251 4878 5437 5453 4813
5558 5086 4558 4677 5150 4963 4843 5063 5140 5574 5427 4940 4960 5046 5033 5263 4266 4999 5092 4670 4792 4726 4854 5018 4841 4680 5108 5132 4649 4910 4728 5093 5340 4852 4951 5045 5413 5183 5380 5002 5139 4644 4914 5222 5133 5102 4972 4976 5061 4853 4895 5254 4544 4992 5085 5174 4719 5252 5031 4808 4894 4731 4879 4968 5219 5211 5191 5115 5372 5103 5102 5423 4554 5112 5183 5476 5112 4908 4582 5248 5192 5114 5185 4889 5050 4799 5391 5448 4873 5032 4965 4856 4954 5150 4509 5386 5063 4933 4754 5061 5083 5240 4877 5158 4840 4465 5311 5358 5057 4568 4675 4896 5198 4898 4721 4700 4662 4995 5486 5373 5179 4950 4898 5199 5410 5151 5177 4833 4925 5209 4886 4623 4908 4757 4816 5104 5041 5016 4526 4929 5268 4724 4945 5205 5030 5061 4860 5351 4664 5162 5085 5118 4656 4711 5021 5157 4843 4598 5068 4877 4636 5407 4496 4942 5021 5233 4985 5311 5535 5025 5023 4926 5078 4967 5253 4934 4700 5293 4823 5270 4882 4758 5360 5020 4856 4856 4886 5361 4660 5089 4950 4623 4879 5413 5506 5040 4794 4948 4702 4708 5190 5367 4725 4673 5057 4940 4700 5191 5138 5333 4917 4741 5014 5050 5145 4813 4841 4889 4626 4735 4228 5102 4847 5054 5014 5178 4674 4964 4914 5113 4528 4799 5200 5178 5172 4727 5229 4662 5079 4820 5045 4884 4924 4880 4942 5216 5293 4729 5150 4760 4967 4938 4556 5034 4974 4725
5779 5479 5103 5303 5635 5266 5231 5435 5340 6060 5741 5032 5750 5394 5369 5491 4922 5666 5804 4933 5226 5210 5459 5380 5112 5088 5441 5304 4957 5406 5269 5573 5470 5258 5611 5906 5812 5478 5853 5574 5778 5102 5354 5473 5395 5593 5493 5457 5686 5470 5223 5437 5499 5555 5486 5632 4784 5636 5319 5391 4937 4864 5392 5480 6059 5501 5264 5345 5819 5597 5370 5633 4779 5340 5625 5764 5593 5068 4950 5723 5756 5674 5638 5462 5268 5871 5656 5800 5538 5811 5185 5253 5147 5268 5045 5987 5570 5549 5288 5645 5479 5187 5535 5388 5378 5014 5655 5849 5165 4734 5197 5760 5615 5146 5339 5366 5586 5586 5666 5715 5480 5432 5467 5682 5472 5545 5609 5080 5554 5687 5342 5073 5290 5192 4999 5648 5671 5329 5016 5180 5874 5144 5255 5509 5597 5337 5627 5751 5347 5533 5314 5478 5186 5333 5925 5387 5311 5167 5509 5396 5471 5867 5213 5369 5478 5522 5226 5709 6093 5567 5366 5199 5279 5427 5441 5312 5368 5685 5222 5459 5527 5089 5688 5420 5540 5224 5248 5705 5390 5326 5425 5337 5374 5779 5887 5638 5197 5268 5260 5284 5647 5784 5267 5183 5493 5482 5203 5312 5564 5979 5191 5192 5262 5204 5641 5211 5119 5530 5316 5126 4936 5312 5411 5372 5207 5634 5426 5705 5102 5443 5158 5344 5708 5551 5855 4957 5435 5301 5472 5211 5447 5247 5358 5284 5064 5564 5548 5692 5465 5292 5223 5038 4881 5645 5749 5081
5411 5384 4824 5259 5387 5064 4832 5487 5206 5580 5206 5201 5411 5180 5287 5584 4733 5394 5174 4766 5085 5104 5101 4913 5065 5130 5255 5151 4598 5207 4738 5688 5655 5021 5164 5463 5572 5332 5707 5318 5532 5026 5142 5206 5217 5404 5536 4982 5499 5338 5206 5110 5002 5626 5321 5397 4952 5333 5012 5140 4945 5104 5325 5192 5502 5205 5159 5048 5408 5397 5120 5749 4663 5014 5519 5449 5222 5100 4848 5596 5386 5432 5431 5337 5328 5508 5430 5660 5306 5613 5232 5292 5157 5275 5075 5511 5174 5155 5064 5383 5234 4987 5311 5454 5045 4759 5426 5564 5390 4717 4835 5108 5566 4936 5417 4938 5064 5355 5571 5643 5547 5151 5317 5239 5301 5496 5256 4891 5216 5306 5105 4937 4954 4990 4894 5699 5196 5133 4720 5105 5424 5099 4981 5531 5190 5164 5439 5521 5108 5316 5146 5167 5272 5067 5460 5135 5271 4994 5356 5450 4800 5452 4974 5319 5702 5328 5129 5354 5850 5468 5373 5057 4945 4946 5172 5231 5293 5693 5206 5039 5112 4884 5264 5368 5415 5150 5079 5442 5070 4942 5150 4975 5101 5528 5861 5502 5089 5296 5055 5005 5554 5637 5154 4770 5540 5279 4977 5167 5545 5633 4898 5168 5297 4952 5185 4808 5160 5506 5189 4790 4766 5445 5345 5139 4997 5529 5040 5473 4987 5307 4885 5150 5500 5201 5369 4805 5309 4982 5293 5131 5167 5011 5201 5149 5247 5650 5292 5136 5250 5201 5269 5018 5022 5493 5046 4987
6022 5740 4871 5346 6040 5686 5325 5305 5669 5899 5716 5182 5559 5336 5626 5569 4614 5310 5557 5216 5289 5207 5586 5441 4971 5287 5597 5076 5223 5470 5264 5627 5654 5234 5896 5638 5759 5534 5784 5097 5553 4947 5491 5282 5890 5701 5471 5506 5573 5774 5384 5430 5255 5657 5293 5464 5057 5362 5464 5275 5305 5196 5434 5309 5744 5194 5753 5674 5776 5578 5339 5834 4943 5516 5701 5747 5416 5277 5239 5809 5666 5595 5700 5350 5364 5495 5648 5633 5380 5454 5431 5475 5510 5557 5038 5830 5268 5551 5283 5366 5494 5606 5315 5521 5078 4864 5526 5733 5403 4670 5173 5251 5731 5374 5363 5343 5203 5522 5881 5757 5813 5233 5525 5719 5656 5493 5557 5447 5202 5730 5426 5215 5213 5044 5012 5477 5413 5278 4916 5170 5668 5067 4931 5666 5607 5246 5363 5776 5301 5859 5357 5448 5158 5221 5532 5381 5446 5157 5623 5319 5100 5551 5196 5428 5670 5823 5229 5701 5875 5457 5298 5543 5110 5243 5576 5508 5553 5714 5366 5485 5220 5176 5926 5413 5242 5261 5152 5525 5262 5393 5748 5335 5304 5650 5690 5499 5158 5246 5530 5157 5869 5857 4985 5228 5567 5464 4991 5380 5627 5820 5214 5215 5445 5371 5609 5083 5142 5569 5572 5308 4874 5471 5399 5393 5215 5602 5300 5830 5473 5502 5166 5409 5517 5709 5680 5029 5582 5198 5324 5369 5346 5243 5153 5259 5155 5720 5500 5350 5480 5385 5450 5002 4870 5445 5415 5301
5754 5232 4863 5049 5437 5307 4779 5115 5261 5569 5202 5162 5175 5343 5150 5536 4896 5418 5425 4806 5215 5375 5206 4913 4716 5161 5266 4961 4915 5168 5113 5395 5353 5028 5411 5672 5672 5147 5310 5136 5454 4776 5314 5250 5361 5388 5404 5272 5528 5429 5055 5203 5198 5355 5191 5422 5133 5221 5144 5159 4991 4881 5244 5255 5656 5411 5200 5032 5431 5208 4914 5520 4762 5223 5336 5333 5177 4873 4897 5426 5410 5468 5225 5376 5304 5303 5510 5236 5126 5466 5406 5193 5281 5357 5019 5443 5161 5207 5242 5247 5043 5171 5098 4923 5143 5063 5240 5518 5480 4792 5209 5436 5367 4933 5331 5144 4941 5319 5493 5643 5325 5149 5053 5627 5334 5321 5216 5071 4943 5375 5209 4852 4830 4662 4681 5326 5284 5083 4910 5025 5446 4795 5000 5202 5279 4988 5325 5213 5097 5318 5178 5261 4689 5162 5558 5200 5018 5040 5424 4891 5094 5676 4986 5265 5376 5491 5074 5487 5665 5494 5018 5027 4867 5149 5059 5037 5424 5673 5010 5385 4888 4966 5632 5097 5236 5077 5026 5377 5126 5074 5003 5020 5123 5246 5403 5466 4982 5222 5380 5077 5449 5696 4846 5159 5267 5295 4786 5055 5326 5636 5019 4910 5349 5321 5672 4991 4950 5528 5017 5091 4970 5512 5052 5146 5130 5404 4803 5573 4985 5430 4898 5070 5514 5323 5753 5103 5467 5025 5221 5035 5284 5004 5163 5072 5095 5394 5258 5140 5371 4902 5183 4863 4797 5246 5286 4750
5897 5723 4749 4968 5480 5731 4962 5377 5388 5947 5446 5411 5305 5329 5334 5998 5039 5839 5531 5011 5372 5186 5293 5165 5202 5355 5309 5134 4842 5237 5272 5457 5700 4938 5517 5708 5698 5169 5930 5448 5648 5204 5494 5355 5520 5667 5517 5362 5571 5531 5072 5259 5309 5459 5390 5620 4868 5271 5164 5132 5131 4956 5401 5132 5614 5349 5494 5392 5391 5879 5498 5874 5163 5299 5542 5660 5473 5371 5337 5851 5519 5647 5351 5485 5462 5384 5558 5767 5326 5564 5364 5534 5390 5411 4979 5839 5430 5593 5390 5379 5476 5407 5266 5072 5221 4924 5671 5822 5208 4881 5231 5392 5664 5237 5242 5353 5317 5503 5649 5750 5561 5347 5463 5669 5382 5429 5503 5321 5354 5691 5338 4935 4984 4991 5088 5212 5483 5349 4857 4999 5756 5171 5177 5729 5454 5355 5360 5781 5224 5548 5263 5395 5022 5334 5757 5279 5275 4955 5569 5353 5300 5725 4863 5453 5462 5523 5289 5622 5996 5265 5732 5127 5178 5245 5692 5401 5415 5582 5412 5220 5155 5276 5893 5586 5410 5403 5326 5495 5280 5273 5314 5191 5427 5697 5762 5564 5018 5314 5522 5339 5869 5829 5066 4918 5710 5246 4915 5374 5241 5655 5159 5127 5486 5269 5735 5374 5154 5715 5436 5198 5227 5614 5281 5288 5179 5498 5337 5762 5022 5520 5108 5484 5427 5415 5778 4811 5253 5028 5148 5209 5401 5522 5330 5324 5182 5478 5621 5231 5421 5462 5381 5111 5224 5296 5344 5040
5561 5283 4590 4773 5233 5114 4609 5285 5080 5889 5246 4967 5152 5096 5074 5422 4639 4993 5298 4640 4770 4783 5200 4924 4885 4955 5176 5048 4785 4975 4960 5410 5188 5067 5208 5496 5485 4886 5307 5410 5629 4678 5065 5345 5147 5455 5230 5062 5272 5354 5013 4964 4804 5080 5063 5363 4824 5123 4979 4793 4841 4769 5189 5396 5439 5122 5097 5000 5061 5157 5141 5357 4723 4905 5136 5281 4973 4846 4872 5300 5390 5117 5256 5331 5195 5196 5284 5330 4913 5391 5278 5202 4917 5008 4748 5538 5288 5205 4753 5035 5269 5332 5068 4925 5109 4926 5334 5365 5146 4563 4719 4976 5495 4816 5287 4817 4974 5262 5381 5502 5124 5034 4989 5276 5147 4995 5161 4907 5081 5362 5031 4947 4780 4967 4612 5299 4979 5230 4856 5109 5354 4677 4892 5164 5122 5012 5030 5402 4939 5190 5267 4896 4649 4981 5402 5062 5051 4848 5159 5083 5017 5321 4544 5170 5319 5246 5034 5427 5661 5139 5348 4765 4779 4881 4889 5105 5116 5546 4890 5301 5058 5097 5321 5279 5105 4833 4865 5196 5130 4918 4909 4458 5100 5253 5470 5208 4952 4817 5132 4694 5503 5376 4926 4774 5313 5089 4619 5265 5176 5629 4983 5104 5013 5121 5201 4816 5146 5354 5009 4925 4694 5104 5122 5017 5037 5131 4969 5518 4906 5606 4688 5251 5297 5361 5715 4701 5070 4795 5062 4911 5049 4901 5073 4959 5231 5306 5045 4844 5236 5076 4851 4831 4710 5300 4979 4650
5419 5301 4917 4898 5142 5163 4357 5244 4883 5613 5127 4886 5006 5146 5075 5156 4826 5204 5148 4450 4972 4899 5220 4750 4890 4812 5159 4761 4630 4882 4482 5075 5059 4746 5207 5137 5355 4916 5261 4824 4834 4688 4976 5011 5151 5122 4889 5132 5155 5311 4588 4822 4867 5024 5023 4986 4523 5181 5064 4919 4806 4811 4970 4868 5264 5271 5148 4750 5205 5036 4943 5525 4882 4919 4866 5222 5123 5015 4717 5177 5143 4884 5023 5128 5079 5019 5001 5326 4746 5367 4883 5144 5199 4944 4978 5233 5046 4945 4793 5255 4916 5262 4701 4754 4924 4489 5013 5266 5005 4708 4927 4988 5299 4833 5011 4914 4671 5181 4884 5441 4987 5050 5025 5314 4951 4930 5101 5066 5014 5266 4942 4426 4912 4606 4940 5239 5105 4752 4470 4728 5338 4764 4726 4946 4844 4797 5218 5273 4841 4902 5014 5087 4900 4990 5214 5055 4914 4822 4909 4829 4894 5344 4620 4910 5218 5232 4619 5173 5570 5145 5038 4761 4608 4871 4938 4673 4798 5290 4568 5039 5013 4901 5479 5079 4860 4829 4774 5145 4891 4966 4858 4799 4840 5119 5172 5284 4637 4866 5037 4885 5357 5538 4847 4649 5198 4958 4815 4993 5249 5391 4729 4792 5118 5156 5138 4667 5062 5266 4935 4727 4569 5062 4694 4917 5211 5393 4777 5381 4780 5313 4777 4865 5089 5087 5552 4837 5234 4398 5085 4721 5060 4861 4677 4839 4881 5187 5066 4946 4878 4725 4558 4757 4691 4871 5154 4647
6041 5569 4945 5171 5829 5356 5387 5915 5691 6157 5597 5402 5545 5784 5499 5756 5096 5741 5762 4808 5074 5410 5634 5388 5393 5468 5545 5471 5129 5378 5156 5593 5670 5440 5811 5770 5713 5590 5805 5565 5811 5192 5633 5669 5668 5714 6007 5367 5530 5762 5370 5346 5299 5541 5800 6075 5292 5525 5401 5396 5234 5008 5415 5478 5594 5673 5880 5368 5679 5584 5672 5688 5143 5254 5430 6054 5714 5477 5477 5740 5492 5755 5761 5480 5627 5446 5674 5903 5138 5781 5506 5607 5596 5448 5347 5753 5428 5509 5475 5678 5444 5609 5510 5637 5525 5092 5600 5905 5637 5269 5032 5530 5773 5421 5812 5193 5234 5640 5642 6081 5640 5473 5702 5699 5597 5590 5215 5504 5597 5773 5431 5335 5257 5065 5251 5682 5619 5541 4862 5533 5839 5478 5181 5491 5469 5534 5685 5636 5381 5352 5442 5657 5419 5409 5618 5564 5352 5348 5816 5415 5178 5821 5083 5481 5819 5452 5359 5672 6202 5802 5478 5470 5370 5263 5554 5357 5444 5863 5397 5592 5358 5387 5508 5310 5545 5505 5425 5694 5527 5529 5683 4942 5390 5599 5979 5585 5314 5695 5509 5180 5776 5801 5334 5152 5761 5794 5193 5296 5808 5756 5118 5475 5556 5623 5625 5484 5159 5582 5537 5331 5163 5556 5515 5353 5323 5885 5514 5906 5357 5924 5061 5468 5634 5820 5873 5141 5490 5190 5728 5409 5552 5104 5483 5246 5347 5884 5453 5560 5604 5626 5340 5289 5217 5594 5544 5344
5588 5307 4721 4949 5421 5197 4604 5165 5399 5299 5297 5215 5129 5221 5195 5381 4785 5188 5234 4700 5097 5119 5057 5071 5026 5112 5246 4865 4808 4958 4932 5297 5258 5049 5384 5614 5441 5080 5613 5249 5053 4868 5225 4953 5134 5422 5412 5276 5369 5270 5070 5224 5269 5153 5132 5420 4781 5075 4925 4896 4780 4810 5177 5358 5577 5151 5280 4987 5345 5450 5237 5385 4634 5434 5259 5469 4995 5113 4873 5554 5295 5408 5196 5095 5146 5191 5372 5566 5115 5242 5277 5237 5184 5098 5018 5323 4890 5226 5055 5071 5139 5470 5141 4972 5049 4840 5381 5530 5359 4502 4942 5213 5363 4993 4999 4873 4986 5157 5491 5630 5576 5188 4967 5323 5216 5384 5226 4967 5252 5365 5024 4928 4872 4889 4941 5105 5257 5219 4838 4920 5353 4895 5095 5266 5326 5437 5177 5427 5166 5140 4966 5027 5140 5037 5247 5307 4946 5029 5339 4941 5046 5244 4728 5131 5357 5493 4856 5220 5947 5419 5096 4718 4603 5028 5094 5102 5157 5690 5064 5151 5050 4840 5139 5081 5161 5256 5156 5546 5142 5091 5383 4800 5297 5248 5557 5348 4865 5139 4955 4893 5322 5599 5090 4963 5173 5240 5039 5095 5260 5661 5045 4900 5177 5212 5575 5150 5032 5420 4871 4920 4611 5255 5031 4823 5189 5421 4915 5368 4618 5425 4841 5430 5221 5544 5618 4580 5307 4693 5257 4895 5151 4963 4975 5107 4972 5258 5193 4980 5229 5200 5227 4841 4719 5357 4973 4470
5285 5439 4764 4952 5409 5120 4884 5111 5499 5816 5200 5118 5016 5082 5217 5312 4698 5238 5349 4726 5071 4668 5220 5037 4820 4982 5335 5288 4621 5072 5017 5255 5359 4827 5339 5427 5288 5326 5546 5382 5327 4837 5113 5544 5408 5012 5223 5106 5389 5350 4969 5478 5141 5395 5234 5256 4743 5228 5053 5022 4859 4910 5001 5096 5415 5036 5604 5421 5267 5179 5168 5504 4455 5293 5363 5470 5236 5080 5039 5474 5254 5329 5433 5247 5237 5102 5173 5712 5085 5534 5109 5105 4976 5047 4617 5374 5154 5335 4929 5300 5192 5132 5070 5213 5028 4936 5448 5423 5347 4755 4637 5299 5245 4968 5240 5052 5220 5310 5426 5504 5602 4985 5077 5370 5520 5223 5001 5109 5473 5290 5419 4898 4889 4972 5015 5290 5163 5210 4831 4865 5341 5108 4867 4969 5192 4987 5182 5213 4973 5120 5232 5084 5073 4952 5448 5050 5092 5039 5294 4911 4773 5217 4757 5285 5595 5200 5142 5504 5534 5268 5063 5111 4916 4842 5117 5334 4894 5334 5105 5078 4902 4735 5518 5256 5240 5107 5039 5434 4899 4905 5050 4936 5106 5069 5415 5543 4907 5076 5353 4948 5628 5520 5000 4868 5374 5245 5026 5319 4976 5365 4967 5007 5289 4986 5209 4940 4933 5324 5101 5003 4912 5110 5116 5129 5017 5166 5113 5668 4947 5329 4825 5284 5407 5387 5507 5019 5561 4817 5046 4992 4900 4990 5037 4917 5061 5345 5175 5217 5069 5204 4724 4715 4840 4934 5170 4885
6008 5437 4686 5518 5614 5613 4994 5529 5490 5928 5475 5056 5422 5408 5718 5724 4692 5568 5262 5241 5180 5350 5261 5286 5052 5117 5549 5231 4891 5290 5002 5254 5231 5280 5639 5396 5424 5345 5505 5249 5345 4829 5436 5235 5519 5513 5582 5416 5571 5572 5300 5205 5330 5363 5239 5517 5008 5296 5256 5133 4991 4962 4992 5288 5512 5368 5634 5286 5563 5209 5249 5643 4787 5368 5364 5770 5350 5326 5142 5681 5509 5408 5592 5275 5191 5262 5393 5845 5384 5523 5294 5284 5292 5345 5206 5923 5114 5532 5259 5291 5213 5336 5171 5425 5304 5115 5390 5587 5541 4801 4941 5465 5673 5150 5378 5134 5217 5531 5728 5716 5536 5039 5137 5535 5477 5292 5574 5247 5315 5340 5273 5264 4967 4840 5279 5643 5283 5076 5010 5096 5687 4905 4827 5866 5207 5340 5473 5610 5411 5235 5303 5165 5448 5201 5498 5100 5484 5102 5225 5354 5274 5330 4737 5399 5506 5481 5239 5496 5762 5477 5391 5252 5158 5024 5567 5289 5307 5811 5362 5163 5075 5099 5567 5406 5130 5270 5082 5606 5492 5082 5592 5371 5002 5466 5652 5304 5057 5137 5268 5185 5436 5670 5074 5295 5621 5426 5311 5441 5318 5814 5209 5102 5341 5390 5386 5156 5247 5484 5200 5002 4791 5798 5287 5186 5439 5500 5357 5698 5096 5388 4937 5342 5581 5581 5468 5217 5610 4841 5423 5033 5637 5353 5154 5116 5174 5696 5493 5325 5319 5344 5247 5267 4915 5299 5338 5235
5451 5384 4753 5013 5472 5022 4831 5045 5210 5694 5335 4951 5209 5087 5316 5512 4722 5109 5215 4771 4979 4993 5216 4877 5017 5093 5192 4951 4604 5117 4774 5114 5494 4789 5246 5285 5537 5008 5297 5332 5140 5083 5025 5074 5061 5308 5361 5053 5128 5233 5141 5076 4856 5187 5570 5426 4725 5076 5052 4859 4714 4947 4897 4983 5067 5201 5063 4993 5414 5488 5092 5174 4674 5137 5226 5545 5318 4991 4851 5434 5463 5199 5364 5001 4978 5004 5073 5520 4785 5278 5096 5194 5059 4958 4902 5396 5087 5211 5202 5286 4933 5162 5212 5256 4893 4636 5336 5078 5058 4608 4833 5184 5411 4786 5028 5082 4905 5348 5414 5333 5227 4952 5218 5344 5366 5238 5148 4696 5213 5348 5032 4803 4856 4758 4841 5272 5106 5135 4313 4798 5503 5117 4899 5120 5346 5067 5193 5243 4894 5238 5181 5171 4877 4925 5407 5227 4897 4745 5272 5003 4762 5481 4615 5349 5386 5348 4889 5165 5834 5105 5197 5023 5098 5085 5153 4969 5089 5533 5062 5290 5047 4799 5261 5086 5008 5015 4725 5137 5248 5118 5101 5010 5198 5164 5526 5421 4750 5181 4973 5082 5260 5611 4891 4276 5251 5249 4795 5102 5337 5438 4818 4751 5263 5177 5345 5016 4702 5170 5207 5262 4819 5280 4996 5139 4677 5251 5145 5284 4750 5361 4734 5354 5177 5490 5572 4633 5144 5190 4938 5027 5365 4801 4824 4941 4858 5252 5085 4799 5099 5182 4768 4691 4496 4979 4785 4720
5517 5246 4736 5062 5243 5390 4729 5245 5137 5578 5123 5198 4803 5160 5147 5648 4787 5525 5228 4780 5084 5061 5189 4881 4875 5109 5463 4986 4885 4980 4951 5537 5372 5014 5415 5243 5587 5096 5412 5190 5282 4990 5472 5532 5224 5355 5463 5347 5224 5346 4720 5215 5353 5373 5273 5355 4861 5036 5086 5057 4738 4766 4940 5184 5432 5351 5432 4988 5292 5290 5142 5302 4769 5465 5163 5354 5201 5313 4864 5412 5504 5154 5184 5232 5215 5251 5304 5668 5077 5476 5202 5381 4961 5097 4902 5254 5170 5354 5166 4954 5031 5058 4865 5186 4941 4711 5225 5310 5215 4912 4952 5179 5469 5066 5245 5010 4940 5221 5359 5445 5561 5195 5045 5333 5547 5438 5257 5124 5307 5195 5123 4963 5040 4843 4576 5136 5372 4902 4892 4815 5515 4759 4953 5173 5275 5056 5146 5519 5119 5434 5342 4999 5086 5218 5251 5242 5122 4999 5597 4908 5094 5424 4852 5273 5242 5343 4818 5521 5687 5278 5321 4952 4844 5091 4906 4916 5178 5336 5178 5151 5146 4854 5490 5421 5407 5235 5098 5520 5011 4931 5182 4951 5236 5110 5596 5619 4959 5254 4983 5083 5498 5610 4965 5083 5260 5199 4875 4911 5271 5473 5123 4737 5374 4954 5421 5100 4951 5586 4976 4790 5103 5284 5255 5103 4923 5174 4903 5580 4868 5273 4768 5416 5248 5141 5481 4753 5192 4740 5147 5218 5249 5259 4957 4941 5097 5515 5153 5042 5389 5115 4811 4947 4536 5200 5273 4642
5705 5249 4877 5019 5484 5142 4576 5106 5258 5920 5280 5284 5188 5396 5316 5387 4555 5453 5469 5079 5151 5160 5164 5010 5037 5127 5396 5017 4818 5130 4914 5409 5512 4833 5430 5421 5617 5166 5806 5226 5428 5004 5328 5471 5564 5524 5497 5182 5388 5457 5347 5021 5018 5401 5352 5336 4759 5117 5030 4881 4854 5039 5212 4998 5301 5114 5605 5081 5469 5590 5159 5730 4937 5272 5193 5552 5241 5082 5077 5252 5625 5443 5550 5287 5253 5421 5573 5483 4825 5607 5177 5330 5154 5207 4922 5462 5156 5294 5211 5341 5126 5415 4977 5158 5082 4874 5195 5658 5044 4481 5072 5102 5523 5459 5232 4737 5058 5209 5580 5479 5515 5096 5167 5325 5303 5077 5352 5198 5086 5329 5238 4798 4874 4962 4907 5242 5223 5173 4659 4750 5304 5106 4933 5319 5115 4827 5470 5624 5297 5452 5327 5208 4985 5228 5632 5159 4980 4914 5333 5312 5163 5739 4707 5443 5505 5543 5120 5425 5698 5473 5220 4995 4799 4917 5421 5357 5207 5598 5033 5011 4940 5115 5625 5347 5095 5128 5070 5615 5176 5136 5250 5204 4992 5377 5441 5368 4857 4947 5173 5103 5658 5607 5035 4949 5563 5119 4929 5155 5371 5604 5065 4795 5129 5253 5118 5028 4983 5177 5204 4957 4827 5357 5177 5218 5155 5491 5231 5463 5080 5553 4851 5434 5585 5520 5882 5034 5353 4976 4969 5088 5143 5258 4984 5072 5037 5378 5365 4806 5433 5195 5018 4905 4895 5469 5038 4881
5780 5488 4813 5187 5823 5557 4944 5531 5417 5899 5865 5367 5464 5744 5570 5816 5144 5694 5794 5280 5066 5193 5640 5479 4989 5372 5535 5902 5170 5531 5255 5504 5529 5442 5711 5874 5973 5404 5796 5530 5738 5206 5683 5570 5673 5744 5481 5661 5657 5549 5414 5510 5296 5500 5505 5627 5358 5329 5550 5329 4979 5239 5218 5459 5957 5616 5593 5529 5997 5597 5493 5751 5079 5413 5655 5893 5340 5383 5091 5850 5573 5768 5654 5451 5515 5658 5766 5836 5282 5683 5522 5272 5221 5482 5313 6064 5568 5711 5226 5765 5446 5835 5449 5409 5516 5021 5627 5825 5456 4808 5109 5673 6021 5407 5314 5102 5419 5606 5778 5780 5603 5537 5407 5699 5496 5319 5560 5440 5405 5716 5495 5344 5347 5116 5073 5780 5551 5540 4940 5470 5871 5193 4880 5771 5342 5353 5367 5934 5427 5442 5576 5709 5390 5462 5813 5476 5483 5112 5603 5605 5292 5885 4950 5746 5670 5780 5431 5898 5867 5305 5589 5395 5406 5618 5609 5355 5373 5746 5263 5292 5562 5310 5617 5518 5809 5287 5220 5663 5630 5496 5641 5311 5465 5691 5690 5579 5121 5252 5326 5267 5794 5771 5516 5210 5839 5478 5230 5404 5761 6026 5141 5146 5638 5710 5464 5361 5339 5894 5717 5078 5388 5530 5488 5207 5249 5290 5684 5821 5179 5846 5208 5634 5595 5879 5733 5222 5761 5050 5435 5423 5333 5344 5401 5210 5287 5840 5785 5234 5525 5435 5486 5179 5014 5367 5471 5105
5994 5372 5008 5124 5715 5420 4889 5467 5274 5909 5500 5139 5434 5305 5287 5480 4948 5478 5565 4836 5002 5112 5412 5457 5026 5166 5347 5256 4856 5161 5183 5426 5634 5140 5504 5554 5586 5432 5655 5660 5339 5171 5417 5605 5405 5703 5447 5354 5496 5198 5162 5336 5225 5566 5588 5319 4972 5409 5260 4793 5038 4960 5256 5328 5322 5558 5528 5185 5533 5560 5314 5862 4786 5353 5339 5754 5520 5403 5215 5605 5496 5350 5426 5296 5274 5619 5577 5679 5305 5336 5134 5417 5137 5260 5017 5651 5272 5449 5163 5343 5351 5438 5398 5204 5255 5012 5447 5645 5403 4728 4967 5281 5470 5226 5616 5137 5288 5593 5688 5439 5394 5429 5643 5518 5517 5499 5636 5011 5416 5510 5259 5058 5066 4907 5169 5516 5336 5343 4806 5103 5779 5123 4980 5562 5109 5356 5598 5580 5146 5405 5274 5352 5425 5352 5493 5309 5208 5073 5529 5181 5271 5798 5100 5691 5572 5626 5128 5495 5914 5541 5555 5215 5376 5405 5571 4927 5262 5721 5063 5413 5153 5124 5746 5287 5254 5272 5139 5583 4821 5405 5235 5223 5270 5197 5631 5346 4832 5558 5189 5397 5256 5751 5389 4992 5604 5494 5029 5191 5636 5569 5245 5154 5369 5259 5640 5321 4965 5460 5284 5151 4719 5527 5314 5331 5336 5557 5471 5785 5220 5648 5114 5451 5413 5349 5490 5024 5582 5038 5426 5203 5415 5005 5246 5225 5069 5526 5390 5297 5515 5288 4784 5028 4742 5300 5419 4979
5474 5366 5033 4925 5326 5215 4631 5237 5083 5817 5056 5180 5153 4942 5177 5550 4975 5154 5297 4804 4735 4881 4889 5124 4711 5108 5333 5299 4627 5160 4830 5158 5752 5199 5223 5322 5682 5169 5399 5331 5625 4950 5201 5237 5041 5278 5314 5040 5308 5267 5270 5009 5089 5387 5186 5171 4680 5337 5022 4728 4798 4957 5203 4871 5160 5230 5101 4925 5434 5644 4954 5577 4512 5396 5211 5459 5219 4994 4768 5425 5207 5194 5231 5211 4991 5199 5301 5385 4810 4999 5025 5179 5096 4933 4839 5434 5187 5112 4989 5495 5039 5128 5034 5316 4847 4561 5261 5387 5305 4578 4754 5142 5291 4926 5150 4909 4832 5225 5294 5224 5497 4941 5102 5310 5390 5185 5198 4642 4919 5269 5195 4885 5089 4868 4844 5206 5172 5024 4953 4871 5374 4722 4782 5346 5159 5211 5083 5318 4959 5263 5258 5156 4992 5191 5183 4904 5087 4907 5387 4841 4793 5333 4689 5179 5365 5362 4845 5327 5753 5097 5309 5010 4805 4912 5173 4829 5200 5464 4874 5009 5023 4774 5498 5329 4955 5019 4933 5613 5001 4955 4999 4982 5130 5224 5423 5457 4848 5108 4814 5011 5065 5606 5197 4727 5510 5271 4864 5270 5433 5329 4771 5195 5157 4955 5183 4856 4709 5234 5135 4809 4659 5011 5319 4940 4861 5062 5103 5423 4648 5435 4849 5243 5282 5403 5448 4708 5494 4859 5143 4854 5437 5124 5082 4920 5197 5276 5155 4889 5132 5091 4826 4686 4899 5041 5212 4759
6064 5820 5345 5413 5930 5941 5194 5706 5846 6400 5964 5545 5492 5839 5667 6244 5127 6016 5815 5480 5483 5549 5790 5352 5539 5496 5660 5697 5505 5811 5549 5411 5929 5494 6067 5921 6062 5614 5932 5824 5873 5522 5642 5652 5782 5909 5708 5764 5854 5860 5674 5666 5414 5728 5990 5650 5355 5464 5390 5613 5306 5461 5845 5451 5878 5708 5872 5451 5770 5905 5835 6316 5436 5642 5802 5906 5574 5618 5365 5944 5994 5779 5854 5642 5827 5754 5950 6026 5524 6040 5629 5548 5365 5830 5307 6305 5627 5731 5513 5902 5662 6009 5446 5609 5455 5006 5808 6125 5650 5350 5257 5654 5896 5430 5528 5592 5497 6062 6054 6116 5913 5710 5450 6054 5881 5635 5730 5433 5599 5843 5651 5239 5269 5512 5659 5835 5733 5524 4994 5296 5973 5398 5295 5781 5730 5631 5783 5934 5465 5473 5989 5950 5574 5454 6028 5344 5408 5326 5751 5807 5555 6007 5149 5835 5746 5845 5706 6032 6241 5645 5822 5469 5540 5509 6044 5617 5696 6092 5725 5581 5627 5628 5920 5610 5586 5491 5555 5920 5683 5517 5624 5434 5620 5838 6081 5758 5433 5359 5584 5539 6036 6160 5417 5181 6196 5580 5372 5665 5634 6047 5796 5390 5909 5597 5841 5682 5392 5838 5656 5417 5209 5989 5529 5651 5264 5772 5438 5866 5727 5849 5379 5812 5861 5906 5869 5514 5804 5413 5320 5494 5629 5647 5711 5528 5311 5862 5713 5423 5549 5685 5499 5349 5289 5497 5762 5329
5506 5518 4559 5231 5455 5467 4763 5275 5248 6057 5402 5123 5337 5628 5156 5515 4746 5409 5820 4858 5111 5161 5289 5314 4939 5045 5188 5097 4850 5222 4887 5445 5205 4916 5354 5437 5620 5259 5690 5496 5464 5144 5360 5295 5455 5625 5474 5173 5440 5543 5079 5042 5215 5312 5375 5261 4867 5087 5216 5230 4985 5104 5549 5181 5690 5398 5485 5266 5352 5519 5289 5598 4855 5326 5410 5644 5437 5250 4997 5383 5282 5494 5662 5402 5189 5262 5168 5794 5110 5563 5072 5344 5171 5403 5036 5861 5051 5411 5164 5209 5080 5422 5402 4851 5135 4800 5293 5726 5080 5139 5133 5292 5671 5054 5404 4951 5064 5554 5412 5757 5240 5355 5231 5371 5491 5380 5343 4915 5329 5531 5299 4976 5124 5039 4805 5465 5457 5034 4986 5128 5716 4882 4864 5304 5259 5230 5479 5769 5117 5210 5323 5371 5131 5047 5811 5416 5242 5112 5301 5044 5259 5523 4916 5241 5339 5314 5422 5416 5973 5537 5155 5055 4852 4971 5395 5124 5275 5685 5087 5136 5068 5038 5568 5217 5171 5161 5138 5465 5099 5191 5215 5072 5056 5384 5561 5278 5137 5043 5225 5194 5410 5683 5048 5087 5579 5219 5071 4932 5177 5764 5237 4907 5189 5322 5371 5193 5139 5649 5489 4876 4667 5447 5295 5235 4966 5319 5138 5404 4969 5359 4980 5267 5424 5433 5565 4656 5119 5124 5240 4912 5210 4998 5218 5134 4853 5526 5389 5140 5320 5129 4895 5049 4753 5180 5292 4996
5288 5097 4460 4890 5149 5000 4702 5360 5144 5529 5000 4790 5076 5195 5320 5255 4498 5473 5007 4585 4838 4826 4936 4526 4883 4941 5055 4780 4677 4896 4992 5085 5287 4586 5159 5127 5153 4938 5257 4998 5180 4715 4935 5136 4964 5150 5069 4841 4969 5136 4810 4968 4928 5270 4943 5430 4979 5169 4510 4446 4573 4741 5094 4776 5391 4951 5304 4886 5094 4888 5012 5426 4244 4955 5059 5457 4860 4895 4912 5163 5339 5150 5185 5068 4790 5169 5221 5217 4676 5301 5127 5122 4915 4877 4521 5118 4815 5052 4741 4892 5022 5091 4895 4969 4765 4739 5183 5424 5010 4564 4863 5179 5279 4776 5136 4881 5003 5190 5297 5201 5057 4886 4904 5156 4923 4978 5075 4760 5004 5156 4960 4778 4832 4477 4780 5017 4923 4998 4643 4870 5264 4832 4746 5086 4880 4997 5111 5295 4970 4997 5068 4784 4825 4771 4922 4945 4912 4813 5187 5078 4780 5181 4515 5002 5139 5210 4798 5169 5520 5216 4770 4733 4883 4778 4864 4808 4937 5304 4987 5071 4860 4885 5148 5202 5133 4730 4889 5228 4937 4513 4997 4726 5053 5016 5273 5163 4824 4617 5190 4742 5438 5429 4766 4907 5090 4984 4771 5035 5070 5308 4748 4550 4970 4808 5290 4925 4618 5342 4906 4781 4529 5081 4910 4888 4810 5061 4734 5246 4545 5063 4566 5093 5079 5158 5427 4765 5096 4800 5068 4726 5066 4700 4687 4845 4887 5001 4912 4848 5231 4759 4855 4753 4274 5137 5039 4505
5925 5393 4882 5165 5613 5432 4791 5380 5459 5778 5394 5325 5314 5403 5276 5420 4615 5136 5442 4934 5125 5240 5541 5182 4764 5233 5441 5124 4828 5348 5010 5018 5345 5148 5500 5454 5569 5124 5362 5182 5445 4786 5057 5313 5497 5198 5344 5166 5432 5439 5184 5250 5081 5165 5441 5310 5009 5432 5198 4941 4972 4931 5189 5060 5667 5336 5456 5104 5735 5710 5668 5588 4846 5360 5404 5442 5059 5079 5179 5519 5544 5478 5363 5458 5215 5570 5556 5417 4961 5601 5415 5201 5324 5354 4879 5730 5192 5236 5409 5438 4982 5408 5098 5404 5213 4578 5197 5571 5195 4806 5001 5185 5682 5158 5393 4860 5152 5300 5538 5417 5255 5137 5359 5711 5339 5386 5301 5336 5233 5468 5342 5071 5064 4717 5025 5547 5254 5341 4692 5133 5780 5056 4780 5373 5231 5341 5425 5703 5103 5181 5196 5466 4923 5268 5449 5117 5192 5139 5419 5089 5301 5493 4921 5315 5632 5636 5212 5481 6073 5371 5406 5046 5371 5032 5398 5033 5293 5604 4812 5287 4938 5051 5745 5206 5506 5193 4763 5681 5163 5346 5355 5151 4935 5417 5666 5144 4973 5060 5251 5168 5701 5626 4996 4864 5282 5238 4836 5254 5513 5704 4987 4914 5413 5455 5490 5161 5080 5534 5211 5155 4661 5460 4981 5111 5278 5341 5022 5433 5021 5451 5335 5302 5389 5483 5694 4985 5361 5151 5020 5055 5272 5076 5150 5132 5287 5711 5262 5263 5359 5048 5302 4985 4763 4993 5112 4902
5744 5390 5271 5069 5512 5363 4861 5405 5170 5702 5399 5398 5156 5335 5700 5672 4848 5344 5587 4932 5253 5064 5305 5192 5213 5161 5211 5294 4615 5202 4936 5350 5472 5044 5497 5440 5669 5284 5621 5251 5459 4915 5416 5258 5550 5504 5211 5125 5662 5328 5150 5366 5006 5344 5340 5377 4775 5363 5070 5054 4807 4671 5353 5335 5755 5328 5447 5152 5570 5478 5506 5540 4664 5414 5334 5563 5413 5096 4914 5560 5579 5364 5367 5515 5024 5291 5327 5699 5077 5502 5301 5501 5365 5288 4973 5602 5424 5255 5048 5390 5292 5307 5242 5271 5227 4871 5589 5702 5335 4802 5078 5257 5486 5111 5327 4996 5065 5313 5485 5526 5446 5187 5372 5555 5367 5329 5360 4900 5297 5560 4851 4818 5054 4889 5027 5371 5333 5242 4626 5299 5783 4974 5175 5313 5300 5124 5451 5714 5162 5475 5384 5353 4857 5202 5581 5035 5029 4763 5388 4908 5126 5487 4725 5434 5375 5513 4947 5575 6014 5537 5405 4914 5061 5200 5119 5116 5076 5689 5051 5335 5039 4815 5600 5260 5184 5192 4896 5484 5301 5106 5177 5033 5162 5374 5739 5537 5080 5268 5082 5031 5698 5547 4895 4885 5488 5380 5163 5271 5175 5803 4959 4971 5448 5134 5483 5069 5189 5412 5189 5114 4823 5453 5016 5218 5345 5270 4968 5556 5150 5527 4990 5014 5467 5290 5687 5034 5524 5053 5292 5140 5242 4978 5164 5126 5035 5583 5238 5193 5505 5049 5122 5110 4826 5327 5338 4938
5821 5846 5013 5307 5846 5741 5136 5557 5626 5987 5629 5312 5457 5667 5506 5660 5045 5700 5600 5081 5345 5298 5622 5417 5370 5548 5467 5579 5014 5387 5027 5527 5765 5288 5717 5850 5945 5402 5881 5717 5922 5385 5657 5413 5624 5947 5807 5476 5878 5570 5243 5588 5281 5643 5627 5589 4989 5478 5503 5331 5089 5332 5507 5486 5854 5652 5649 5610 5867 5861 5359 5897 4762 5656 5585 5827 5547 5615 5097 5913 5777 5860 5816 5439 5433 5499 5686 6037 5291 5918 5607 5640 5481 5422 5084 6020 5633 5515 5375 5834 5342 5782 5409 5661 5396 4994 5959 5794 5533 4879 5169 5585 5763 5257 5445 5328 5357 5631 5993 5899 5855 5292 5322 5677 5679 5529 5575 5414 5422 5606 5310 5136 5399 5089 4958 5732 5421 5429 5185 5518 5732 5234 5099 5569 5558 5591 5394 5890 5343 5519 5586 5658 5460 5276 5648 5222 5580 5159 5888 5399 5280 6035 5205 5529 5610 5890 5482 5926 6096 5415 5286 5188 5172 5392 5605 5546 5355 5977 5381 5391 5459 5276 5745 5568 5410 5519 5518 5795 5696 5258 5514 5199 5474 6066 5860 5885 5168 5274 5453 5243 5803 5712 5174 5453 5842 5641 5500 5566 5685 5937 5489 5495 5396 5602 5783 5428 5192 5693 5500 5474 4849 5627 5516 5189 5276 5583 5384 5714 4987 5819 5338 5431 6026 5581 6021 5375 5764 5300 5413 5484 5460 5475 5277 5643 5303 5796 5819 5347 5663 5502 5276 5143 5087 5761 5604 5153
5303 5091 4768 4882 5344 4792 4920 5142 5066 5503 5111 4782 5277 5070 5137 5121 4553 5388 5209 4811 4849 4766 4885 4944 4871 4469 5174 5071 4930 4678 4756 5101 5030 4967 5175 5266 5434 4950 5527 5259 5146 4779 5053 5113 5127 5261 4985 5044 5157 5110 4962 5185 4818 5029 4789 5149 4473 5112 4966 4869 4380 4644 4973 4997 5320 5131 5189 4912 5328 5110 5005 5467 4578 4793 5087 5056 4995 4914 4313 5277 5099 5226 5357 5065 4920 5183 5162 5345 4787 5364 4780 5025 4924 5025 4791 5497 5014 5205 4918 5055 5114 4953 4896 5181 4988 4281 5297 5331 4825 4378 4893 5071 5274 4967 5023 5052 5051 5044 5316 5262 5259 4922 4821 4999 5096 5002 5259 4962 4863 5065 4982 4604 4800 4837 4722 5139 4928 4832 4570 4812 5184 4674 4679 5068 4810 4753 5253 5583 4648 5259 4989 4973 5004 4675 5242 4907 4980 4632 5167 5371 4958 5352 4700 4952 5153 5511 4962 5154 5517 5085 5021 4825 4778 5186 5020 5086 4621 5221 4849 4878 5073 4694 5246 5072 4969 4692 4930 5212 4703 4898 4875 4683 4873 5236 5322 5164 4980 4795 4871 4818 5169 5644 4864 4623 5114 4994 4773 4991 5099 5228 5171 4763 4844 4845 4955 4966 4694 5321 4740 4741 4589 5061 4895 4866 4931 4999 5018 5317 4916 5105 4318 5058 5147 5356 5126 4820 5033 4649 4967 4708 5058 4789 4981 4742 4867 5028 5232 5056 5069 5242 4701 4552 4665 5162 5116 4743
5271 5289 4756 4940 5163 5349 4695 5177 4998 5563 5153 4739 4790 4998 4940 5412 4307 5165 5319 4552 5030 4696 4853 4936 4842 4764 5038 4958 4516 4864 4673 4940 5202 4848 5043 5210 5336 4724 5126 5119 5109 4490 5106 5150 5323 5392 5085 4973 5229 4826 4763 4917 4820 5024 4871 5369 4566 4913 4710 4719 4627 4921 4725 4902 5284 5047 5244 4830 5288 5138 4942 5215 4603 4936 5052 5344 4979 5037 4848 5256 5112 5029 5091 5083 4995 5188 5140 5453 4773 5373 5249 5027 4992 4835 4789 5375 4753 4906 4878 4962 4657 5199 4802 4819 4880 4520 5342 4975 4946 4581 4760 4921 5071 4984 4785 4942 4653 5133 5206 5113 5190 5014 4874 5329 4868 5186 5010 4962 4865 5410 5018 4659 4742 4465 4660 5219 4863 4917 4636 4795 5277 4772 4767 4844 5101 4973 5190 5460 4885 5039 5101 4930 4715 4862 5092 4966 5213 4705 5022 4831 4828 5204 4495 5289 5193 5280 4899 5184 5379 4792 5143 4681 4805 4695 4949 4991 4859 5321 5009 4936 5204 4860 5133 4915 4974 5129 4845 5165 5090 4963 5043 4706 5103 5201 5475 5330 4537 4937 4757 4785 5236 5417 5079 4875 5127 5049 4617 4855 5083 5378 4924 4808 4932 4996 5329 4984 4781 5034 4794 4827 4601 5307 4862 4949 4808 4932 4926 5264 4774 5250 4701 4964 5031 5044 5340 4868 5208 4515 4879 4941 4899 4834 4816 4929 4944 4934 5038 5013 5159 4983 4827 4757 4198 4997 4944 4695
5718 5005 4741 4823 5225 5010 4803 5269 5099 5448 5264 4725 5193 4788 5187 5225 4595 5146 5262 4607 4826 4788 4877 4944 4773 4726 5080 4690 4397 4908 4873 5216 4899 4901 5447 5120 5424 5170 5577 4861 4981 4664 5060 5081 5005 4914 5272 5033 5478 5225 4849 5021 4913 5020 4940 5199 4724 4994 5038 4779 4558 4943 4893 4958 5321 5076 5146 4978 5419 5053 4913 5304 4572 5123 5132 5232 5183 5010 4844 5524 5251 4966 5298 5151 4938 5136 5064 5472 5034 5293 5053 5062 5116 5182 5113 5520 5029 4832 5073 5216 4763 5207 5159 4874 4848 4609 5108 5317 4726 4356 4901 5350 5331 4879 5022 5000 4821 5123 5479 5485 5265 4886 5103 4968 5120 5063 5199 4811 5015 5045 5089 4769 4958 4756 4829 5161 5267 4841 4650 4885 5454 4918 4850 5305 4980 4968 4983 5372 4918 5140 4775 5210 4873 4915 5459 5022 5310 4842 5233 5002 4712 5312 4578 5195 5270 5241 5047 5067 5522 5267 5225 4952 4751 4715 5059 4863 4695 5325 5002 4960 4809 4756 5245 4933 5054 4911 4783 5128 5039 4919 5239 4680 4549 5168 5206 5211 4766 5140 4839 4853 5350 5556 4837 4977 5116 5007 4780 4804 5269 5540 4837 5098 4921 5092 5094 4905 4845 5070 4968 4987 4714 5191 4782 4975 4914 4974 5273 5391 4958 5161 4780 5016 5142 5474 5341 4659 5125 4697 4990 4751 5380 4769 4957 4848 4546 5290 5179 4985 4974 4978 5154 4808 4547 4967 5031 4725
4946 5138 4229 4713 4758 4819 4538 4764 4999 5019 4816 4554 4683 4819 4672 4982 4253 4909 4960 4467 4759 4626 4885 4754 4578 4662 4858 4616 4172 4528 4531 4836 4693 4580 4828 5021 4939 4749 5002 4915 4755 4736 4609 5006 4942 4903 4893 4793 4976 5053 4382 5004 4668 4773 4714 4692 4225 4681 4706 4526 4427 4293 4692 4594 5130 5070 4953 4770 4656 4947 4694 4905 4165 4878 4724 5154 5041 4791 4574 5043 5027 4971 4942 4837 4708 4871 4998 5269 4794 5118 4757 4829 4785 4497 4612 5062 4642 4666 4723 4916 4458 4661 4656 4804 4733 4340 4820 4756 4708 4146 4680 4646 4983 4495 4633 4728 4853 4988 5018 4906 4861 4411 4713 4857 4718 4878 4759 4584 4834 5015 4423 4231 4769 4295 4433 4726 4854 4894 4266 4476 5205 4524 4446 4835 4889 4601 4778 5087 4472 4683 4665 4658 4611 4744 5112 4688 4668 4418 4925 4577 4787 5082 4565 4836 4919 4952 4654 4815 5137 4785 4770 4721 4523 4406 4729 4482 4448 4985 4539 4860 4460 4524 4980 4826 4811 4688 4588 5073 4711 4864 4788 4407 4620 4723 5074 5089 4540 4721 4461 4563 5184 5116 4747 4462 4993 4759 4472 4702 4925 5291 4575 4779 4882 5060 4847 4798 4371 4949 4821 4423 4249 4816 4846 4596 4723 4965 4295 4899 4517 4606 4518 4800 4889 4883 5174 4195 4795 4417 4851 4634 4800 4307 4616 4799 4565 4911 4512 4691 4724 4687 4626 4599 4346 4582 4670 4580
5659 5216 4649 5093 5652 5024 4669 5032 5383 5930 5116 4982 5135 5284 5218 5439 4687 5555 5291 4748 4884 4934 5019 4953 4838 5048 5343 5045 4714 5117 5023 5174 5349 4859 5214 5460 5546 4922 5510 5341 5275 4844 5127 5364 5441 5458 5300 5022 5179 5318 5140 5154 4954 5298 5249 5324 4837 5224 5104 4827 4788 4819 5004 5178 5325 5256 5465 4987 5137 5294 5133 5571 4414 5092 5363 5337 5407 5078 4855 5198 5505 5350 5297 5096 5062 5337 5304 5461 5080 5288 4986 5227 5125 4971 4735 5612 5208 5222 5295 5079 5179 5217 5194 5090 5095 4786 5025 5465 5110 4777 4776 4972 5347 4973 5290 4846 5151 5287 5215 5557 5232 5133 5080 5239 5529 5087 5297 5037 5078 5316 5170 5177 4905 4666 4961 5241 5335 5316 4538 4861 5559 4999 4866 5165 5181 5229 5570 5567 4995 5372 5217 5302 5196 4918 5421 4990 4891 4971 5203 5134 5284 5342 4783 5368 5592 5467 5186 5244 5690 5172 5097 4798 4950 5092 5184 4801 5178 5512 5206 5096 5057 4955 5289 5128 5213 5364 5078 5396 4941 5144 4994 5120 5115 5377 5564 5235 5129 5105 5207 4845 5301 5672 5092 4766 5150 4968 4998 5101 5146 5397 5184 4958 4946 5052 5244 5066 4762 5333 5293 4720 4641 5333 5012 5093 4852 5517 5087 5471 5193 5282 4787 5107 5356 5321 5341 4796 5188 4930 5092 5163 5058 5061 5110 4687 5230 5350 5410 5011 5263 5182 4843 4875 4726 5037 5173 5036
5532 5250 4632 4934 5351 5395 4980 5331 5182 5487 5289 5137 5135 5419 5350 5436 4513 5174 5738 4683 5104 5084 5444 4871 4886 4770 5627 5245 5178 5255 5072 5452 5515 4911 5281 5530 5601 5254 5372 5355 5337 4908 5276 5357 5389 5534 5504 4932 5250 5206 4967 4872 4903 5275 5417 5282 4634 5016 5069 5047 4872 5076 4846 5357 5342 5105 5307 5144 5470 5354 5262 5494 4897 4998 5402 5440 5052 5190 4993 5532 5641 5444 5158 5171 4884 5339 5060 5597 4736 5470 5230 5300 5010 5021 4913 5790 5304 5171 5134 5212 5030 5257 5223 5146 5216 4660 5254 5479 5309 4353 4994 5170 5515 4966 5272 4951 5340 5321 5776 5564 5415 4990 5174 5512 5309 5081 4876 5135 4932 5176 5239 4907 5077 4925 5060 5452 5330 4978 4701 5208 5602 4876 5129 5282 5325 4970 5374 5537 4947 5307 5303 5261 5116 5088 5448 5139 5373 4842 5337 5238 5009 5728 4750 5229 5079 5711 4960 5316 5764 5182 5072 5097 5204 5040 5419 5226 4843 5523 4823 5154 5088 5209 5244 5054 5131 5191 4814 5518 4833 4943 5271 4901 4991 5188 5495 5379 4524 5124 4927 5047 5511 5601 4862 4961 5464 5306 4953 4947 5220 5491 5049 5148 5157 5024 5431 5176 4848 5410 5037 4952 4663 5434 5116 5011 5214 5245 5327 5493 4721 5400 4892 5412 5269 5289 5756 4903 5206 4846 5021 5056 5148 5137 4922 4895 5126 5451 5121 4904 5350 5263 5031 5023 4569 5345 5240 4754
5483 5385 4795 4999 5311 5164 4725 5048 5396 5733 5241 5099 5280 5181 5031 5392 4678 5445 5151 4694 5094 4951 5100 4716 4701 5153 5283 5171 4757 4907 4836 5177 5286 4862 5357 5516 5682 5222 5315 5362 5365 5014 5390 5195 5402 5287 5203 5369 5455 5343 4980 5519 5224 5408 5315 5314 4935 5406 5027 4975 4838 4881 5124 5168 5380 5575 5513 5061 5474 5283 4816 5492 4860 5232 5374 5467 5273 5033 4637 5702 5435 5375 5325 5252 5091 5321 5323 5545 5157 5312 5157 5070 4988 5048 4842 5443 5040 5476 4968 5212 5197 5093 5172 5203 5085 4790 5377 5613 5268 4844 4771 5230 5608 4950 5095 5087 5108 5128 5325 5482 5355 4756 4962 5104 5449 5363 5097 5159 4954 5365 5141 4731 4963 4640 4833 5448 5116 5055 4894 4913 5226 4964 4655 5164 5183 5292 4921 5566 4996 5036 5174 5311 4881 5113 5288 5135 5023 4907 5345 4927 4967 5519 5191 5153 5542 5413 5100 5454 5647 5094 5021 4979 4712 4855 5297 5147 5140 5483 5003 5110 4999 4823 5582 5092 5200 5021 5134 5466 5099 5099 5153 4800 4772 5399 5084 5181 4983 5212 4997 4634 5219 5460 4974 4939 5237 5266 4772 5123 5193 5715 4992 4978 5324 5411 5295 4865 4874 5437 5316 4926 4636 5189 5086 4846 5155 5118 5089 5437 4912 5372 4954 4845 5520 5474 5426 5086 5252 4808 5284 5164 5271 4862 5039 4846 5139 5442 5267 5084 5404 4868 5161 4743 4973 4918 4943 4985
5685 5323 5086 4668 5371 5145 4865 5197 5352 5626 5176 5042 5182 5287 5073 5601 4805 5271 5217 4732 5055 4905 5433 4922 5110 5169 5125 5104 4932 4930 4899 5467 5571 4914 5303 5487 5447 5267 5409 5352 5251 4967 5083 5158 5184 5198 5158 5294 5577 5054 4826 5280 4901 5450 5195 5289 4573 5254 5052 4913 4801 4898 5211 5200 5342 5283 5294 5087 5295 5214 4885 5501 4743 5294 5231 5363 5273 5193 4758 5655 5402 5218 5389 5289 5220 5055 5424 5735 4850 5412 5056 5278 5150 5109 4981 5435 4960 5066 5062 5356 5120 5296 5099 5428 5242 4765 5364 5413 5201 4602 5059 5396 5423 5013 5301 5028 5011 5313 5484 5422 5631 4974 5127 5223 5240 5132 5320 5025 5332 5195 5133 4821 5109 4824 4825 5259 5303 5245 4614 5037 5362 4676 5043 5342 5220 4960 5233 5415 5073 5205 5217 5232 5075 4936 5260 5312 5204 4855 5449 4951 4816 5495 4731 5254 5239 5271 4923 5262 5434 5171 5233 5091 4909 5235 5069 5115 5141 5404 4976 5261 5112 4797 5477 5296 5345 4992 5061 5420 4950 5000 5599 4921 4978 5446 5299 5545 4856 5017 5127 5096 5525 5564 4849 4993 5278 5186 5152 5030 5196 5296 5099 4716 5194 5031 5394 5305 4593 5251 4981 5098 4611 5070 5259 4998 4838 4955 5191 5374 4796 5589 5008 5273 5232 5487 5602 5136 5304 4805 5401 5111 5152 5049 5001 5035 4789 5239 4981 5242 5264 5055 4911 5064 4750 5096 5447 4782
5449 5432 4808 4889 5174 5083 4871 5100 5185 5781 5129 5095 5260 5166 4931 5341 4497 5178 5517 4805 5193 5290 5179 5284 5003 4929 5534 4954 4794 4967 4990 5140 5200 4772 5369 5446 5328 5381 5258 5252 5297 4845 4946 5153 5364 5264 5289 5026 5203 5451 4742 5355 4846 5350 5415 5194 4892 5207 4990 4979 4557 4843 5122 4911 5415 5161 5536 5081 5380 5082 5084 5530 4793 5073 5155 5354 5004 5099 4946 5365 5371 5228 5183 5197 5052 5291 5312 5331 4759 5473 5065 5406 4959 5297 4760 5449 5189 5271 4934 5054 4935 5296 5255 5337 5010 4639 5441 5526 5036 4793 5164 5053 5380 5056 5083 5038 5018 5475 5405 5411 5007 4960 5045 5220 5200 5163 5298 5016 4889 5458 5176 4853 4940 4931 4899 5376 5297 5040 4448 5010 5324 4800 5040 5147 5261 4999 5204 5697 5143 5034 5139 5302 4738 4822 5340 4930 5134 4965 5372 4853 4880 5734 4682 5121 5196 5297 4840 5307 5540 5200 5156 4842 4891 5085 5210 5065 4873 5583 5009 5178 4841 5104 5562 5168 4918 4788 4852 5294 5123 5062 5104 4797 4924 5618 5360 5490 5153 5158 5051 4837 5568 5653 4841 4941 5521 5082 4878 5017 5065 5560 4819 4809 5071 5375 5136 5037 4892 5126 5056 4894 4553 5108 5076 5227 5045 5107 4909 5162 5066 5333 4848 5442 5409 5377 5434 4565 5188 5160 5192 5061 5035 4883 4923 5042 4766 5530 5222 5177 4965 4999 5129 5069 4758 5097 5177 4817
5655 5365 4766 5014 5360 5230 4993 5380 5294 5714 5615 5099 5396 5310 5401 5654 5135 5427 5483 4720 5077 5142 5331 5072 4803 5111 5414 5110 5009 5117 5021 5323 5257 4794 5563 5565 5510 5313 5425 5112 5439 5169 5109 5083 5437 5333 5491 5285 5412 5461 5075 5141 5099 5354 5370 5423 4711 5330 5249 4881 4881 5196 5222 5158 5350 5188 5267 5041 5441 5098 5297 5648 4787 5181 5251 5459 5157 5316 4914 5478 5509 5301 5147 5121 5294 5163 5305 5532 5095 5273 5243 5307 4925 5213 4965 5587 5246 5420 5010 5022 5231 5332 5299 5459 4809 4850 5428 5669 5033 4787 5118 5216 5544 5064 5306 5136 4910 5073 5513 5817 5289 5092 5120 5476 5230 5160 5459 5086 5044 5266 5118 5080 4991 5091 4994 5180 5451 5153 4716 5200 5630 5183 5126 5379 5262 5022 5160 5492 5024 5142 5444 5235 5064 5001 5440 5350 5264 4754 5306 5127 5132 5605 4860 5259 5175 5696 5210 5577 5728 5348 5199 5166 5155 5200 5412 5258 5217 5455 5294 5256 5290 5130 5414 5252 5182 5182 5152 5334 5268 5076 5370 4931 5009 5418 5196 5512 4789 5235 5153 5021 5533 5685 5037 4871 5464 5238 5064 5381 5285 5474 5093 5104 5092 5234 5265 5115 4969 5187 5179 5188 4720 5278 5251 5188 5171 5330 5388 5624 5057 5611 4683 5351 5220 5592 5666 4904 5317 5183 5343 5142 5327 5227 4876 4963 4945 5484 5362 4907 5035 5260 4912 5072 4515 5144 5155 4837
5585 5542 4859 5146 5225 5321 4771 5424 5078 5961 5376 5382 5280 5344 5509 5608 4912 5399 5320 4878 5043 4974 5242 4884 5102 5280 5203 5201 5045 5063 4961 5549 5544 4957 5312 5331 5664 5125 5397 5246 5262 4836 5306 5254 5555 5410 5178 5066 5246 5439 5232 5088 5104 5167 5450 5528 4799 5337 5025 5273 4907 4807 5405 5194 5171 5116 5331 5381 5386 5419 5092 5593 4644 5218 5241 5433 5275 4892 5055 5860 5467 5256 5517 5592 5300 5280 5359 5691 5014 5611 4985 5589 5052 5363 4806 5589 5305 5463 5278 5187 5238 5231 5154 5376 5076 4854 5397 5907 5167 4754 5112 5264 5447 5002 5367 5020 4880 5324 5269 5417 5390 5082 5462 5333 5467 5122 5282 4945 5137 5358 5154 5141 4909 4943 4936 5528 5178 5039 5167 5061 5746 4999 4820 5335 5193 5163 5331 5699 4956 5311 5360 5097 5131 5282 5680 5349 5140 5131 5235 5356 5234 5632 4950 5325 5491 5525 5097 5363 5873 5165 5246 5050 4800 5173 5131 5207 5162 5370 5134 5232 5326 5273 5466 5109 5278 4949 4937 5269 5094 5170 5104 5031 5300 5652 5580 5461 5023 5283 4726 5037 5312 5809 5209 4909 5498 5021 4874 5228 5365 5500 5042 5207 5168 5195 5376 5007 4893 5144 5213 4865 4986 5457 5149 5127 5243 5283 5050 5857 4962 5306 4838 4998 5547 5310 5691 5038 5335 5179 5004 5082 5445 5174 5163 5099 5293 5392 5305 5101 5211 5078 5118 4790 4893 5295 5245 5046
5453 5162 4668 4815 5330 4855 4999 5310 5117 5692 5280 5107 5231 5250 5145 5317 4508 5089 5121 4628 5048 4907 5211 4881 4751 4934 5235 4977 4560 5144 5094 5213 5383 5065 5157 5262 5628 4900 5318 5040 5118 4854 5203 5349 5251 5158 5046 4963 5415 5363 4993 5085 4763 5273 5168 5167 4873 4723 4837 5020 4632 4882 4854 5138 5229 4956 5323 5054 5668 5363 5305 5633 4693 4938 5491 5273 5242 4970 4781 5536 5279 5252 5373 5018 4829 5110 5185 5257 5183 5320 5058 5286 5147 5092 4863 5518 4746 5163 5125 4834 4790 5447 5325 5104 5061 4623 5260 5318 5182 4457 4792 5222 5279 4992 5132 4782 5133 5253 5467 5373 5311 4968 4988 5444 5135 5324 5307 5242 4891 5345 4886 4777 4756 4732 4798 5364 5337 4993 4645 4890 5611 5057 4626 5017 5178 5219 4919 5744 5103 5345 4823 5007 4837 5093 5358 5096 4952 4903 5169 4899 5023 5581 4534 5245 5337 5529 4935 5414 5587 5297 5037 5030 4931 4865 5319 4940 4954 5423 5208 4899 4978 4983 5529 5005 5027 5180 4900 5312 4859 5004 4996 4899 4795 5370 5302 5372 4720 4928 5034 5205 5287 5665 4813 4914 5296 5040 4782 4992 5077 5567 5133 5000 4934 5335 5307 4705 4879 5297 5241 4861 4631 5259 4891 4788 4847 5024 5089 5263 5079 5086 4635 5253 5269 5575 5318 4498 5116 4780 4785 4936 5104 4871 4812 4910 4749 5460 4918 4872 5169 5021 5026 4843 4785 5029 5227 4862
5185 4965 4501 4425 4892 4996 4505 5028 4872 5533 4741 4851 4949 5161 4776 5233 4392 4912 5088 4608 4562 4662 4815 4758 4664 4829 5057 4812 4546 4599 4567 5202 5239 4449 5028 5114 5046 4668 5225 5092 4786 4637 5124 4991 4959 5124 4857 5029 5015 4857 4472 4827 4836 5183 5121 5021 4289 4728 4810 4449 4586 4584 4792 4841 5156 4824 4860 4559 4986 4940 4868 5122 4543 4941 4754 4948 5008 5014 4685 5135 5116 5040 4761 5154 5132 4914 4782 5184 4728 5068 4878 4891 4592 4910 4480 5040 4916 5040 4698 4855 4827 5010 4735 4644 4959 4739 4960 5268 5073 4450 4541 4862 5288 4567 4807 4541 5073 5179 5131 5114 5185 4945 4728 4842 5332 4779 5054 4632 4785 4999 5065 4514 4578 4313 4307 4947 4745 4792 4891 4461 5206 4535 4556 5008 5122 4765 5148 5211 4687 4961 4872 4724 4990 4601 5199 4669 4605 4835 4980 4616 4717 5227 4623 4994 5018 5186 4646 4774 5189 4826 4959 4479 4666 4614 4701 4630 4873 5162 4577 5248 4691 4600 5121 4944 4766 4869 4720 5288 4668 4537 4815 4667 4952 4802 5333 4983 4496 4901 4738 4756 4819 5641 4655 4391 5202 4839 4781 4568 4756 5041 4733 4778 5082 4793 5191 4738 4883 5042 4620 4388 4425 4947 4819 4985 4814 4939 4715 5307 4351 5050 4424 4904 4860 5106 5153 4563 5007 4654 4756 5031 4671 4729 4665 4334 4940 4969 4799 4848 4994 4832 4534 4583 4598 4710 4731 4409
5247 5146 4847 4937 5299 5268 4372 5264 4959 5443 5030 4819 5172 4861 5032 5282 4664 5215 5266 4618 4894 4707 4942 5049 5035 4898 4948 4835 4765 4870 4751 4974 5036 4802 5155 5148 5214 4903 5301 5085 4892 4945 5260 5115 5003 5237 4977 5125 5364 5069 4679 5193 4675 5105 5080 4994 4591 4753 5115 4622 4758 4640 5026 4888 5312 5200 5159 4928 5189 5279 5383 5051 4533 4872 5104 5313 5198 5186 4731 5183 5062 4905 5200 5024 4863 5165 5202 5307 4894 5547 5053 5011 5014 5113 4786 5432 4952 5073 4835 5137 4890 5016 4871 4947 4894 4525 5399 5585 4897 4534 4744 5216 5370 4784 5135 4661 5137 5232 5285 5299 5203 4777 5119 4862 5248 5105 5131 4970 5212 5169 4747 4671 5083 4520 4775 5378 5086 4893 4496 4869 5345 4658 4528 5104 4769 4921 4998 5669 4681 5146 5112 5096 4822 4987 5335 5137 5045 4840 5163 5092 4901 5497 4848 4864 5106 5177 4963 5320 5398 4953 5282 4932 4909 4763 5135 4722 4783 5324 4945 5222 4810 4973 5219 5265 5030 4765 4816 5302 5096 4772 5133 4779 4734 5293 5280 5082 5081 4964 5014 4797 5353 5454 4871 4486 5371 4728 4625 4875 5157 5513 4856 4781 5091 5187 5270 4933 4942 5416 5062 4819 4542 4993 5023 4940 4837 4931 4890 5313 4918 5052 4574 5007 5214 5172 5360 4770 5191 4700 4876 4874 5083 4696 4876 4828 4871 5469 5245 5012 5189 4893 4722 4803 4586 4988 4997 4800
5624 5656 4920 5099 5480 5492 5113 5499 5595 5907 5433 5352 5480 5518 5481 5587 4728 5543 5356 5169 5388 5445 5298 5196 5174 5383 5500 5249 5027 5508 5096 5195 5744 5129 5478 5609 5746 5583 5689 5583 5346 5190 5553 5491 5561 5609 5726 5440 5761 5511 5349 5198 5175 5454 5767 5514 5137 5287 5390 5316 5204 5080 5262 5261 5522 5518 5491 5357 5532 5473 5532 5662 4918 5617 5542 5836 5614 5589 4853 5764 5749 5443 5332 5442 5289 5451 5737 6195 5404 5599 5334 5582 5368 5262 5183 5943 5389 5426 5336 5673 5289 5536 5587 5424 5425 5000 5442 5594 5495 5026 4993 5432 5670 5339 5439 5118 5343 5641 5694 5448 5699 5344 5289 5633 5698 5440 5464 5221 5109 5682 5520 5409 5319 4978 5136 5739 5464 5251 4754 5389 5912 5175 4891 5605 5298 5482 5471 5731 5242 5413 5548 5472 5343 5183 5544 5395 5613 5119 5702 5270 5208 5872 5045 5703 5729 5755 5278 5339 5968 5314 5274 5270 5182 5472 5541 5097 5557 5945 5114 5587 5102 4984 5743 5290 5333 5432 5013 5724 5317 5524 5266 5094 5498 5637 5880 5663 5081 5413 5110 5135 5608 5946 5335 5120 5662 5245 5055 5384 5655 5826 5367 5102 5661 5418 5717 5646 5091 5567 5529 5242 4879 5892 5271 5279 5234 5618 5272 5755 5241 5551 4826 5504 5658 5549 5474 4900 5598 5368 5266 5499 5433 5190 5190 5037 5316 5874 5382 5122 5204 5149 5355 5109 5087 5038 5459 4998
5798 5156 4572 4894 5585 5289 4844 5380 5412 5557 5375 4870 5179 5151 5065 5564 4754 5314 5331 4830 5051 5059 5354 4992 4958 4988 5323 5314 4912 5048 4825 5200 5330 4793 5358 5557 5658 5196 5601 5212 5495 4969 5382 5368 5368 5220 5245 5236 5483 5371 5019 5379 4916 5373 5425 5276 5047 5294 5024 5112 4949 4943 5230 5206 5553 5413 5171 4975 5615 5334 5169 5370 4857 5149 5381 5560 5383 5190 4938 5451 5159 5091 5110 5009 5016 5168 5309 5330 4735 5320 5245 5228 4710 5169 5076 5641 5253 5262 5030 5195 4881 5154 5310 5257 5245 4810 5304 5459 5400 4697 4843 5238 5624 4761 5274 4943 4962 5037 5621 5353 5436 4991 5241 5509 5489 5404 5316 5049 5191 5282 5131 4911 5095 4897 4964 5495 5376 5142 4763 4797 5518 5030 4968 5222 5262 5310 5216 5697 5115 5229 5032 5172 5304 5150 5396 5003 5145 5248 5335 4802 4982 5780 4939 5230 5335 5377 5237 5454 6021 5243 5074 5347 4984 4772 5216 5296 5323 5380 5051 5141 4981 4995 5362 5419 5019 4882 5156 5531 5081 4796 5298 5017 4822 5315 5415 5150 4937 4738 5245 4845 5276 5770 4962 5002 5371 5285 4888 5179 5220 5665 4984 4809 5437 5145 5436 5024 4898 5490 5013 5361 4906 5177 5089 4937 4900 5313 5353 5506 4827 5474 4893 5362 5308 5476 5609 5271 5411 5151 5198 5077 5190 5219 4991 4916 4902 5527 5388 4883 5355 4914 4952 4758 4717 5073 5009 4852
6199 5735 5096 5335 5815 5727 5327 5713 5741 5946 5804 5624 5834 5768 5718 5859 5089 5817 5718 5047 5518 5543 5648 5661 5471 5495 5718 5755 5317 5412 5364 5764 5801 5219 5887 5926 6112 5841 5994 5795 5941 5347 5677 5780 5811 6102 5774 5566 5789 5844 5380 5541 5318 5717 5647 5802 5274 5605 5744 5474 5403 5370 5652 5625 5674 5895 5770 5416 6040 5791 5629 5962 4963 5384 5795 5893 5956 5692 5302 5768 6062 5761 5801 5782 5633 5897 5895 6096 5607 5887 5516 5837 5739 5563 5214 5970 5569 5632 5500 5702 5524 5862 5821 5618 5351 5009 5842 5900 5648 5368 5516 5614 5764 5459 5664 5417 5427 5894 5876 5851 5586 5469 5565 5597 5841 5467 5619 5391 5780 5993 5541 5477 5224 5090 5183 5903 5516 5664 5190 5528 6181 5381 5356 5718 5747 5511 5780 6210 5489 5592 5895 5707 5502 5443 5821 5515 5726 5531 5734 5821 5256 6051 5195 5717 5850 5697 5488 5925 6398 5676 5932 5536 5329 5410 5774 5651 5528 5874 5522 5576 5709 5326 5864 5785 5733 5617 5356 5689 5699 5349 5744 5567 5338 5739 6061 5884 5198 5711 5480 5527 5656 6131 5679 5379 5989 5717 5277 5780 5860 5905 5388 5195 5735 5712 6173 5748 5514 5666 5871 5544 5317 5754 5550 5431 5488 5489 5426 5951 5261 6003 5164 5887 5869 5958 6100 5244 5803 5542 5626 5496 5760 5300 5319 5524 5395 5857 5494 5359 5533 5686 5335 5479 5220 5519 5689 5434
5662 5423 4974 5337 5414 5245 4952 5486 5360 6102 5449 5266 5374 5427 5422 5917 4787 5576 5593 5142 4990 5272 5228 5009 5297 5178 5728 5213 5144 5235 5280 5404 5370 4976 5451 5676 5788 5308 5832 5256 5614 5015 5361 5501 5504 5421 5691 5191 5374 5780 5255 5307 5121 5477 5448 5646 5072 5236 5194 5239 5085 4834 5038 5165 5713 5246 5613 5212 5614 5417 5475 5812 4908 5335 5579 5323 5344 5409 4793 5824 5477 5405 5621 5535 5424 5477 5481 5538 5189 5774 5356 5373 5408 5094 4989 5568 5417 5064 5154 5489 5167 5132 5311 5300 5105 4767 5351 5556 5497 4867 5014 5637 5652 4917 5376 5210 5153 5338 5604 5738 5365 5343 5080 5520 5345 5510 5297 5297 5213 5629 5346 5288 4915 4975 5210 5556 5509 5248 4835 5095 5690 5311 4974 5406 5185 5261 5710 5751 5247 5490 5495 5252 5289 5380 5607 5208 5223 5113 5810 5047 5322 5783 4792 5447 5656 5719 5053 5631 5686 5597 5143 5089 4982 5059 5240 5268 5334 5756 5194 5012 5009 4989 5704 5491 5366 5070 5239 5772 5251 5246 5480 5168 5210 5678 5820 5352 5485 5133 5240 5190 5811 5705 5001 5410 5519 5294 5009 5196 5609 5565 5147 5206 5471 5425 5298 4915 4831 5337 5116 5269 4943 5544 5309 5248 5302 5415 5133 5623 5393 5362 4995 5362 5602 5616 5556 4960 5334 5215 5291 5210 5443 5262 5397 4987 5276 5729 5420 5367 5324 5283 5318 4899 5052 5215 5508 5092
5906 5636 5009 5293 5841 5530 5236 5699 5418 5919 5559 5315 5563 5724 5361 5647 4948 5744 5632 5178 5650 5288 5509 5410 5408 5051 5471 5585 5215 5271 5260 5614 5668 5350 5478 5781 5889 5544 5815 5591 5466 5362 5467 5583 5717 5730 5563 5467 5712 5561 5197 5673 5142 5596 5435 5601 5187 5312 5566 5107 5270 5113 5423 5414 5750 5547 5787 5424 5943 5794 5483 5878 5023 5369 5720 5676 5703 5410 5335 5696 5615 5622 5588 5584 5234 5359 5475 6119 5343 5596 5262 5581 5562 5359 5343 6051 5218 5321 5457 5542 5643 5693 5423 5408 5444 4868 5842 5695 5495 4864 4944 5623 5794 5284 5626 5323 5209 5795 6049 5426 5538 5391 5466 5584 5705 5676 5494 5284 5635 5699 5441 5159 5285 5074 5336 5842 5447 5566 5069 5595 5792 5425 5272 5519 5379 5534 5501 5981 5429 5653 5287 5877 5256 5409 5707 5452 5513 5165 5716 5457 5268 5826 5075 5346 5782 5938 5234 5564 6005 5478 5579 5396 5531 5450 5608 5408 5128 5840 5376 5640 5549 5384 5521 5686 5420 5310 5127 5782 5298 5408 5437 5098 5211 5875 5724 5664 5140 5496 5197 5398 5562 6009 5191 5174 5622 5616 5247 5474 5490 5797 5292 5404 5656 5563 5772 5519 5115 5843 5565 5202 4935 5625 5218 5401 5257 5584 5457 5747 5251 5574 5029 5581 5555 5646 5782 5116 5481 5251 5544 5332 5631 4999 5455 5369 5411 5885 5652 5391 5558 5586 5099 5284 4866 5432 5448 5317
5520 5109 4840 4742 5408 5092 4851 5167 5209 5940 5330 5097 5174 5206 5078 5427 4667 5350 5093 4767 4864 5030 5088 4915 4781 4902 5391 5339 4981 5013 4824 5217 5372 5134 5228 5333 5780 5233 5440 5410 5314 4981 5006 5058 5336 5361 5246 5067 5385 5173 4754 5160 4825 5061 5215 5115 4714 5240 4908 4685 4732 5054 4904 5322 5359 5250 5383 5019 5210 5427 5046 5507 4755 4888 5151 5200 5228 5038 4839 5493 5489 5205 5124 5208 5015 5222 5312 5575 5016 5063 5182 5067 5218 5083 4629 5658 5140 5278 4969 5327 5181 5158 5157 4948 4971 4495 4849 5464 5221 4519 5038 5107 5309 4835 5056 4867 5032 5278 5497 5646 5114 4991 5055 5491 5261 5142 4945 4820 4960 5361 5354 4679 4932 4850 4680 5333 4872 4932 4757 5081 5372 4874 5064 5275 5207 4982 5458 5462 4937 5277 5112 5411 5057 5148 5436 5048 5304 4780 5295 5046 5156 5500 4820 5232 5356 5480 4935 5246 5579 5204 5291 4797 5086 5075 5367 4883 5047 5501 4891 5116 4762 4673 5301 5042 5296 4714 4826 5452 5125 5060 5156 5140 4734 5281 5406 5210 4748 5108 5053 5114 5497 5621 4773 4660 5252 4860 5042 4964 5281 5545 4800 4800 5172 5216 5308 5094 4811 5255 4958 5007 4580 5345 4878 5042 4934 5086 5103 5213 4762 5231 5051 5251 5191 5026 5453 4977 5340 4656 5353 4756 5234 4904 4953 4928 5222 5444 4952 5128 5327 4995 5022 4926 4905 5281 5098 4807
5839 5676 5118 5227 5657 5636 4763 5415 5542 5893 5414 5185 5268 5585 5495 5837 5054 5321 5539 5125 5216 5262 5348 5066 4998 5290 5478 5182 5018 5337 5401 5427 5762 5187 5591 5775 5810 5101 5521 5475 5490 5061 5213 5523 5549 5404 5557 5284 5460 5444 5256 5275 5616 5514 5485 5290 4845 5318 5234 4933 4970 4782 5251 5299 5789 5473 5318 5021 5422 5780 5378 5585 4826 5661 5597 5637 5436 5235 5097 5843 5770 5498 5434 5637 5321 5315 5598 5567 5102 5716 5450 5605 5029 5192 5211 5699 5498 5372 5508 5719 5641 5292 5345 5630 5240 4879 5610 5697 5335 4754 5071 5493 5792 5248 5495 5110 5285 5529 5485 5711 5617 5265 5518 5275 5523 5572 5563 5023 5157 5455 5295 5055 5284 4836 5322 5230 5402 5368 5042 5289 5814 5405 5203 5692 5501 5130 5571 5636 5050 5393 5565 5353 5156 5386 5557 5183 5117 5167 5639 4996 5229 5696 4870 5306 5604 5641 5089 5270 6298 5244 5460 5107 5105 5180 5282 5108 5383 5562 5203 5239 5451 5314 5672 5575 5619 5081 5126 5522 4987 5190 5333 5242 5588 5491 5836 5622 4921 5296 5274 5100 5781 6061 5115 4848 5287 5259 5075 5390 5536 5695 5112 5247 5169 5255 5537 5294 4913 5847 5327 5179 4924 5469 5212 5282 5165 5529 5327 5771 4889 5470 5191 5267 5352 5643 5896 5043 5534 5239 5169 5175 5451 5076 5261 5184 5288 5746 5281 5198 5408 5317 5234 5078 4799 5551 5402 4973
5708 5292 4764 5183 5504 5285 4650 5432 5411 5881 5341 5071 5058 5349 5335 5503 4669 5414 5498 4544 4863 4957 5355 5045 5008 5187 5319 5220 4813 5108 5102 5154 5361 5141 5257 5535 5692 5129 5606 5166 5281 4988 5298 5348 5358 5611 5408 5231 5196 5267 5001 5173 4948 5303 5079 5487 5014 5023 5213 5078 4689 4851 5044 5250 5477 5210 5387 5243 5800 5637 5092 5758 4836 5434 5416 5502 5180 5087 4917 5493 5481 5298 5148 5241 4850 5330 5357 5716 4998 5343 5281 4999 5212 5331 5015 5696 5178 5407 5199 5664 5259 5547 5158 5083 5314 4915 5445 5533 5229 4703 4825 5261 5370 5120 5328 5037 4941 5310 5607 5643 5344 5113 5264 5359 5302 5317 5339 5300 5370 5490 5279 4851 5093 4835 5110 5518 5480 5136 4664 5379 5529 5070 4998 5351 5262 5372 5391 5493 5138 5342 4878 5300 5081 5113 5522 5096 5257 4788 5376 5084 5059 5541 4692 5385 5476 5687 4931 5391 5775 5347 5121 5099 5209 5314 5337 4869 5097 5610 5024 5137 5143 4975 5451 5287 5328 5261 5126 5714 5018 5316 4949 5145 4995 5538 5634 5448 4956 4997 4891 4952 5436 5631 5131 5213 5344 5155 4933 5091 5331 5364 5160 5098 5093 5257 5387 5269 5048 5419 5297 5001 4660 5293 5093 5154 5321 5410 4960 5561 5048 5641 5108 5411 5279 5390 5444 4846 5422 4635 5306 5186 5433 5156 5043 5072 4931 5598 5476 5129 5208 5308 5015 4956 4916 5197 5157 5098
5581 5500 5020 5170 5513 5045 5002 5481 5309 5848 5341 5251 5535 5352 5454 5458 5029 5683 5213 4986 5487 5173 5351 5293 5282 5263 5303 5176 4885 5149 5140 5467 5488 5099 5277 5571 5431 5134 5795 5419 5591 5271 5447 5197 5483 5183 5566 5149 5661 5491 5190 5346 4970 5259 5276 5631 4929 5389 5133 4911 4830 5147 5134 5387 5676 5447 5413 5326 5278 5507 5109 5773 4759 5068 5151 5712 5226 5176 5015 5618 5556 5484 5614 5488 5160 5266 5328 5553 5075 5526 5138 5561 5395 5058 5123 5933 5472 5139 5202 5223 5239 5510 5253 5175 5456 4698 5393 5709 5284 4889 5169 5352 5667 5115 5186 5284 5082 5172 5772 5666 5470 5022 5474 5273 5220 5387 5416 5133 5154 5350 5166 5200 5299 4921 4958 5470 5484 4989 4703 5309 5526 5287 5015 5272 5308 5511 5336 5872 5186 5232 5085 5142 5120 4959 5501 5071 5185 4981 5411 5369 5513 5802 4878 5408 5616 5711 5278 5353 5841 5596 5111 5301 4977 5152 5290 5012 5084 5675 5061 5268 5251 5090 5557 5429 5149 5030 5094 5522 5491 5134 5206 5264 4996 5610 5587 5650 4992 5260 5292 5086 5575 5652 5254 4948 5352 5271 5154 5357 5332 5669 4939 4843 5001 5565 5690 5472 5126 5600 5311 5200 4801 5393 4983 5077 5464 5502 5093 5546 5028 5412 4688 5287 5274 5446 5513 4827 5317 5045 5330 5160 5548 5169 5238 5142 4915 5673 5396 5320 5412 5312 5203 5073 4848 5622 5254 5016
5338 5337 4816 4808 5580 5325 4787 5178 5251 5831 5206 5000 4847 5417 5212 5382 4846 5487 5233 4870 4889 5132 4931 5026 5178 5016 5420 5027 4814 5226 4886 5157 5545 5044 5263 5377 5564 4813 5553 5175 5387 5002 5265 5270 5312 5301 5428 5225 5132 5215 4808 5139 5336 5116 5238 5361 4863 5058 4799 4748 4948 4879 4979 5249 5408 5142 5327 4948 5389 5548 5093 5441 4711 5274 5249 5376 5169 5004 4810 5484 5333 5248 5324 4868 4824 5174 5171 5515 4941 5397 5263 5150 4928 4909 4932 5509 5065 5195 5121 5485 5076 5362 4844 5066 5072 4806 5292 5306 5252 4463 4754 5225 5296 5086 4962 4810 4963 5574 5461 5552 5546 4949 4952 5265 5352 5257 5233 5044 5075 5330 4921 5134 4897 4750 4727 5430 5136 5105 4736 4965 5257 5105 4836 5218 5260 5249 5342 5833 5201 5305 5193 4974 5075 4942 5393 4834 5227 4839 5397 5002 5226 5302 4618 5302 5335 5593 4985 5571 5676 5141 5150 4962 4806 4860 5216 5049 5034 5732 4972 5010 4938 4990 5424 5463 5120 4998 5082 5626 5221 5070 5108 4922 5017 5310 5428 5133 4987 5158 5197 5002 5345 5403 4907 5070 5325 4983 4914 5108 5116 5657 4864 5007 5116 5035 5306 5399 4988 5296 5247 4894 4527 5185 5175 5182 5119 5110 5030 5431 5055 5394 4845 5179 5292 5320 5387 4895 5184 4702 5100 5036 5413 5131 4917 4871 5081 5460 5256 5070 5272 5215 5017 4753 4824 5109 4825 4764
5807 5519 5069 5325 5789 5566 4904 5431 5519 5961 5460 5318 5170 5528 5464 5720 4863 5778 5603 5054 5231 5406 5161 5342 5245 5575 5526 5458 5219 5161 5182 5551 5494 5222 5570 5672 5815 5424 5916 5354 5619 5123 5576 5473 5691 5887 5421 5556 5803 5851 5161 5589 5450 5448 5746 5466 5241 5278 5466 5285 5208 5189 5454 5559 5540 5670 5739 5436 5747 5772 5531 5713 5034 5417 5462 5678 5533 5472 5268 5884 5537 5544 5553 5397 5307 5361 5546 5777 5351 5573 5261 5414 5458 5548 5041 5952 5321 5502 5303 5394 5334 5349 5348 5363 5365 5140 5677 5704 5507 4951 5149 5445 5790 5172 5480 5174 5567 5563 5744 5961 5592 5104 5401 5501 5680 5618 5519 5235 5328 5594 5217 5306 5160 5211 5169 5510 5459 5469 5161 5149 5702 5102 5165 5812 5466 5689 5359 5890 5220 5770 5311 5402 5233 5378 5799 5150 5339 5255 5818 5159 5324 5751 5088 5063 5463 5654 5395 5711 5996 5660 5287 5237 5134 5455 5458 5096 5235 5808 5391 5548 5314 5344 5770 5193 5455 5244 5289 5640 5407 5341 5435 5209 5033 5606 5747 5660 5077 5413 5391 5204 5596 5872 5146 5205 5761 5388 5146 5419 5620 5851 5399 5290 5477 5376 5801 5354 5294 5710 5404 5266 4970 5759 5522 5353 5225 5806 5513 5924 5278 5777 5245 5332 5684 5422 5579 4980 5647 5109 5418 5318 5319 5268 5100 5177 5355 5956 5693 5192 5678 5426 5213 5167 4895 5350 5382 5034
5821 5520 5192 5415 5944 5806 5029 5494 5622 6030 5756 5557 5542 5807 5619 5823 4930 5955 5848 5105 5392 5371 5384 5530 5299 5325 5440 5398 5246 5635 5270 5800 5851 5442 5848 5986 5709 5414 5739 5606 5551 5039 5683 5486 5886 5981 5875 5516 5671 5794 5344 5344 5449 5413 5650 5615 5344 5461 5661 5545 5103 5067 5534 5630 5975 5777 5640 5328 5825 5599 5728 5812 5093 5330 5794 5744 5492 5628 5163 5781 5742 5641 5529 5627 5687 5403 5475 5818 5314 5991 5426 5658 5589 5581 5003 5926 5573 5643 5440 5508 5560 5553 5325 5367 5333 5196 5672 5750 5738 5327 5480 5454 5905 5439 5607 5314 5148 5611 5429 6000 5686 5515 5635 5909 5732 5575 5405 5301 5461 5666 5349 5317 5172 4959 5053 5757 5380 5410 5105 5332 5868 5203 5164 5593 5793 5557 5613 5986 5266 5584 5664 5401 5403 5334 5744 5525 5581 5445 5710 5240 5412 5586 5241 5588 5694 5588 5522 6009 5900 5728 5652 5191 5145 5492 5445 5526 5477 5973 5551 5531 5551 5160 5913 5221 5601 5385 5436 5647 5484 5392 5586 5252 5497 5527 6068 5607 5043 5617 5652 5260 5646 6252 5178 5213 5872 5712 5264 5283 5535 5639 5310 5364 5752 5489 5683 5512 5398 5650 5274 5127 4980 5526 5437 5104 5419 5490 5364 5771 5195 5811 5201 5238 5615 5670 5827 5373 5610 4841 5497 5565 5240 5196 5264 5097 5402 5775 5445 5672 5814 5418 5288 5214 5091 5393 5370 5230
5731 5480 4898 5176 5662 5798 4986 5654 5481 6005 5632 5411 5300 5246 5580 5771 4935 5643 5728 5082 5035 5391 5429 5392 4964 5279 5622 5456 5015 5228 5066 5522 5845 5142 5525 5551 5822 5463 5683 5403 5519 5314 5563 5728 5442 5671 5674 5552 5536 5670 5163 5263 5175 5449 5575 5596 5021 5355 5481 5178 5089 5050 5528 5523 5518 5449 5564 5163 5740 5580 5492 5999 5130 5402 5530 5699 5514 5494 5054 5698 5667 5328 5461 5481 5308 5573 5700 5737 5314 5628 5586 5632 5465 5579 5184 5654 5308 5849 5378 5637 5264 5638 5591 5500 5521 4938 5330 5807 5350 5167 5094 5479 5885 5524 5458 5332 5191 5538 5800 5701 5810 5257 5455 5528 5548 5398 5379 5435 5087 5618 5550 5233 5190 5079 5298 5757 5559 5235 4982 5330 5987 5329 4979 5484 5402 5202 5555 5736 5305 5738 5563 5187 5432 5342 5974 5362 5584 5174 5754 5462 5197 5774 5060 5492 5648 5678 5236 5822 6156 5670 5384 5277 5479 5329 5536 5242 5303 5932 5470 5400 5144 5405 5543 5403 5577 5211 5225 5753 5283 5339 5471 5196 5126 5468 5707 5766 4775 5321 5169 5147 5777 5878 5025 5088 5681 5504 5041 5196 5505 5602 5113 5212 5590 5319 5598 5324 5145 5669 5534 5316 5107 5606 5228 5312 5337 5565 5497 5808 5199 5790 4963 5653 5682 5702 5580 5240 5512 4993 5341 5220 5383 5229 5375 5230 5416 5738 5558 5226 5422 5453 5358 5261 5181 5465 5376 5088
5392 5415 4785 5102 5389 5154 4894 5172 5021 5722 5111 4987 5448 5356 5213 5590 4552 5436 5415 4704 5147 5016 5026 5340 4799 4668 5231 5075 4752 5021 4732 5443 5383 4750 5145 5412 5415 5199 5440 5153 5328 4809 5237 5312 5340 5046 5131 5109 5374 5316 4927 4997 5053 5211 5107 5247 4773 5345 5134 4961 5030 4934 4623 5192 5313 5211 5260 4655 5374 5109 5008 5388 4722 5373 5003 5437 5345 5006 4966 5472 5370 5202 5256 5221 5276 5254 5008 5160 4862 5496 5099 5401 5112 4958 4909 5532 5166 5127 5193 5010 4865 5230 5045 5234 5386 4467 5286 5380 5043 4344 5050 4987 5499 5037 4891 4974 4907 5246 5354 5644 5398 5238 5234 5103 5037 5332 5025 4871 5200 5479 5216 4869 4851 4615 4699 5274 5253 5284 4795 5015 5406 4901 4690 5316 5074 5375 5389 5611 5121 5433 5131 5267 4818 4992 5507 4975 5133 4967 5307 4861 5264 5462 4597 5408 5309 5493 5137 5030 5670 4964 5532 5005 4912 4899 4989 5189 4852 5416 5009 5095 4940 4850 5397 5049 5075 4820 4965 5257 5165 4934 4964 5002 5093 5538 5396 5268 4902 4871 5154 4898 5555 5651 4881 4634 5336 5108 4702 5422 5014 5630 4953 5355 5153 5191 5427 4906 4899 5206 4946 4896 4728 5246 4878 4974 5156 5201 5203 5740 4872 5404 4683 5407 5322 5202 5554 4834 5235 4877 4989 4976 5329 4860 5009 4887 4872 5184 5224 5046 5172 4980 4929 4991 4607 5136 5008 4934
5487 5033 4596 4845 5445 5283 4552 4960 5118 5505 4984 5231 5196 5191 5062 5339 4421 5158 5241 4791 4730 4907 5128 4697 4789 5052 5251 4872 4705 4918 4820 5336 5412 4894 5272 5271 5428 5035 5215 4960 5179 4639 5167 5110 5236 5125 5406 5087 4996 5117 4936 4812 5010 4940 5224 5357 4879 4983 4944 4805 4725 4842 4907 4932 5262 5109 5125 5055 5472 5412 4788 5409 4662 5045 5204 5280 4844 4772 4915 5485 5423 5087 5370 5101 4978 5127 5083 5334 5107 5433 5061 4897 4941 5187 4544 5329 4948 5120 4924 5193 5068 5128 5183 4914 4756 4961 5187 5446 4817 4713 4850 5214 5255 5012 5175 4745 4929 5365 5273 5223 5353 4780 4780 5293 5254 5109 5196 5128 5022 5316 5120 4828 4881 4770 4673 5389 5158 4981 4959 4908 5109 4567 4644 5018 5149 4859 5251 5487 4967 5211 5070 5138 4884 5091 5114 4986 5227 4918 5256 4973 5007 5299 4892 5258 5279 5572 4981 5002 5490 5242 4994 4774 4916 4772 5192 5116 5395 5492 5129 5094 5097 4886 5324 5141 5337 5022 4983 5257 5018 4824 4987 4875 4950 5143 5446 5188 4624 4984 4753 4871 5546 5585 4948 4873 5174 5057 4850 5034 5101 5246 4760 4934 5306 4985 5253 5081 4740 5010 4776 4720 4490 5298 4783 4959 4819 5249 5004 5147 4621 5444 4822 5163 5249 5206 5478 4808 5050 4893 5109 4783 5187 4932 5100 4724 4860 5141 5149 5051 5259 5122 4815 4795 4498 5133 5174 4763
5518 5356 4645 4927 5604 5171 4613 5212 5384 5723 5147 4884 5165 5259 5121 5430 4619 5302 5343 4661 4769 4785 5091 4846 4775 5076 4980 5162 4822 5152 4918 5348 5287 4673 5242 5292 5546 5197 5212 5311 5163 4876 5286 5190 5198 5456 5260 5044 5097 5128 5138 5062 4857 5308 5318 5386 4759 5146 4916 5023 4826 4882 4968 5087 5219 5141 5281 4978 5402 5106 4955 5435 4627 5102 5402 5392 5171 5082 4950 5600 5308 5356 5261 5084 4931 5126 5089 5420 4822 5285 4999 5118 5025 4911 4790 5343 5115 5306 5202 5065 5193 5019 4981 5389 4866 5051 5423 5256 4949 4439 4908 5074 5257 4874 5178 4835 4873 5206 5325 5574 5301 4945 5129 5186 5393 5355 5061 4996 5075 5268 5320 4843 4799 4758 4698 5334 4858 5069 4877 4916 5283 4837 4866 5030 5014 5131 5087 5580 4946 5118 5012 5214 5118 5110 5284 4888 5088 4797 5375 4851 4828 5420 4702 4986 5239 5485 5010 5357 5539 5006 5092 5007 4775 4827 5265 5161 4883 5354 5145 5149 5237 5021 5357 5338 5075 5066 4982 5159 5029 4958 4966 4782 5002 5259 5306 5283 4814 5296 4936 4973 5522 5365 5217 5041 5322 5018 4830 5117 5067 5426 5084 4867 5003 4848 5460 5084 4705 5306 5112 4751 4684 5229 5159 5105 4870 5136 5020 5552 4889 5295 4921 5265 5500 5319 5228 4834 5304 4814 4903 5009 4970 4928 4925 5010 4966 4944 5051 4913 4940 5155 4901 4738 4590 5048 5095 4686
5897 5810 5111 5389 5806 5708 5001 5535 5622 5877 5626 5315 5500 5423 5562 5867 5020 5853 5493 5231 5336 5301 5461 5189 5239 5588 5666 5321 5258 5417 5262 5438 5657 5138 5868 5927 5951 5498 5619 5536 5694 5229 5350 5680 5573 5556 5372 5779 5715 5762 5145 5219 5570 5482 5441 5443 5178 5497 5413 5357 5243 5232 5451 5396 5623 5598 5781 5440 5597 5507 5365 5881 5028 5459 5447 5804 5545 5474 5115 5909 6078 5624 5478 5519 5414 5650 5806 5890 5319 5687 5317 5493 5389 5585 5091 5843 5343 5619 5500 5626 5379 5528 5241 5427 5451 5120 5571 5733 5470 4920 5367 5731 5560 5221 5304 5336 5528 5575 5808 5946 5785 5363 5442 5782 5963 5522 5517 5553 5524 5748 5626 5411 5416 5328 5248 5544 5639 5429 5115 5278 5595 5141 5288 5632 5425 5347 5518 5639 5494 5528 5452 5524 5222 5434 5601 5267 5615 5337 5526 5402 5342 5723 5487 5245 5779 5735 5503 5647 6078 5319 5285 5341 5410 5527 5543 5618 5373 5825 5360 5807 5744 5508 5836 5635 5777 5357 5225 5615 5410 5191 5649 5164 5532 5643 5873 5767 5223 5330 5073 5132 5900 5986 5321 5138 5556 5436 5186 5323 5787 5941 5171 5110 5511 5368 5735 5599 5280 5846 5369 5132 5060 5629 5771 5344 5324 5559 5524 5974 5348 5682 5120 5659 5519 5791 5862 5279 5716 5211 5254 5476 5558 5483 5482 5255 5247 5671 5574 5395 5619 5621 5168 5082 5036 5456 5617 5093
6015 5703 5077 5442 5771 5568 5248 5623 5616 5905 5651 5583 5692 5868 5630 5808 4931 5621 5789 5139 5381 5127 5659 5501 5291 5524 5818 5221 5174 5653 5405 5839 5530 5105 5841 5732 5996 5717 6037 5530 5696 5387 5585 5462 5817 5872 5812 5415 5810 5617 5608 5682 5446 5790 5632 5981 5099 5558 5480 5340 5115 5250 5527 5653 6011 5357 5722 5371 5615 5665 5528 5885 5161 5803 5487 5547 5613 5373 5203 5847 5803 5820 5577 5616 5725 5449 5793 5759 5170 5845 5471 5698 5522 5582 5219 6085 5637 5475 5486 5537 5341 5618 5273 5625 5560 4910 5720 6039 5445 4915 5326 5391 6029 5192 5632 5340 5569 5561 5932 6038 5852 5493 5336 6031 5586 5563 5576 5483 5458 5439 5566 5245 5457 4992 5279 5736 5561 5520 4978 5385 5719 5174 5218 5569 5324 5516 5682 5828 5127 5778 5717 5530 5205 5487 5971 5617 5397 5290 5832 5530 5492 6151 5205 5585 5464 5772 5660 5859 6313 5619 5598 5465 5412 5215 5707 5433 5371 5866 5558 5383 5220 5385 5769 5392 5718 5471 5217 5764 5366 5280 5571 5415 5353 5794 5553 5771 5386 5151 5564 5135 5892 5965 4912 5246 5859 5559 5233 5580 5722 5931 5290 5370 5319 5813 5501 5299 5361 5713 5587 5369 4957 5702 5294 5440 5658 5566 5470 6059 5405 5614 5017 5691 5757 5829 6009 5266 5420 5207 5386 5436 5476 5271 5388 5267 5358 5925 5590 5459 5738 5386 5377 5131 5057 5682 5470 5245
5620 5281 4755 4744 5359 5298 4855 5497 5075 5750 5023 4898 5118 5304 5217 5448 4603 5338 5182 4975 5067 4916 5056 5066 5020 5067 5527 5034 4793 4909 4966 5241 5363 4905 5418 5080 5496 5243 5597 5107 5233 4860 5234 5164 5148 5295 5263 5118 5084 5315 5186 5028 5072 5439 5410 5424 5140 5323 4963 5039 5033 4618 5294 5144 5371 5111 5158 4896 5494 5353 5090 5577 4817 5251 5279 5281 5123 5094 4997 5457 5181 5255 5109 5158 5275 5082 5185 5663 5072 5422 5260 5294 5000 5245 4990 5363 5201 4966 5089 5112 4993 5141 5078 5193 5033 4829 5380 5642 5282 4781 4688 5240 5574 5078 5159 4845 5078 5459 5526 5652 5195 5271 5074 5250 5132 5251 5426 4975 5208 5384 4951 4877 4845 4871 4802 5510 5059 5182 4921 4826 5176 5060 4745 5273 5113 5098 5399 5615 5014 5142 5297 5166 5029 5355 5241 4933 5095 5047 5475 4836 5150 5357 4577 5300 5359 5427 5066 5062 5662 5314 5038 4851 4834 4842 5044 5006 5243 5643 4989 5161 5008 4997 5593 5295 5300 4937 4878 5424 5100 5018 5170 4946 4959 5220 5667 5501 4857 5170 4950 5169 5346 5731 5226 5127 5581 5367 5084 5095 5421 5314 4838 4920 5260 4931 5269 5184 4765 5350 5028 4748 4554 5230 5230 5256 5136 5306 4978 5537 4840 5249 4732 4996 5348 5257 5370 4843 5501 4650 5156 5071 5180 5116 5005 5038 5011 5416 5261 4924 5212 4877 4960 4969 4869 5128 5169 4808
4931 5047 4638 4763 5357 4966 4619 5016 4880 5461 5120 5040 4854 5255 4920 5107 4285 5220 5146 4613 4736 5020 4857 4509 4602 4655 5085 4928 4768 4722 4641 5084 5225 4682 5029 5192 5244 4924 5333 4978 4925 4579 4990 5218 5110 5111 4730 5064 5036 5269 4758 4945 4496 4935 4900 4938 4513 4984 4817 4598 4679 4794 4629 4893 5139 4936 5120 4948 5190 5254 4835 5459 4689 4690 4879 5010 4947 4980 4461 5206 5160 4907 5176 5030 4751 4861 4869 5148 4606 5110 4919 5021 5164 4917 4552 5243 4856 5016 4774 5074 4867 5027 4903 4794 4710 4543 4780 5073 5034 4333 4826 4819 5166 4699 4953 4613 4940 5149 5170 5141 5094 4827 4638 5275 4964 4819 4883 4848 4751 5086 4992 4644 4560 4485 4702 4867 4769 4952 4346 4605 5147 4462 4670 4813 4785 4800 5052 5255 4614 5024 4836 5033 4723 4767 5155 5013 4785 4435 5231 4846 4795 5639 4499 5030 4972 5292 4830 5249 5269 5085 4772 4500 4887 4844 4970 4813 4597 5413 4581 4762 4803 4770 5103 4789 4781 4629 4703 5075 4892 4688 4905 4745 4755 5078 5206 4933 4434 4853 4991 4538 5310 5361 4620 4773 5222 4842 4505 4864 4920 5258 4827 4618 4935 4861 5076 4876 4949 4998 4679 4798 4422 5136 4782 4796 4552 5254 4803 5462 4881 5177 4548 5036 5105 5110 5382 4583 4908 4621 4755 4704 4973 4797 4697 4699 4888 4837 4952 4846 5072 4767 4624 4737 4380 4943 4885 4627
5789 5796 5011 5524 5933 5740 5235 5820 5570 6144 5891 5592 5603 5657 5808 5883 5115 5665 5563 5233 5528 5293 5547 5349 5471 5577 5642 5446 5057 5414 5308 5568 6009 5254 5641 5794 6112 5498 5955 5736 5616 5409 5602 5723 5549 5910 5626 5589 5743 5923 5264 5761 5114 5772 5594 5657 5189 5739 5468 5456 5060 5397 5640 5467 5550 5408 5918 5470 5887 5909 5754 5845 5133 5365 5547 5763 5677 5354 5336 5820 5873 5757 5735 5552 5440 5696 5706 6236 5189 5991 5630 5657 5512 5723 5304 5901 5394 5668 5485 5617 5397 5502 5273 5650 5193 5198 5826 5903 5798 4902 5252 5643 5596 5240 5630 5256 5188 5820 6029 5788 5773 5443 5464 5764 5852 5777 5808 5483 5502 5786 5443 5216 5308 5527 5403 5714 5620 5544 4976 5323 5906 5379 5446 5777 5582 5484 5717 6032 5395 5880 5660 5651 5446 5418 5919 5602 5766 5103 5834 5472 5281 5906 5032 5545 5733 5744 5344 5967 6313 5838 5863 5508 5302 5277 5581 5569 5589 5999 5556 5585 5337 5177 5992 5792 5736 5259 5603 5876 5584 5477 5513 5413 5497 5622 5975 5910 5186 5364 5629 4942 5866 6140 5371 5125 5887 5678 5240 5553 5646 5845 5360 5321 5722 5638 5745 5406 5287 5576 5421 5268 5124 5611 5553 5554 5153 5651 5291 5808 5475 5681 5375 5668 5833 5931 6048 5088 5827 5271 5668 5705 5715 5539 5223 5427 5508 6046 5500 5331 5546 5679 5244 5113 5157 5501 5620 5255
5685 5443 4639 5097 5531 5566 4857 5158 5349 6017 5228 5329 5271 5445 5176 5802 4926 5590 5637 4816 5332 5184 5329 5102 4957 5077 5410 5204 4990 5268 4764 5473 5323 4983 5496 5641 5847 5439 5475 5482 5512 5132 5345 5294 5349 5148 5362 5303 5427 5544 5069 5190 5169 5509 5280 5396 4866 5240 5107 5199 5090 5037 5371 5245 5705 5324 5524 5283 5498 5473 5404 5468 4662 5279 5296 5392 5429 5185 5070 5878 5392 5192 5372 5212 5409 5249 5553 5497 5131 5545 5353 5389 5247 5439 4976 5580 5408 5331 5368 5276 5169 5294 5333 5210 5055 4953 5271 5720 5268 4896 5353 5411 5560 5132 5210 5071 5205 5532 5515 5601 5224 5367 5380 5595 5325 5202 5309 5111 5171 5754 5383 5084 5167 4731 5095 5486 5297 5057 5137 5076 5748 5174 4976 5444 5399 5165 5405 5727 5130 5360 5482 5461 5221 5027 5452 5300 5267 5188 5445 5161 5236 5604 4964 5065 5307 5972 5404 5449 5937 5144 5346 5187 4909 5148 5469 5147 5303 5573 5075 5311 4944 5366 5677 5320 5384 5058 4917 5532 5253 5032 5348 5313 5131 5209 5569 5440 4911 5080 5266 5198 5793 5715 4945 4926 5498 5206 5150 5393 5345 5925 4891 5196 5704 5337 5305 5281 4752 5480 5397 4879 5004 5533 5163 5431 5261 5488 5136 5606 5017 5312 5044 5314 5408 5666 5834 5177 5343 5210 5236 4943 5393 5217 5062 5125 5271 5528 5101 5391 5459 5238 5255 4976 4862 5298 5309 5091
5189 5036 4990 4918 5449 5023 4995 5184 5056 5581 5369 4861 5246 5201 5102 5489 4518 5166 5485 4826 5128 5011 5176 5172 4807 4896 5433 5309 4627 4985 4843 5267 5481 4849 5448 5492 5684 5044 5285 5253 5544 4839 5407 5130 5185 5094 5196 5150 5313 5343 4939 5258 5103 5065 5295 5545 4810 5118 5266 4787 4879 5000 5065 5084 5462 4994 5328 5210 5229 4975 5154 5256 4811 4796 5077 5203 5052 4918 4843 5689 5367 5206 5433 5146 5128 5094 5460 5246 5052 5422 5084 5468 5269 5288 4858 5295 5356 5281 4796 5228 5231 5029 5120 5336 4981 4730 5107 5518 5241 4825 5228 5177 5534 5049 4990 4736 5016 5334 5367 5605 5145 5216 5240 5345 5403 5025 5167 4946 5048 5498 5330 4837 4852 4994 4717 5151 5084 5181 4938 4855 5277 5231 4848 5448 5224 4899 5350 5431 4954 5222 5125 5247 4760 4981 5194 4967 4975 4849 5112 4979 5180 5262 4972 5073 5356 5417 5175 5595 5644 5023 4973 5017 4809 5262 5060 5340 5076 5512 5092 5257 4999 5045 5448 5187 5212 5037 4732 5332 5044 4970 5150 4880 4968 5395 5734 5502 4936 5263 5184 4952 5583 5689 4899 4763 5217 5182 4954 5036 5243 5536 4940 5262 5048 5016 5119 5024 5048 5401 5002 4766 4765 5269 5080 5245 4992 5100 5245 5391 5036 5366 4689 5134 5475 5389 5484 4670 5176 4752 4992 5102 4936 5154 4934 5046 4961 5418 5238 4912 5264 5136 5004 4960 4841 5277 5144 5165
5253 5311 4929 5228 5306 5009 4941 5262 5264 5810 5047 4942 5226 5129 4987 5221 4572 5397 5327 4598 5180 5152 5116 4716 4754 5135 5319 5090 4860 5092 4754 5156 5322 4868 5092 5491 5684 4816 5318 5334 5492 4760 5197 5162 4986 5301 5187 4784 5263 5118 4970 5094 4979 5113 5241 5626 4727 5106 4686 4794 4776 4942 4795 5078 5326 4951 5183 4834 5532 5346 5015 5548 4739 5096 5244 5266 4838 4883 5046 5559 5230 5104 5212 5069 4805 5057 5229 5261 4847 5211 4868 5137 5053 5002 4627 5536 4885 5350 4991 5101 5153 4933 5207 5103 4937 4704 5336 5571 5030 4534 4830 5393 5248 4821 5199 5054 4874 5272 5389 5507 5090 4846 5075 5354 5258 5170 5047 5116 5047 5083 5231 4850 5091 4854 4975 5440 5228 5124 4529 4797 5462 4792 4722 4884 5153 5215 5116 5451 4875 5306 5216 5318 4864 5168 5201 4983 5064 4783 5276 5124 4908 5448 4567 4991 5266 5579 4945 5395 5556 5086 4790 4907 4974 5124 5240 5122 5231 5290 4744 5035 5241 5149 5293 5154 4853 4914 5012 5536 5149 4898 4973 5062 4879 5318 5331 5362 4706 5176 4846 5050 5356 5445 4681 4702 5183 5244 4790 5165 5252 5152 4979 4968 5139 5061 5349 4799 4950 5284 4851 4897 4795 5095 5063 5231 4708 5255 5005 5485 4878 5259 4903 5429 5336 5463 5732 4895 5253 4838 4945 5090 5288 5041 5046 5047 4886 5310 5229 4991 5329 5007 4840 4956 4683 5375 5215 5037
5859 5771 5045 5587 5886 5623 5275 5767 5849 6584 5860 5427 5561 5776 5609 5612 5164 5964 5500 5104 5638 5375 5584 5126 5276 5648 5603 5508 5091 5467 5312 5904 5782 5314 5922 5890 6124 5659 5871 5747 5793 5332 5619 5589 5722 5709 5466 5565 5884 5882 5282 5581 5518 5446 5833 5590 5317 5562 5433 5414 5252 5370 5810 5738 5884 5699 5708 5572 5956 5766 5348 5963 5139 5378 5606 5786 5584 5519 5484 5944 6120 5986 5784 5585 5575 5754 5647 5961 5504 5834 5613 5837 5394 5657 5312 6034 5533 5950 5484 5677 5457 5532 5670 5608 5535 5434 5893 5961 5693 5053 5389 5626 6158 5445 5488 5687 5387 5613 5953 6036 5604 5380 5660 5982 5597 5765 5847 5450 5710 5965 5714 5050 5561 5393 5380 5926 5655 5443 5266 5400 6107 5394 5314 5737 5495 5521 5838 5931 5470 5512 5446 5644 5467 5413 5751 5423 5601 5596 5781 5517 5476 5919 5386 5636 5834 6010 5528 5655 6310 5808 5574 5308 5502 5473 5599 5899 5611 6153 5690 5752 5652 5343 5988 5425 5617 5598 5545 6045 5672 5434 5616 5444 5407 5776 6076 5857 5248 5552 5458 5300 5931 6318 5317 5422 5835 5666 5408 5643 5906 5885 5564 5520 5896 5718 5900 5659 5339 5676 5593 5260 5300 5848 5499 5424 5576 5783 5728 6101 5200 5824 5389 5485 5788 5711 5836 5479 5803 5409 5628 5560 5832 5380 5343 5547 5379 5831 5441 5454 5756 5732 5380 5403 5176 5745 5489 5397
5812 5419 5039 4929 5714 5232 5042 5652 5298 5807 5424 5017 5580 5448 5608 5559 5151 5536 5563 4786 5047 5153 5570 5196 5146 5173 5495 5248 5011 5483 5171 5493 5526 5311 5547 5578 5789 5362 5838 5241 5530 5070 5477 5410 5551 5386 5465 5335 5527 5513 5237 5249 4908 5516 5392 5630 5213 5472 5192 5221 4986 5074 5184 5283 5316 5381 5484 5351 5453 5362 5458 5841 4854 5326 5330 5556 5384 5023 5207 5623 5516 5503 5479 5273 5274 5439 5334 5665 5245 5521 5262 5531 5391 5458 5016 5509 5331 5303 5247 5345 5251 5443 5272 5447 5062 4950 5423 5957 5219 4961 5470 5381 5639 5085 5604 5310 5199 5597 5445 5698 5553 5491 5233 5681 5473 5326 5100 5158 5250 5435 5287 5233 5267 5098 4865 5543 5420 5410 4848 5298 5888 5106 4953 5560 5354 5446 5465 5734 5079 5434 5200 5415 5201 5291 5665 5368 5425 4971 5446 5213 5292 5760 4962 5205 5438 5762 5354 5663 6084 5422 5231 5306 5181 5249 5567 5192 5248 5528 5074 5286 5305 5339 5762 5221 5372 5308 5341 5645 5473 5110 5344 5140 5116 5672 5575 5782 5186 5289 5368 5103 5765 5654 4937 5048 5530 5342 5062 5266 5221 5594 5204 5040 5295 5231 5540 5110 5106 5494 5042 5260 4940 5737 5314 5209 5352 5348 5464 5935 5233 5684 4939 5279 5600 5522 5648 5167 5314 5145 5615 5164 5578 5325 5124 5053 5262 5481 5270 5371 5287 5057 5387 5122 4819 5195 5356 5039
5776 5402 4944 5136 5545 5252 4823 5341 5255 5819 5593 5300 5382 5582 5533 5568 4597 5653 5459 5216 5395 5147 5247 5455 4982 4957 5612 5235 4822 5182 5129 5408 5606 4915 5657 5619 5842 5300 5796 5599 5444 5277 5297 5635 5500 5521 5384 5406 5421 5514 5298 5459 4972 5573 5268 5471 5083 5368 5114 5314 5046 5255 5324 5329 5586 5356 5484 5072 5333 5717 5395 5827 4986 5231 5399 5607 5646 5374 4944 5676 5448 5639 5634 5351 5255 5545 5364 5637 5056 5817 5376 5374 5366 5280 4591 5818 5205 5578 5364 5454 5236 5679 5596 5318 5082 4762 5565 5651 5251 4980 5263 5442 5594 5259 5291 5056 5079 5415 5814 5566 5316 5237 5206 5417 5503 5337 5391 5106 5353 5586 5424 4948 5187 5034 5142 5572 5212 5314 4780 5218 5319 5291 4992 5514 5325 5357 5384 5894 5245 5464 5405 5414 5273 5139 5750 5107 5144 5178 5398 5097 5207 5626 5008 5435 5591 5596 5358 5530 6236 5339 5554 5223 5092 5175 5747 5236 5241 5770 5460 5257 5056 4985 5688 5587 5415 5257 5086 5503 5381 5192 5275 5257 5135 5747 5719 5457 5103 5124 5617 5167 5736 5976 5211 4833 5759 5316 5029 5308 5272 5599 5207 5244 5419 5515 5437 5291 5273 5548 5368 5336 4876 5385 5078 5204 5027 5405 5197 5644 4963 5450 4977 5535 5774 5516 5732 4879 5472 5017 5304 4964 5363 5195 5385 5139 5224 5601 5507 4980 5273 5363 5138 5188 5241 5209 5463 5016
5917 5495 4990 5389 5799 5524 5232 5677 5545 6114 5579 5362 5446 5765 5574 5806 4982 5703 5617 5276 5411 5514 5699 5197 5407 5421 5884 5413 5193 5409 5258 5513 5842 5150 5443 5734 5996 5258 5892 5652 5753 5340 5435 5765 5512 5604 5540 5549 5725 5652 4988 5633 5471 5591 5526 5780 5164 5392 5059 5411 5140 5240 5399 5385 5843 5745 5709 5384 5574 5758 5693 5901 5113 5349 5738 5773 5505 5510 5319 6086 5855 5658 5698 5371 5337 5815 5740 6051 5316 5939 5591 5426 5371 5445 5089 5825 5270 5727 5330 5547 5306 5756 5566 5542 5449 4991 5486 5987 5318 4922 5335 5641 5728 5392 5370 4904 5476 5743 5956 5786 5725 5378 5467 5768 5686 5601 5456 5455 5369 5620 5464 5181 5416 5023 5252 5903 5636 5314 4993 5423 5705 5199 5004 5527 5524 5385 5659 5931 5370 5482 5613 5580 5457 5523 5777 5617 5610 5303 5597 5459 5309 6084 5200 5548 5777 5872 5307 5866 6216 5486 5486 5163 5362 5544 5619 5455 5560 5970 5571 5482 5211 5594 5666 5874 5461 5448 5464 5898 5346 5463 5535 5186 5425 5911 5864 5619 5170 5209 5635 5376 6185 5978 5179 5144 5767 5333 5425 5531 5396 5950 5526 5318 5484 5587 5659 5578 5264 5833 5395 5246 5007 5583 5542 5552 5341 5665 5235 5715 5253 5678 5183 5537 5752 5904 5882 5230 5632 5378 5258 5200 5261 5526 5456 5448 5342 5664 5646 5348 5506 5563 5464 5431 4983 5469 5483 5231
5533 5154 4546 5047 5393 5307 4765 5212 5210 5536 5558 5033 4998 5218 5133 5611 4711 5093 5249 4644 4961 4940 5080 5167 4836 5073 5325 5063 4804 4846 4868 5265 5091 4939 5409 5598 5649 5141 5187 5196 5368 4846 5168 5293 5347 5389 5408 5379 5109 5358 4729 5183 4963 5206 5044 5221 4687 5003 5064 4859 4973 5068 4839 5373 5311 5152 5267 4952 5462 5334 5061 5343 4684 5125 5024 5365 5341 5111 4713 5437 5286 5498 5323 5187 5144 5078 5198 5245 4640 5390 5073 5144 4969 5031 4825 5589 4986 5120 5235 5334 4819 5467 5058 5030 5244 4738 5167 5268 5222 4627 4620 5274 5497 4973 5267 4812 5031 4852 5494 5177 5155 4974 5017 5210 5355 5274 5067 5095 5028 5461 5231 4742 4836 4877 4840 5273 4895 5050 4815 5129 5360 5115 4783 5090 5095 5114 5193 5573 5099 5076 5257 5108 4875 4887 5382 5053 5158 4871 5372 4866 4770 5352 4710 5130 5409 5145 5088 5234 5896 5160 5285 4880 4787 4762 5151 5179 5086 5410 5049 5241 5108 4846 5333 5229 5342 4850 4927 5371 4916 5163 4997 4556 4708 5121 5325 5160 5117 4767 5121 4728 5387 5581 4858 4981 5372 5327 4962 5350 5325 5565 5048 5062 5333 5455 5136 5248 4737 5335 5043 4879 4745 5412 4709 4739 5070 5201 5002 5545 4697 5327 4880 5182 5310 5511 5558 4979 5122 4802 5101 5043 5222 4800 5011 4914 5220 5300 5084 4789 5249 5059 5018 4639 4798 5024 5088 4731
5629 5375 4676 4822 5470 5084 4717 5357 5291 5706 5467 5108 5268 5276 5245 5310 4800 5615 5661 4813 4854 5025 5180 5232 4966 4996 4999 5208 4911 4997 4926 5317 5427 5092 5163 5591 5349 5069 5382 5163 5623 4842 5207 5509 5452 5451 5311 5330 5319 4921 4805 5186 4999 5293 5378 5504 4772 4938 5071 4952 4955 4863 4923 5228 5648 5100 5025 5086 5484 5231 5150 5576 4912 5256 5202 5434 5334 5157 4795 5508 5455 5554 5222 5303 5066 5184 5513 5509 4807 5424 5206 4997 4885 5266 4752 5683 5127 5717 5397 5363 5322 5257 5280 4938 5257 4754 5494 5392 5185 4787 4774 5208 5584 5009 5165 4680 5476 5536 5329 5688 5396 5049 5028 5354 5479 5312 5167 5231 5224 5445 5085 4847 4796 4938 4676 5320 5049 5102 4674 5044 5622 5016 4794 5284 4987 5097 5385 5429 4855 5418 5178 5204 4998 4849 5560 4972 5141 4932 5322 5215 4892 5719 4585 5280 5128 5409 5090 5437 5825 5044 5003 5085 4988 5183 5361 5207 5077 5620 5023 5077 5013 4961 5556 4970 5387 5060 5043 5370 5185 5064 4935 4825 5067 5598 5639 5153 4867 5162 5121 5054 5564 5735 4754 5069 5251 5051 4929 5244 4918 5416 5333 4902 5070 5153 5619 5150 4805 5408 4933 5009 5069 5416 4979 4874 5160 5256 5299 5702 4954 5426 4756 5580 5544 5387 5342 5147 5378 4997 5019 5300 5061 5062 5307 4899 5038 5198 5350 5256 5193 5122 5065 5002 5043 5306 5090 4696
5409 4970 4332 4539 5119 5224 4357 4916 4745 5349 4926 4752 4847 4775 4932 5272 4124 5000 5099 4467 4520 4426 4852 4736 4672 4658 5187 4692 4422 4484 4431 4952 4977 4355 5237 5151 5194 4632 5219 4779 4960 4492 4913 4685 4697 4991 4964 5003 5045 4829 4525 4748 4538 5179 4897 5195 4469 4753 4833 4730 4663 4603 4600 4711 5070 4882 4952 4689 5018 5056 4698 5163 4376 4971 4895 5056 4848 4917 4564 5188 4933 4859 4876 4701 4882 4779 4803 5107 4573 4876 4724 4979 4950 4918 4724 5234 4717 4986 4793 4681 4746 4818 4841 4695 4357 4412 5128 4996 4496 4474 4508 4835 5147 4702 4698 4541 4852 4637 5148 5090 5070 4521 4882 4807 4803 4955 4897 4868 4782 4843 4929 4411 4516 4259 4336 4893 4906 4814 4475 4536 4866 4471 4478 4733 4763 4863 4730 5164 4575 4934 4792 4942 4717 4488 4942 4702 4529 4331 5108 4814 4421 5115 4427 4859 4997 4919 4786 4911 5195 4744 5081 4622 4434 4602 5072 4621 4633 5101 4680 4922 4729 4696 5323 5001 4588 4912 4410 4783 4698 4807 4915 4590 4763 4857 4853 4911 4321 4770 4655 4756 4899 5186 4598 4325 5096 4942 4309 4775 5047 5076 4583 4604 4837 4892 4907 4560 4595 5008 4990 4605 4351 5105 4516 4892 4398 5064 4948 5167 4493 5072 4434 4905 5137 5361 5056 4442 4715 4266 4425 4537 4628 4520 4692 4495 4832 5011 4941 4629 4666 4952 4626 4648 4325 4591 4780 4562
5047 4993 4508 4754 5298 5016 4706 4816 5188 5400 5019 4701 5025 4930 4967 5237 4121 4896 4879 4587 4788 4494 4957 4774 4702 4798 5087 4943 4371 4816 4924 5173 5136 4546 5016 5287 5221 4795 5409 4969 4706 4813 4927 5165 4995 4903 4973 4691 5236 5105 4844 4997 4584 5073 4964 5102 4494 4882 4804 4697 4713 4812 4714 4813 5033 4827 5066 5179 5183 5263 4867 5106 4294 4924 5112 5230 5157 4846 4751 5224 5200 5283 4997 4969 4527 5115 5094 5291 4491 5367 4978 5044 4952 4823 4750 5355 5082 4925 4722 5012 5106 4980 4921 5092 4793 4544 5219 5289 5011 4427 4558 5057 5127 4853 5045 4709 5001 5070 5325 5323 5198 4875 4817 5162 5053 5010 5046 5005 5027 4868 5008 4838 4802 4635 4793 5218 4993 4886 4532 4724 5427 4840 4478 4973 5131 4972 4890 5228 4677 5220 4737 5250 4870 4714 5205 4692 5040 4817 5180 4742 4788 5035 4656 4965 5279 5326 4896 4794 5497 4915 5118 4995 4893 4803 4950 4825 4995 4919 4737 4893 4543 4650 5503 4804 5111 4936 4691 5384 4911 4681 5073 5047 4536 5082 5329 5262 4590 4872 4922 4698 5195 5153 4646 4693 5036 5027 4769 4887 4808 5150 4777 4711 5007 5038 5239 4689 4794 5047 4730 4912 4494 5029 4791 4906 4678 5168 4863 5008 4515 4983 4663 4904 5059 5041 5289 4514 5014 4484 4882 5021 4880 4709 4802 4719 4688 5170 5095 4991 4974 5043 4705 4703 4565 4958 4957 4723
5954 5683 5236 5322 5854 5784 5152 5770 5297 6102 5783 5617 5511 5575 5636 6409 5026 6050 5855 5338 5288 5537 5578 5299 5357 5676 5831 5371 5336 5577 5221 5609 5853 5397 5716 5864 5899 5626 6014 5721 5785 5392 5698 5745 5827 5772 5877 5412 5857 5622 5457 5322 5341 5885 5870 5860 5329 5570 5334 5329 5233 5245 5536 5481 5862 5534 5499 5370 5724 5754 5604 6030 5140 5512 5435 5927 5672 5670 5518 6003 5956 5834 5675 5546 5547 5650 5674 5966 5457 5962 5705 5536 5426 5584 5456 6028 5717 5618 5511 6008 5417 5634 5492 5488 5652 5208 5663 5898 5641 5093 5264 5713 5924 5313 5734 5086 5570 5617 6009 5955 5849 5471 5642 5822 5965 5332 5569 5503 5385 5666 5510 5548 5332 5182 5397 5874 5577 5435 4879 5652 6138 5237 5377 5703 5454 5582 5735 5961 5457 5843 5498 5656 5557 5626 6065 5149 5713 5320 5727 5546 5342 6007 5287 5727 5699 5957 5463 5511 6272 5563 5642 5325 5389 5315 5679 5499 5488 6054 5487 5419 5476 5616 5800 5473 5634 5545 5424 5988 5511 5435 5582 5438 5375 5853 5981 5608 5557 5517 5400 5266 5939 6256 5302 5333 5841 5404 5100 5297 5786 6028 5271 5466 5581 5498 5890 5395 5419 5697 5427 5457 5327 6003 5419 5521 5736 5751 5380 6031 5407 5715 5202 5602 5739 5420 5908 5466 5745 5197 5471 5566 5536 5331 5398 5281 5537 6114 5543 5422 5525 5314 5351 5451 5307 5430 5563 5282
5392 5537 4935 5238 5585 5237 4814 5328 5470 5620 5265 5142 5181 5284 5246 5441 4852 5108 5502 4977 5090 5131 5183 4886 4783 5308 5209 4967 4712 5183 4744 5344 5621 5090 5133 5342 5490 5074 5624 5128 5378 5003 5307 5115 5265 5453 5199 4938 5306 5250 5083 5240 5002 5427 5245 5553 4677 5177 5105 5225 4748 5104 5443 5117 5405 5126 5314 5124 5473 5395 5100 5514 4848 5127 5323 5439 5372 5313 4969 5409 5129 5181 5338 5086 5207 5094 5086 5584 5052 5517 5073 5115 5175 5250 4870 5691 5098 5193 5118 5507 4888 4958 5086 5126 4967 4972 5334 5496 5178 4808 4769 5117 5465 4951 4935 4811 5083 5567 5577 5791 5496 4860 5093 5378 5416 5295 5199 4927 4866 5250 5226 4950 4978 4929 4778 5476 5345 5090 4581 4941 5499 4832 4907 5287 5166 5292 5306 5580 4717 5365 4998 5221 5180 5100 5439 5200 5223 4818 5375 5124 4932 5526 4709 5132 5278 5437 5117 5477 5640 5402 4902 4997 4762 4851 5309 4688 5198 5649 4949 4999 5148 4913 5329 5306 5102 5083 5147 5533 4944 5196 5163 4974 5058 5424 5655 5468 4991 5213 5148 4979 5431 5868 5106 4841 5523 5186 4793 4957 5343 5509 5034 4877 5145 5316 5351 5007 4892 5430 5080 4822 4721 5336 5140 5151 4700 5207 5002 5258 5140 5103 4985 5244 5334 5350 5303 4910 5175 5051 5149 5219 5201 4860 5133 4834 4893 5740 5089 4928 5151 5377 5126 4492 4745 5089 5045 5022
5704 5211 4882 5008 5539 5370 4827 5455 5169 5820 5381 5420 5294 5335 5426 5585 5087 5596 5671 4829 4950 4954 5362 5320 4974 4881 5667 5071 4847 5425 5052 5408 5362 4990 5462 5421 5733 5360 5652 5232 5685 4976 5155 5329 5485 5404 5576 5412 5450 5542 5132 5115 5413 5411 5280 5267 4950 5159 5342 5117 5006 5029 5163 5392 5674 5265 5249 5255 5336 5567 5202 5776 4627 5345 5392 5422 5255 5131 4897 5513 5421 5591 5187 5333 5196 5343 5287 5590 5164 5385 5346 5260 5124 5325 5240 5592 5422 5283 5300 5329 5044 5217 5409 5257 5375 4754 5195 5766 5348 4630 5112 5261 5571 4871 5214 5018 5238 5459 5410 5684 5563 5376 5351 5452 5431 5408 5343 5258 5258 5446 5240 5165 5030 4738 5096 5277 5458 5120 4940 5193 5346 5099 4953 5250 5213 5346 5390 5550 5219 5396 5382 5470 5306 5182 5386 5244 5299 5180 5457 5166 5301 5627 5114 5414 5397 5701 4972 5376 5727 5501 5273 5308 4999 5154 5156 5029 5256 5628 5058 5133 5234 4849 5538 5209 5428 5439 4825 5482 5319 5279 5403 4947 5092 5253 5453 5397 5012 5125 5131 5148 5341 5737 5040 4959 5505 5273 5001 5155 5475 5555 4954 5251 5542 5277 5490 5307 5126 5525 5284 5017 4814 5212 5470 5086 5434 5480 5121 5719 4946 5447 4845 5296 5394 5632 5556 4726 5526 4826 5144 4985 5176 5169 5017 5194 5251 5693 5561 5396 5419 5276 4973 4947 4672 5225 5000 5061
5289 5067 4477 4593 4980 5108 4505 4857 4911 5311 5044 4744 4825 4825 4808 5258 4488 4921 5066 4405 4511 4647 4663 4875 4533 4702 5017 4890 4351 4684 4562 4823 4762 4568 5199 5160 5271 4778 5172 4758 5224 4449 4931 4761 4930 5014 5214 4874 4988 5106 4893 4829 4765 4990 4810 5217 4624 4977 4848 4872 4569 4354 4887 4757 5298 4742 4966 4593 5127 4963 4748 5028 4344 4776 5015 5199 5097 4649 4519 5195 4934 4864 5200 5048 4964 4810 5032 4936 4956 5154 4873 4988 4717 5114 4771 5023 5029 4995 4603 4744 4736 4937 4772 4640 4801 4537 5216 5075 4460 4446 4601 4840 4985 4869 4837 4638 4793 4801 5086 5168 4898 4721 4796 4943 4672 4789 4993 4646 4884 5059 4776 4891 4829 4408 4304 5056 4805 4717 4534 4566 4966 4593 4710 4776 4871 4433 4821 5271 4723 4797 4895 4882 4564 4607 4978 4803 4675 4655 5007 4710 4695 5124 4208 4848 5058 4916 4799 5148 5163 4854 4882 4726 4561 4647 4832 4715 4823 5297 4742 4721 4708 4597 5015 4980 4739 4742 4494 4801 4776 4808 4880 4692 4851 5007 4940 5059 4517 4739 4671 4718 5080 5157 4702 4725 4955 5002 4398 4872 5240 5263 4538 4575 4712 4779 4682 4644 4500 4919 4990 4401 4461 4843 4497 4750 4435 4730 4685 5064 4483 5078 4233 4891 5133 5169 5220 4568 4916 4505 4736 4606 4801 4575 4744 4747 4904 4899 5149 4836 4852 4854 4667 4631 4601 4797 5089 4746
5307 5131 4477 4784 5151 5052 4448 5043 4829 5466 5153 4704 5082 5051 5108 5116 4612 5294 5109 4767 4828 4808 4793 4972 4860 4648 5099 4783 4625 5014 4858 5268 5112 4894 5164 4928 5101 4728 5543 4804 4967 4795 5095 5242 5078 5040 4978 4817 5193 5086 4768 4882 4722 5163 4887 5244 4691 4908 4866 4588 4745 4556 4802 4821 5176 4868 4877 4989 5261 5048 4916 5422 4583 4816 4727 5266 5073 4973 4850 4892 5172 5001 4919 4925 4921 4914 4883 4993 4765 5314 4789 5037 4928 4954 4567 5514 4885 4936 5123 4884 4874 4893 4777 4861 4849 4590 5086 4946 4702 4385 4791 5071 5339 4785 4898 4894 4744 5177 5334 5095 4905 4952 4655 5148 5156 5103 5079 4809 4805 5180 4673 4692 4642 4541 4516 5109 5035 4741 4490 4813 5118 4782 4801 4808 4923 4736 4991 5328 4868 5191 5114 4952 4840 4855 5101 4918 5033 4712 5205 4993 4629 5457 4596 5122 5242 5309 4793 5149 5670 4963 4787 5182 4777 4735 5012 4819 4676 5352 4830 5014 4866 4978 5337 5214 4878 4825 4751 5134 4816 4851 5006 4818 4831 5023 5291 5074 4758 4816 5092 4931 5188 5615 4763 4828 5183 5048 4677 4731 5103 5224 4822 4716 5086 4782 5191 5147 4793 5041 4706 4792 4609 5048 4923 4815 4922 5282 4725 5354 4787 4881 4518 4777 4983 5019 5387 4590 4885 4874 4983 4929 5026 4775 4814 4592 4763 5181 4986 4834 5100 4917 4673 4662 4349 5072 4921 4581
5797 5606 4995 5233 5660 5477 5189 5540 5462 6009 5411 5325 5383 5607 5187 5585 5080 5536 5518 4849 5284 5110 5459 5251 5074 5122 5596 5390 5047 5663 4938 5610 5733 4964 5538 5520 5879 5513 5586 5528 5606 5060 5309 5517 5572 5478 5652 4997 5744 5385 5049 5062 5334 5275 5514 5254 5058 5211 5220 4963 5017 5122 5366 5370 5475 5560 5372 5364 5560 5627 5302 5628 4959 5319 5591 5593 5372 5094 5174 5665 5738 5494 5568 5279 5412 5336 5445 5652 5160 5448 5274 5514 5422 5335 5089 5769 5287 5239 5610 5273 5231 5498 5612 5318 5348 4726 5529 5752 5243 4861 5151 5461 5769 5104 5202 5020 5010 5269 5792 5475 5704 5192 5522 5480 5573 5490 5336 5139 5356 5591 5531 5171 5141 4936 5132 5746 5447 5142 4884 5444 5737 5282 5036 5273 5338 5452 5547 5727 5352 5356 5351 5520 5167 5214 5567 5224 5381 5110 5573 5278 5277 5582 4831 5312 5550 5706 5306 5442 6008 5558 5374 5302 5243 5151 5351 5550 5162 5808 5202 5167 5212 5158 5501 5128 5443 5222 5177 5738 5219 5255 5451 5096 5212 5530 5724 5435 5067 5394 5340 4982 5601 5862 4903 4903 5457 5204 5069 5335 5508 5761 5064 5180 5277 5452 5679 5590 5062 5568 5665 5326 4883 5380 5217 5228 5316 5240 5452 5522 4849 5477 5140 5523 5412 5585 5832 5172 5304 5236 5454 5032 5497 5034 5184 5244 5178 5726 5278 5359 5447 5413 4931 5061 4966 5374 5246 5235
5512 5125 4658 4854 5254 5120 4589 5048 5169 5659 5418 5008 5083 4839 5267 5421 4459 5157 5121 4857 4778 5091 5000 5006 4711 4945 5540 4927 4554 4850 4906 5127 5271 4582 5247 5282 5523 5157 5359 5128 5215 5065 5100 5178 5134 5222 5242 5050 5340 5156 4719 5004 5081 5241 5261 5355 4678 5170 5146 5116 4763 4824 4820 5011 5095 5139 4978 4975 5370 5157 4974 5465 4501 4944 5022 5252 5131 5386 4665 5497 5371 5330 5265 5205 5038 5290 5008 5226 4793 5383 4735 5107 4956 5070 4555 5670 4824 5444 4912 4858 4760 4932 5013 5354 5167 4429 5037 5258 4993 4499 4591 4946 5193 4643 4771 4943 5042 4789 5359 5520 5299 4812 4707 5075 5225 5048 4908 5115 5173 5339 5016 4743 4730 4864 4635 5383 5251 5032 4711 4594 5256 4890 4367 5351 5000 5085 4877 5419 5148 5214 5137 5200 4868 4788 5431 4939 5344 4953 5070 5088 4975 5340 4760 5226 5187 5409 4978 5453 5521 4903 5003 4992 4599 4719 4989 4910 5036 5439 5032 4969 4873 4584 5383 5035 4947 5384 4791 5246 4861 5064 5022 4945 4789 5188 5216 5338 4752 5030 4942 4795 5113 5366 4988 4688 5208 5147 4736 4988 5113 5366 4854 4858 5068 5076 5214 4912 4812 5019 4912 5127 4693 5119 5057 4880 4735 5064 5199 5358 4796 5253 4642 5226 5575 5107 5372 4631 5170 4837 4887 5065 5227 4974 5035 4736 4834 5406 5127 4918 5122 4996 5006 4688 4941 5081 4927 4779
5182 4905 4450 4896 5452 4922 4812 5102 5038 5333 4797 4843 4955 4959 5224 5517 4379 5104 5187 4770 4583 4611 4885 4781 4619 4819 5236 4992 4404 4791 4866 4997 5190 4608 5183 4849 5174 5022 5251 4784 5088 4906 5004 5014 5180 5060 4973 4848 5184 5061 4721 5107 4954 4969 4807 5113 4628 4992 4783 4727 4665 4433 4705 4852 5082 5114 5012 4867 5354 5039 4884 5400 4434 5165 5160 5138 4925 4842 4487 5142 5236 5245 5069 4992 4728 4931 4911 5242 4645 4964 4841 4916 4764 4977 4601 5410 4782 4883 4812 4902 4724 4912 4674 5010 5109 4661 4961 5108 4851 4207 4690 5057 5154 4744 4856 4696 4732 5020 5278 5162 5075 4809 4588 5323 5069 4962 5210 4643 4698 5160 4775 4630 4865 4598 4716 4802 5213 4775 4538 4520 5246 4651 4444 4969 5075 5081 4845 5301 4811 5186 4921 5107 4911 4742 5173 4729 5008 4606 5132 4851 4827 5176 4712 4961 5212 5456 4878 5187 5380 4930 4773 4865 4938 4818 4944 4624 4776 5268 4709 4782 4790 4797 5156 4846 4839 4717 4900 5199 4758 4765 4883 4807 4608 5102 5123 5201 4397 4759 4670 5129 5055 5092 4560 4571 5177 5037 4740 5022 5133 5414 4673 4772 5028 4928 4833 4840 4644 4968 4871 4611 4582 5152 4630 4626 4809 4949 4868 5333 4535 5385 4573 4880 4987 5030 5134 4507 4928 4389 4994 4744 5132 4661 4923 4694 4805 5035 4926 4855 5005 4979 4840 4942 4166 4963 4848 4720
5344 5240 4560 4943 5107 5271 4638 5180 5313 5724 5259 4993 4854 5358 5028 5445 4620 5245 5238 4727 5064 5011 5003 4869 4632 4939 5186 4980 4658 4799 4722 5300 5356 4984 5229 5258 5054 4926 5072 5203 5208 5057 5178 5120 5373 5384 5296 5040 5196 5215 5084 4799 4783 5130 5026 5095 4741 5097 5068 4903 4786 4825 4908 4838 5210 5209 5271 5092 4885 5229 4947 5258 4424 5070 5045 5315 5099 4915 4768 5502 5267 5053 5065 5129 4899 4945 5077 5128 4725 5471 5058 5256 5147 5028 4518 5375 5069 5265 5092 5081 4785 5165 4934 5284 4844 4730 5214 5321 4975 4470 4822 5133 5193 4841 4937 4928 4811 5214 5396 5387 5075 5057 5056 5150 5243 5158 5034 4793 4870 5157 4997 4749 4719 4570 4805 5306 5097 4981 4894 4912 5258 4999 4669 5185 4936 5153 4982 5435 4882 5052 5226 5101 4802 4947 5279 4747 4958 4743 5429 4691 4940 5302 4732 4947 5361 5447 5060 5324 5546 5231 5167 4855 4575 4906 5389 4967 4904 5363 4895 5014 5006 4878 5478 5191 4873 4926 4889 5172 5223 5017 4838 4789 4976 5255 5039 5103 4725 4760 5317 4792 5365 5217 4914 4888 5238 4952 4707 5201 5062 5670 4841 4867 5146 5044 5266 5009 4869 5066 4998 5037 4544 5228 5121 4969 5025 5168 4909 5234 4774 5287 4791 5170 5294 5356 5317 4725 5095 4982 4879 4964 5050 4713 4797 5033 4973 5310 5195 4727 5019 4930 5118 4691 4568 4970 4903 4615
5904 5328 4957 5214 5497 5572 5009 5451 5484 5758 5366 5479 5333 5638 5562 5340 4833 5580 5712 4735 5330 5022 5467 5047 5248 5117 5589 5476 4823 5325 5123 5353 5676 5078 5554 5525 5805 5451 5863 5291 5338 4848 5450 5334 5422 5331 5611 5217 5476 5549 5372 5259 5200 5465 5545 5684 5034 5419 5161 5376 5124 4812 5289 5379 5643 5490 5485 5104 5731 5541 5396 5319 4795 5438 5627 5532 5419 5278 5028 5678 5316 5641 5489 5424 5115 5518 5605 5934 5194 5654 5308 5524 5107 5418 4957 5945 5344 5563 5493 5562 5406 5291 5342 5492 5312 5049 5517 5698 5363 4818 5052 5459 5616 5102 5428 5182 5204 5656 5677 5586 5559 5215 5312 5568 5610 5580 5414 5203 5528 5308 5396 5233 5152 4768 5246 5639 5365 5423 5111 5577 5616 5116 5109 5371 5325 5260 5348 5656 5299 5351 5414 5435 5245 5356 5485 5303 5273 5228 5455 4958 5208 5685 4857 5582 5560 5640 4993 5614 6005 5484 5373 5299 5375 5154 5468 5202 5544 5680 5373 5395 5299 5084 5419 5425 5541 5348 5026 5668 5426 5254 5357 5165 5248 5714 5788 5514 5020 5101 5041 5129 5585 5700 5158 4953 5359 5474 5185 5374 5405 5598 5177 5053 5499 5573 5572 5302 5075 5500 5207 5120 4836 5413 5161 5445 5250 5415 5251 5506 4655 5518 4956 5636 5515 5525 5840 5001 5465 5045 5262 5321 5507 5142 5332 5067 5109 5653 5588 5385 5262 5396 5155 5198 4921 5354 5560 5134
5800 5494 5201 5163 5553 5655 5152 5397 5550 6308 5635 5480 5329 5519 5459 5943 5036 5489 5819 5075 5599 5082 5596 5399 5142 5266 5528 5510 5159 5602 5359 5581 5774 5230 5726 5753 5805 5297 5825 5572 5647 5194 5432 5250 5872 5699 5596 5584 5957 5445 5250 5394 5567 5606 5625 5794 4860 5522 5742 5278 5263 5213 5505 5378 5677 5512 5698 5453 5786 5553 5500 5603 4989 5438 5651 5818 5414 5433 5415 6050 5439 5849 5492 5796 5551 5503 5771 5965 5237 5752 5565 5704 5240 5659 5164 5777 5358 5534 5458 5590 5109 5610 5177 5641 5514 5036 5671 5838 5449 4920 5273 5469 6019 4999 5541 5076 5431 5584 5760 5826 5839 5524 5469 5448 5428 5612 5318 5503 5424 5761 5452 5242 5267 4954 5032 5474 5355 5290 5241 5138 5814 5352 5239 5687 5580 5387 5415 5954 5461 5386 5429 5569 5302 5339 5665 5500 5378 5243 5457 5452 5297 5785 5134 5518 5402 5882 5311 5826 5971 5276 5366 5315 5170 5410 5333 5435 5614 5864 5212 5408 5554 5212 5726 5193 5533 5457 5162 5770 5399 5514 5601 5182 5518 5717 5642 5683 5030 5491 5300 5314 5551 5887 5192 4932 5772 5566 5235 5360 5525 5763 5104 5493 5432 5565 5742 5372 5056 5804 5588 5278 4872 5367 5343 5380 5330 5386 5479 5863 4846 5663 5117 5581 5628 5697 5983 5196 5616 5211 5342 5614 5353 5218 5114 5577 5276 5725 5466 5470 5733 5438 5241 5140 5206 5485 5285 5213
5861 5540 4988 5168 5601 5466 5014 5664 5553 5819 5741 5362 5384 5364 5519 5579 5130 5875 5659 4981 5300 5320 5402 5287 5161 5329 5441 5157 4965 5468 5242 5832 5786 5299 5523 5404 5804 5562 5725 5312 5659 5031 5385 5661 5538 5277 5559 5373 5806 5577 5257 5369 5273 5447 5369 5569 5241 5293 5118 5428 5151 5326 5200 5370 5689 5413 5430 5324 5588 5628 5702 5728 4867 5404 5409 5679 5289 5287 5312 5610 5595 5706 5544 5534 5228 5413 5455 5695 5357 5460 5223 5624 5252 5602 5202 5857 5376 5529 5432 5261 5186 5337 5284 5383 5156 4955 5400 6003 5592 4902 5227 5482 5685 5191 5349 5194 5214 5571 5653 5677 5770 5197 5396 5573 5761 5610 5445 5186 5205 5527 5362 5324 5177 5116 4997 5610 5382 5379 4926 5155 5860 5286 5033 5370 5397 5398 5135 5905 5364 5612 5286 5260 5037 5220 5679 5610 5726 5115 5468 5080 5011 5705 4797 5531 5687 5562 5493 5777 5912 5669 5184 5369 5078 5093 5535 5250 5425 5717 5482 5226 5266 5165 5601 5332 5480 5256 5193 5646 5407 5356 5357 5232 5370 5484 5827 5544 5193 5481 5450 5140 5624 5835 5160 5265 5454 5359 5027 5190 5550 5925 5212 5136 5569 5577 5569 5279 5148 5507 5383 5021 5198 5497 5364 5239 5343 5413 5440 5725 5238 5463 4838 5473 5404 5606 5803 4931 5565 5128 5272 5278 5380 5149 5288 5450 5206 5626 5443 5328 5418 5499 5303 4988 4847 5457 5397 5104
5884 5355 5270 5140 5676 5376 4795 5266 5240 5665 5415 5312 5522 5432 5405 5628 5032 5609 5482 5137 5326 5388 5348 5316 4988 5030 5326 5194 4904 5269 5051 5519 5566 5086 5898 5663 5632 5327 5810 5335 5167 4997 5252 5394 5551 5421 5334 5690 5655 5430 5072 5331 5091 5611 5605 5429 5070 5076 5138 5046 4948 5087 5197 5359 5400 5690 5480 5350 5386 5497 5569 5648 4765 5647 5397 5542 5619 5222 5223 5737 5438 5580 5568 5282 5433 5336 5656 5754 5228 5497 5272 5424 5291 5425 5110 5456 5412 5437 5289 5466 5288 5528 5183 5517 5255 4945 5716 5548 5179 5016 5328 5455 5884 5261 5391 5151 5250 5554 5582 5461 5591 5462 5370 5521 5482 5405 5321 5227 5282 5535 5273 5108 5318 5026 5023 5446 5323 5297 4752 5181 5793 5011 5060 5618 5159 5478 5148 5572 4975 5256 5189 5328 5210 5340 5484 5201 5298 5143 5335 5224 5090 5531 4996 5171 5589 5632 5441 5446 6127 5113 5680 5371 5120 5272 5433 5018 5144 5548 5307 5443 5279 5245 5666 5299 5628 5115 4966 5396 5354 5026 5401 4966 5273 5521 5737 5685 5015 5388 5279 5243 5442 5860 5192 4954 5613 5336 5130 5510 5556 5659 5118 5231 5584 5428 5662 5236 5278 5750 5317 4916 4962 5300 5256 5291 5228 5463 5400 5787 4828 5424 4921 5320 5504 5392 6032 5006 5471 4859 5258 5035 5343 5180 5132 5482 5099 5484 5363 5205 5588 5362 5016 5362 4919 5487 5423 5180
5579 5577 4742 5349 5757 5375 4965 5527 5449 5939 5341 5289 5382 5376 5509 5647 4587 5715 5666 5086 5154 4936 5605 5362 5241 5279 5701 5204 4866 5218 5268 5572 5366 5114 5571 5341 5680 5308 5864 5428 5430 5155 5446 5365 5496 5515 5469 5242 5665 5521 5349 5289 5068 5186 5205 5539 5054 5470 5295 5350 5186 5060 5263 5478 5626 5296 5537 5448 5626 5785 5314 5899 4742 5677 5377 5956 5360 5199 5261 5718 5588 5746 5493 5549 5284 5428 5616 5865 4939 5725 5248 5732 5462 5583 5043 5691 5481 5433 5571 5524 5163 5247 5265 5531 5448 4972 5571 5897 5258 4823 5118 5526 5666 5331 5494 5346 5369 5560 5707 5858 5498 5134 5248 5603 5652 5470 5336 5273 5405 5434 5249 5365 5487 4953 5331 5648 5501 5480 4973 5079 5903 5029 5024 5366 5641 5127 5277 5688 5101 5471 5451 5370 5311 5192 5629 5059 5209 5023 5627 5108 5099 5810 5163 5122 5496 5812 5313 5572 6037 5263 5360 5327 5324 5363 5275 5013 5011 5689 5125 5501 5029 5289 5646 5285 5335 5380 5255 5661 5530 5314 5433 5320 5329 5816 5920 5470 4998 5169 5196 5072 5772 5488 5082 5225 5599 5271 5016 5334 5342 5768 5254 5145 5526 5334 5321 5230 5098 5260 5482 5120 5004 5409 5395 5348 5445 5520 5173 5709 4735 5501 5073 5272 5743 5477 5670 4760 5588 4866 5463 5274 5572 5366 5154 5339 5102 5544 5560 5491 5316 5361 5275 5392 4894 5409 5406 5106
5634 5224 4719 5020 5135 5202 4653 5080 5019 5745 5475 4766 5093 5121 4932 5451 4692 5318 5368 4879 5189 4806 5287 5147 4815 4784 5067 5126 4668 5052 4967 5069 5223 4763 5153 5316 5342 5065 5551 5181 5354 4785 4951 5045 5232 5203 5364 5026 5294 5153 4873 4877 4910 5250 4926 5401 4761 5000 5026 4970 4832 4894 5090 4998 5580 4956 5164 4974 5420 5164 5073 5474 4759 4957 5152 5211 5214 5093 4948 5202 5278 5020 5230 5160 5075 5163 5261 5389 5005 5402 4953 5078 5146 5219 4671 5541 5019 5091 5120 5104 4806 5332 5029 5142 5204 4464 5303 5271 4888 4660 5107 5293 5504 4863 4900 4823 4696 5109 5567 5421 5005 5085 5028 5375 5148 4907 5082 5079 5179 5451 5048 4836 4953 4827 4620 5271 5106 4996 4535 4903 5469 4895 4933 5113 5086 4988 5220 5563 5125 5189 5153 5273 4763 4896 5441 5131 5086 4795 5172 4872 4784 5378 4566 5392 5146 5427 5040 5352 5554 5308 4971 5008 4893 4937 5234 5130 4877 5371 4779 4946 5014 4869 5117 4915 4978 4879 4624 5529 5102 5159 5099 5187 4825 5171 5183 5273 4702 4846 5106 5071 5426 5198 4944 4795 5230 5020 4827 4997 5036 5184 4864 4957 5022 5215 5237 4956 4826 5375 5057 4901 4741 5073 5238 5106 4973 5169 4844 5195 4833 5098 4810 5270 5209 5167 5669 4923 5247 4816 4987 5013 5155 5115 4987 5063 4786 5238 5006 4871 5310 5095 4900 4670 4745 4952 5088 4819
5171 4895 4405 4699 5159 4911 4941 5153 4949 5363 5020 4893 4806 4981 4975 5224 4277 5159 4839 4499 4910 4773 4682 4973 4724 4794 4932 4920 4973 4800 4755 4889 5122 4693 4908 5060 5180 4789 5410 4985 5023 4623 5131 4993 4948 5310 4875 5126 5218 5026 4490 4832 4816 4956 4967 5036 4533 4781 4732 4477 4690 4722 4607 4947 5073 4939 5247 4718 5187 5001 4909 5185 4582 4864 4894 5182 4788 4871 4706 5186 5079 4885 4938 4897 4920 4739 5077 5243 4788 4977 4979 4893 4719 4795 4357 5343 4888 5024 4728 4947 4763 5264 4865 4629 4775 4381 4892 5451 5083 4175 4867 4873 5105 4721 5000 4400 4904 5200 5392 5316 5363 5058 4864 4953 4985 4987 5021 4928 4862 5061 4775 4826 4613 4557 4632 5084 4801 4848 4498 4672 5109 4491 4563 5040 4846 4787 5020 5187 4923 5161 5116 4767 4681 4959 5048 4786 4707 4561 5189 4708 4787 5255 4589 5048 4741 5021 4704 5168 5324 5020 4941 4286 4551 4567 4936 4990 4656 5332 4821 5063 4533 4653 5358 4842 4996 4406 4855 5433 5017 4761 5019 4457 4538 5175 5218 4917 4560 4539 4798 4804 5156 5037 4285 4500 5191 4626 4807 5045 4924 5181 4819 4700 4836 5032 5043 4774 4638 5049 4923 4812 4442 5055 4867 4882 4782 4965 4689 5129 4756 4948 4465 4991 4954 5113 5375 4743 5068 4509 4956 4733 4853 4734 4621 4613 4895 5147 5095 4927 4856 4703 4663 4811 4481 5024 4775 4559
5643 5127 4776 5065 5521 5239 4752 5282 5263 5590 5474 5157 5305 5318 5210 5392 4822 5310 5351 4965 4745 5275 5254 5093 4850 4964 5410 5496 4655 5135 4788 5196 5669 5160 5589 5592 5614 5281 5494 5392 5486 5048 5340 5429 5189 5181 5492 5186 5197 5301 4799 5306 5092 5196 5329 5168 4912 5286 5053 5037 4703 4827 5194 5298 5388 5312 5190 4965 5574 5621 5249 5554 4750 5120 5266 5513 5199 5284 4883 5715 5431 5149 5252 4996 5121 5302 5223 5393 5042 5469 5379 5136 4927 5291 4950 5542 5217 5244 5199 5655 5095 5316 4919 5240 5160 4806 5003 5636 5336 4752 4928 5043 5635 5017 5050 4652 4967 5304 5542 5664 5612 5018 5271 5498 5350 5209 5217 5217 5294 5497 5035 5045 4905 4767 4572 5553 5300 5257 4824 5204 5476 5071 4921 5357 5145 5318 5267 5638 5075 5394 5074 5304 5133 5322 5540 5159 5012 5083 5636 4990 5232 5702 5117 5367 5275 5527 5168 5579 5747 5227 5246 5217 4906 4854 5148 4952 5193 5519 5140 5289 5013 4867 5233 5228 5359 5203 4846 5473 5248 4985 5188 4786 5009 5392 5610 5296 4817 5088 5207 5012 5557 5662 5122 4918 5633 5185 4810 5125 5347 5502 4935 5003 5206 5312 5338 5221 5038 5292 5247 4988 4732 5192 5227 5000 5090 5290 5186 5436 4868 5457 5118 5193 5251 5282 5474 4923 5396 5054 5057 5190 5342 4872 4891 4828 5057 5543 5425 4907 5436 5123 5027 4708 4604 5169 5002 4909
5789 5403 4758 5102 5655 5362 5287 5378 5292 6002 5376 5276 5559 5381 5588 5803 4891 5645 5687 4974 5176 4871 5334 5322 5361 4914 5514 5252 5030 5242 5265 5337 5743 5010 5833 5247 5548 5552 5754 5415 5613 5082 5536 5404 5109 5365 5646 5322 5670 5575 4968 5401 5251 5454 5264 5668 4849 5399 5204 5234 4969 5238 5110 5582 5424 5312 5236 5416 5727 5497 5605 5525 4882 5466 5414 5578 5319 5342 4977 5822 5219 5577 5512 5462 5503 5481 5523 5799 5108 5513 5298 5631 5067 5474 4812 5849 5220 5559 5052 5316 5023 5403 5281 5333 5378 4706 5470 5728 5307 4816 5010 5433 5567 4739 5442 5073 5171 5466 5629 5795 5724 5278 5286 5708 5416 5446 5447 5432 5423 5582 5428 5071 5185 4902 5104 5589 5297 5165 4800 5220 5472 4919 4886 5179 5230 5463 5285 5656 5067 5350 5230 5312 5274 5234 5818 5462 5274 4825 5343 5437 5116 5835 5137 5510 5415 5432 5161 5542 5991 5640 5271 5120 5109 5126 5225 5038 5199 5756 5410 5260 5313 5165 5818 5131 5411 4873 5086 5301 5520 5116 5439 5344 5017 5569 5616 5439 5055 5316 5155 5215 5552 5952 4980 5096 5689 5385 5078 5248 5299 5695 5169 5066 5327 5502 5541 4972 5298 5622 5261 5227 5013 5369 5028 5244 5073 5252 5200 5940 5032 5176 5036 5274 5705 5823 5842 4934 5462 5108 5165 5169 5452 5225 5227 5316 4994 5669 5066 5404 5213 5332 5143 4969 4741 5351 5387 5161
5630 5174 4775 5087 5564 5372 4933 5419 5313 6056 5196 5065 5288 5446 5018 5412 4720 5247 5518 4896 5095 4955 5299 5078 4850 4839 5592 5134 4899 5113 4912 5016 5569 5072 5530 5493 5562 5044 5445 5412 5524 5052 5275 5414 5318 5404 5464 4931 5468 5361 5170 5355 5166 5021 5399 5373 4854 5237 5060 5125 5138 4908 5141 5261 5573 5414 5413 5418 5565 5565 5263 5532 4756 5132 5320 5578 5215 5176 4966 5604 5319 5146 5713 5403 5015 5059 5333 5554 5143 5336 5342 5529 5181 5277 4902 5562 5401 5189 5099 5464 5314 5195 5057 5241 5171 4951 5510 5370 5109 4869 4984 5341 5341 5107 5399 5044 5182 5350 5857 5427 5453 5214 5238 5379 5518 5254 5336 4935 5062 5305 5305 5011 5281 4736 4951 5493 5317 5034 5117 5008 5638 5123 4877 5262 5423 4954 5531 5629 4952 5429 5490 5314 5216 5126 5299 5035 5129 5026 5576 5037 5160 5407 4803 5234 5403 5662 5362 5462 5835 5195 5076 5262 5037 5293 5225 5123 5140 5739 4961 5394 5004 5054 5604 5679 5321 5006 5032 5410 5175 5070 5153 5148 5193 5341 5426 5439 4984 4965 5222 4996 5484 5715 5097 5051 5469 5070 4738 5256 5519 5688 4982 4897 5301 5096 5478 5332 4807 5426 5280 5077 4971 5304 5091 5416 5140 5135 5230 5519 4837 5438 5156 5384 5536 5312 5536 4862 5339 5082 5095 4873 5433 5139 5172 4789 5196 5590 5221 5173 5453 5265 5005 5021 4647 5391 5407 5010
5625 5142 4787 5151 5323 5288 4750 5437 5135 5473 5385 4760 5421 5278 5237 5583 4753 5326 5479 4898 4876 5096 5146 5122 5006 4764 5309 4995 5002 5243 5017 5240 5417 5128 5257 5342 5468 5301 5408 5230 5376 4746 5359 5248 5226 5430 5429 5166 5381 5329 5099 5025 4928 5329 5039 5293 4837 5215 5371 5097 4838 5006 4821 5030 5343 5156 5094 5275 5119 4977 5151 5458 4623 5310 5392 5572 5076 5228 4881 5279 5250 5129 5150 5269 5157 4974 4972 5589 5029 5432 5016 5385 4958 4879 4878 5620 5437 5187 5124 5270 5061 5366 5222 5213 4958 4568 5081 5381 5162 4709 5160 5316 5301 4917 5350 4921 4857 5317 5218 5384 5463 5175 5139 5296 5386 5306 5062 5059 4879 5227 5296 4984 5066 4698 4990 5345 5175 5123 4563 5202 5541 4698 4903 5237 5028 5279 5131 5651 4810 4969 4993 5154 4998 4859 5315 5333 5403 4813 4979 4944 4841 5427 4587 4945 5333 5229 5005 5377 5638 5284 5161 5227 4593 4965 5179 5004 5112 5500 4983 5217 5233 4982 5408 5249 4961 5056 4840 5283 5026 5220 5045 4694 5208 5227 5442 5073 5134 4852 5090 4937 5410 5528 5019 4699 5202 5022 4827 5191 5199 5587 5006 4954 5170 5231 5209 5269 4970 5557 4861 4933 4578 5408 5028 5152 4907 5090 5199 5383 4858 5309 4690 5080 5372 5360 5427 4721 5125 4928 5084 4957 5280 5024 4950 5063 4979 5293 5086 5053 4911 5090 4955 4872 4470 4924 5325 4839
