48 26 44 38 128 25 176 13 150 164 183 91 116 186 118 166 60 14 132 84 195 21 30 236 121 40 80 121 23 75 66 82 101 84 34 62 43 37 12 133 0 71 3 99 88 117 122 141 60 103 183 90 6 109 158 193 59 64 135 30 127 12 73 145 63 104 24 172 102 104 189 81 49 61 34 20 69 38 75 85 108 96 0 11 102 66 72 109 52 104 84 45 42 134 73 60 21 8 129 97 110 187 129 131 40 118 70 147 146 121 137 72 63 64 139 155 99 46 14 34 86 63 36 103 45 40 43 170 8 76 33 87 45 114 138 214 0 110 70 36 104 104 38 10 8 89 0 109 140 71 37 36 50 82 126 66 77 63 117 114 85 147 299 32 66 137 75 158 105 95 74 110 100 152 204 51 140 4 54 81 50 157 177 0 58 61 297 26 60 69 86 51 36 136 101 155 96 16 34 175 51 76 69 111 0 110 54 66 10 35 116 82 103 96 104 91 62 23 129 164 52 70 43 49 128 155 111 116 4 17 69 0 18 12 90 93 88 115 36 148 36 44 43 36 125 75 130 169 102 8 52 52 63 56 129 127
26 49 18 80 74 98 87 62 38 124 145 29 42 52 88 45 21 77 34 76 58 96 109 122 179 20 77 15 0 61 37 142 24 21 119 97 15 96 0 57 72 42 78 63 86 59 144 62 29 165 62 87 22 42 12 68 112 82 114 6 2 24 10 106 110 139 0 9 24 24 84 121 140 60 70 11 108 24 7 134 64 0 39 41 121 77 98 36 62 73 88 84 14 80 48 0 31 174 77 70 67 101 114 87 0 30 27 135 101 0 116 43 63 81 18 63 129 15 57 124 69 125 98 21 18 68 29 2 36 106 27 95 56 10 39 84 76 117 92 15 93 18 94 36 60 48 41 71 10 126 88 34 80 42 98 99 9 86 114 154 49 54 75 25 62 28 36 157 115 122 103 126 22 15 146 27 158 29 57 44 28 76 16 17 32 6 24 89 5 42 99 41 157 115 24 12 19 4 30 68 52 130 64 127 12 149 28 34 47 26 87 28 81 55 103 127 81 37 36 84 17 20 15 20 147 67 65 23 131 99 53 134 0 54 85 62 123 26 76 21 40 75 110 144 44 62 75 83 95 25 91 20 77 21 15 25
64 120 33 37 48 58 23 83 38 37 7 128 14 0 95 30 4 3 103 158 130 60 107 56 0 72 63 0 14 21 24 104 24 84 51 6 45 29 18 113 106 58 30 22 46 49 112 113 6 87 14 20 74 107 127 129 55 39 111 44 60 89 117 102 44 89 78 24 45 32 6 8 38 68 64 88 33 8 114 56 16 21 33 12 18 22 105 103 125 35 57 0 66 62 24 69 28 10 19 0 97 28 0 93 43 81 30 0 18 54 8 45 32 148 63 197 21 12 16 56 29 0 65 43 40 3 145 97 32 64 36 53 51 64 74 140 40 30 0 43 68 95 0 34 42 18 76 126 47 50 39 35 0 37 59 77 41 59 27 117 22 140 73 93 75 78 74 31 15 7 6 22 47 39 111 26 18 74 58 0 74 90 56 74 56 49 105 0 120 110 2 105 24 44 72 139 69 47 4 2 0 9 64 62 32 85 7 0 72 27 0 112 20 2 92 56 30 16 88 61 16 64 90 0 99 36 73 49 6 35 40 35 66 45 84 21 112 56 10 114 44 102 60 6 35 17 56 121 18 69 18 18 113 115 72 39
31 56 72 0 0 110 16 117 61 94 85 91 102 49 47 2 28 12 5 20 45 24 170 74 28 84 72 0 127 9 0 102 26 56 54 60 30 83 26 48 97 57 8 59 0 16 10 29 105 35 64 19 0 69 65 177 20 56 8 10 51 43 36 0 9 6 15 88 122 105 35 114 36 64 28 0 10 10 20 84 9 56 0 36 14 105 76 45 69 92 4 28 4 45 117 57 20 13 26 6 0 84 80 57 24 24 51 24 63 24 63 37 10 171 33 42 42 24 90 32 14 48 65 16 15 30 95 20 37 30 0 44 50 20 8 58 81 105 20 30 104 104 13 134 55 56 24 0 8 62 28 124 23 22 0 64 14 55 1 80 89 36 16 45 107 40 13 68 20 45 43 229 13 64 54 176 84 30 0 96 87 99 48 63 34 51 96 41 78 5 41 50 79 16 0 42 64 92 0 61 18 36 90 24 20 67 56 0 28 8 45 72 176 35 32 46 123 65 33 20 28 43 56 3 0 21 19 66 158 0 76 28 32 0 104 39 47 120 49 65 134 102 32 80 120 74 24 66 0 32 18 56 8 14 16 30
24 32 0 7 46 36 89 6 42 50 4 60 21 0 5 45 54 0 6 24 15 69 20 142 58 34 52 41 0 60 10 0 16 26 126 52 90 85 69 24 10 0 48 42 12 40 18 94 0 24 18 7 0 64 24 53 48 42 48 48 56 127 72 199 59 49 8 35 49 63 0 20 0 85 0 10 0 15 0 37 10 4 0 0 0 37 0 38 21 57 0 59 32 154 9 48 63 0 0 4 36 7 0 0 5 4 10 70 42 104 121 54 94 119 41 25 45 36 0 7 32 117 16 0 70 37 21 48 68 42 22 15 5 102 54 27 30 53 14 91 123 151 103 0 0 0 34 9 82 54 12 0 44 20 28 30 10 60 74 12 0 0 8 107 96 0 27 81 32 87 75 0 170 18 0 109 164 30 7 23 75 70 5 49 89 36 36 16 5 0 10 44 27 88 73 0 12 0 68 103 0 25 54 5 13 36 40 8 0 0 57 60 0 43 0 21 99 19 0 6 0 28 12 31 3 0 0 64 36 0 67 86 173 15 86 37 56 47 80 0 52 59 28 83 18 21 51 78 26 5 20 54 70 0 15 12
40 92 97 0 49 35 1 79 130 215 51 57 0 0 0 20 52 69 18 40 8 15 61 0 85 48 34 26 49 23 0 10 97 42 86 56 133 126 20 170 31 33 53 40 16 0 103 0 31 35 60 111 24 152 54 186 3 28 31 0 20 51 112 131 72 39 80 179 14 35 121 12 92 7 35 101 0 42 47 147 27 0 0 40 58 63 39 22 28 113 28 70 50 12 15 30 49 21 44 32 0 0 49 65 0 104 19 59 194 0 0 0 83 78 104 129 12 0 65 0 28 50 0 24 24 16 58 56 43 63 14 76 60 80 35 24 0 198 15 44 184 106 56 4 8 62 40 0 42 0 43 42 2 157 143 71 0 6 32 4 20 0 74 16 4 25 63 56 6 105 41 76 104 82 40 68 68 62 49 15 84 4 104 49 0 0 12 58 20 0 72 20 48 0 0 56 32 152 0 0 12 51 5 62 60 0 52 48 40 36 26 50 76 14 56 130 10 50 35 0 0 24 30 36 135 71 32 185 60 23 70 80 2 0 82 60 109 61 52 77 57 102 136 35 138 6 42 123 64 40 32 63 0 99 98 4
39 69 21 101 0 68 82 68 21 56 0 56 72 0 56 63 7 0 3 147 40 42 112 35 95 137 177 0 33 133 24 36 134 63 127 75 0 12 55 42 64 0 21 28 157 75 44 21 24 35 91 163 56 66 202 58 18 39 0 139 0 42 60 91 0 76 115 52 117 68 0 98 0 48 137 40 0 14 72 4 0 0 0 0 103 4 0 56 66 63 0 24 28 0 80 36 0 6 80 12 113 66 4 0 49 61 47 8 35 0 41 42 32 47 57 56 44 94 16 28 8 0 50 47 7 53 0 10 60 23 0 48 40 10 79 107 63 65 30 42 60 36 8 14 0 0 98 93 130 0 35 0 50 66 0 8 0 125 0 63 0 72 73 63 0 35 48 16 18 78 0 55 24 20 14 36 123 107 98 0 94 76 64 38 72 12 22 72 46 0 51 31 72 7 48 105 108 0 70 24 83 9 108 61 8 96 24 20 18 58 45 48 36 75 0 24 9 30 45 60 0 118 99 29 69 71 94 73 0 30 87 80 52 69 62 56 83 89 24 115 62 10 80 38 8 145 0 120 52 0 9 24 169 104 0 61
17 146 65 104 0 96 31 186 224 58 0 83 35 68 30 76 10 96 37 131 53 102 0 10 84 62 42 127 79 0 28 63 40 63 27 40 34 100 90 71 99 148 48 17 145 163 97 45 42 98 94 218 56 132 64 140 108 0 20 35 34 45 94 103 55 64 109 159 219 46 39 157 24 190 26 108 72 0 51 0 104 102 111 70 39 44 18 141 28 56 90 4 46 70 13 73 71 85 98 53 125 38 12 131 29 41 149 70 30 131 134 167 16 38 25 32 60 56 50 16 21 83 12 92 82 181 92 81 3 131 32 65 100 64 90 0 0 20 179 82 160 63 63 57 25 87 0 174 143 49 133 269 63 2 72 52 65 14 15 63 0 92 144 131 18 128 67 48 37 135 154 50 15 16 45 126 125 127 123 21 116 145 18 152 8 109 60 3 47 36 94 60 0 120 133 64 98 8 75 114 113 54 110 1 45 135 16 30 81 21 45 138 18 93 46 52 110 82 59 50 48 18 85 24 48 80 21 96 44 39 147 50 108 60 210 146 131 64 121 150 10 122 0 137 81 76 0 112 52 18 145 47 24 110 35 160
28 114 50 0 16 68 15 3 109 77 31 188 21 0 98 29 16 33 83 57 145 0 84 61 80 6 24 8 51 57 2 159 77 32 3 90 45 41 20 97 113 54 22 14 23 18 45 54 61 120 9 43 24 65 31 171 11 87 26 58 49 14 62 62 18 54 75 16 42 49 37 62 42 8 27 64 54 73 55 11 52 18 21 51 10 10 94 52 78 36 15 103 39 92 68 156 71 81 40 12 79 11 0 189 25 117 100 14 39 85 71 128 79 120 12 68 57 22 43 13 13 16 160 26 16 56 78 25 16 74 12 59 42 95 111 125 42 55 0 172 98 17 89 64 0 71 39 39 71 44 54 138 83 106 45 78 90 22 9 28 36 84 91 12 122 121 105 48 28 165 20 62 23 2 81 64 59 93 62 112 64 97 30 32 79 121 99 33 55 5 48 68 95 65 95 123 138 14 12 24 85 179 68 45 43 92 94 43 54 35 44 77 185 31 90 42 3 119 33 31 33 39 109 20 88 21 34 132 69 0 131 192 105 0 192 23 56 64 133 47 80 83 28 104 55 54 123 108 31 44 2 77 63 156 77 104
0 179 72 36 0 45 170 31 15 0 129 43 41 18 91 11 42 9 21 0 36 4 27 29 36 54 0 20 21 54 65 135 121 0 18 24 3 135 25 0 21 27 32 36 0 24 47 14 31 113 17 35 44 28 26 0 6 16 75 18 40 54 30 55 8 0 0 0 70 0 43 30 0 28 93 100 11 91 10 47 19 90 27 0 39 75 112 104 27 8 80 47 64 35 6 45 0 0 136 79 40 4 30 41 60 16 17 12 63 18 96 36 14 17 1 0 30 75 0 20 48 0 25 37 31 30 10 53 27 128 17 51 8 73 40 28 58 48 99 28 66 51 6 152 14 63 119 50 17 22 78 49 0 21 71 77 35 9 72 4 36 49 64 0 21 63 71 86 79 0 0 24 6 0 76 0 95 0 3 4 58 89 120 59 36 8 53 45 109 0 59 12 30 45 14 0 33 52 71 24 8 81 20 88 0 68 4 57 60 0 65 8 30 70 0 23 81 2 0 42 100 80 37 0 32 65 35 18 12 68 83 54 16 88 26 98 36 0 150 101 47 51 86 11 20 0 24 60 0 66 58 112 16 5 6 0
113 51 24 88 38 8 49 37 100 104 28 18 156 40 84 40 36 78 62 69 91 52 32 65 27 52 91 84 76 119 81 88 91 78 229 140 43 116 37 92 61 55 74 35 195 144 32 30 42 73 0 15 48 0 145 39 165 126 21 85 68 61 62 82 77 90 58 126 0 74 0 143 0 150 172 18 30 190 16 32 69 112 41 97 12 83 83 61 40 116 59 59 69 58 63 76 41 117 77 44 143 127 24 29 101 123 32 58 28 0 165 14 77 175 75 79 90 68 20 2 0 20 17 0 33 63 26 56 34 151 9 36 18 27 96 12 54 15 166 79 0 68 71 98 27 119 177 54 160 70 19 74 137 27 25 14 60 208 64 64 246 0 85 12 10 75 15 0 107 37 74 78 10 32 18 98 55 90 64 27 29 36 32 63 160 12 63 2 136 116 16 36 0 61 196 40 148 48 162 118 99 34 62 76 26 30 135 45 149 105 66 28 128 7 3 91 115 2 36 91 0 21 0 30 49 94 146 0 16 30 83 71 118 48 78 56 108 93 61 43 141 212 109 70 50 64 81 56 109 51 32 35 133 36 51 40
26 112 59 16 16 50 160 92 166 10 70 0 28 137 72 12 38 8 51 185 1 49 0 4 123 39 67 36 48 151 20 11 89 58 68 74 0 55 0 119 74 149 8 35 116 139 68 0 38 0 72 14 99 24 45 90 78 46 90 0 45 24 8 37 29 199 18 49 0 94 6 101 71 25 63 72 64 18 18 42 0 108 0 27 40 0 61 113 111 130 81 125 24 0 12 66 35 90 90 119 59 18 27 0 118 169 10 30 100 85 24 28 0 85 54 38 21 68 30 68 21 0 14 66 24 70 84 93 116 48 85 36 51 66 129 32 0 67 56 24 0 30 42 12 42 39 120 34 84 35 171 51 0 59 71 8 15 181 65 62 73 57 122 1 64 96 6 34 38 36 85 99 3 34 63 18 113 5 18 54 75 38 61 2 138 29 0 28 54 8 40 116 63 69 168 54 8 0 74 106 21 0 173 155 8 55 0 8 12 32 42 116 85 6 42 42 0 40 78 45 18 8 134 0 0 87 153 0 28 36 32 35 77 54 86 4 150 50 16 16 83 48 58 26 0 134 54 127 34 34 16 54 45 32 0 61
48 58 68 72 6 28 42 25 143 87 12 4 36 1 96 28 30 4 66 16 26 0 70 60 0 0 0 76 151 4 72 54 76 21 73 18 22 5 36 0 36 19 43 6 8 33 0 83 37 73 14 42 46 15 0 21 108 0 20 2 92 69 117 18 16 0 75 57 36 0 28 40 5 20 35 90 18 25 15 108 66 0 49 32 81 25 63 4 63 7 51 54 77 108 64 0 28 15 54 7 36 260 35 93 0 72 42 54 36 27 56 45 44 40 33 0 49 36 90 65 198 42 68 49 0 25 12 87 72 14 0 8 59 4 115 49 72 20 52 28 18 14 70 8 55 56 106 22 0 42 10 12 10 37 27 16 0 2 0 0 53 4 0 38 68 25 0 60 7 113 89 0 45 39 73 0 91 14 0 64 8 59 0 49 3 0 0 0 4 54 103 40 46 0 57 58 120 116 24 0 38 38 84 106 36 70 13 20 31 43 8 22 64 0 28 48 47 0 47 66 0 0 86 86 188 176 7 106 110 36 2 15 4 34 108 12 54 0 48 0 0 105 48 0 71 4 63 0 8 114 80 32 74 0 28 0
83 45 3 209 95 8 15 53 0 27 45 1 60 77 46 173 56 0 45 143 115 8 0 39 37 123 33 35 40 8 0 124 72 7 0 72 40 18 25 164 78 116 4 2 99 63 80 80 0 35 129 9 0 48 21 5 66 20 48 48 36 53 69 24 147 141 98 67 83 0 79 87 88 144 54 30 5 36 40 39 24 56 37 71 0 0 50 120 0 87 47 136 85 65 71 92 0 0 82 36 157 110 9 60 99 38 40 114 56 40 143 138 0 47 9 86 28 58 30 42 105 86 32 117 80 177 34 81 16 114 48 84 0 24 58 121 54 74 28 123 111 9 54 0 4 82 9 18 0 42 24 88 37 50 107 7 0 6 12 72 12 0 251 83 49 172 44 135 44 18 30 0 9 50 92 43 16 107 0 12 42 19 97 54 1 141 64 64 120 82 7 130 117 119 52 36 146 4 80 98 0 15 2 0 18 92 59 18 109 36 54 51 0 34 0 32 77 146 69 21 16 16 92 0 0 90 29 24 25 18 88 114 0 94 94 0 76 40 91 62 70 54 179 81 70 60 102 108 40 141 27 0 80 115 24 27
70 109 49 64 52 63 26 104 0 102 67 63 0 0 111 53 70 0 114 65 41 0 25 100 63 0 29 91 24 44 57 78 0 0 133 0 40 35 51 7 86 141 40 63 27 5 68 63 86 16 58 58 0 16 12 76 174 21 85 41 86 39 52 172 112 88 183 35 21 12 112 12 21 171 63 0 58 116 141 49 7 0 0 54 53 51 42 5 56 11 96 10 2 113 55 4 103 31 84 42 54 174 0 12 0 66 70 1 0 5 208 55 72 15 0 35 0 30 18 66 42 102 49 107 69 51 65 14 42 30 128 26 105 0 27 0 82 0 21 20 0 9 20 0 121 0 22 157 11 20 68 36 151 110 68 0 0 50 0 28 82 0 54 28 0 12 108 70 76 48 139 0 11 14 28 104 73 127 93 0 79 49 32 88 14 117 12 20 83 36 0 7 33 17 198 62 149 40 53 130 0 8 69 65 57 4 9 32 56 48 24 40 21 37 89 36 0 0 49 52 14 136 63 16 119 0 0 36 6 21 22 96 109 72 49 34 39 0 3 0 56 50 5 67 36 38 0 13 37 36 12 21 48 153 2 48
0 78 25 54 6 2 10 25 32 58 130 122 5 0 9 5 14 77 156 79 53 55 76 63 132 103 0 52 92 30 6 12 3 48 109 42 178 99 30 119 88 54 46 31 21 65 165 0 24 30 50 118 14 45 104 105 101 44 63 0 66 131 68 20 93 62 42 6 28 100 84 122 98 54 76 100 63 36 24 129 57 58 39 60 21 73 78 63 92 144 48 0 63 36 142 33 74 60 74 15 77 30 91 153 5 11 64 35 21 4 42 79 145 98 47 12 98 0 69 39 35 141 57 22 0 72 12 42 33 29 56 59 36 108 0 35 30 113 4 76 183 108 69 103 73 18 80 50 87 28 9 60 12 78 34 46 130 46 16 78 103 76 23 48 77 22 95 124 68 27 8 57 52 99 84 107 100 31 69 3 62 64 26 35 86 70 4 121 92 53 128 58 102 192 85 0 119 133 26 17 0 48 24 113 26 52 12 4 0 13 18 6 99 43 96 133 0 54 0 20 66 173 0 2 128 30 8 54 112 0 56 54 151 102 117 42 24 20 126 138 125 137 21 93 19 19 32 81 0 16 24 125 56 17 99 62
0 86 86 7 52 76 113 19 134 146 4 157 100 87 2 9 57 73 203 21 27 89 70 200 35 72 37 90 79 28 58 18 54 27 28 71 25 71 26 48 0 33 32 23 54 0 75 85 84 38 87 19 30 86 124 47 61 3 74 5 40 111 9 213 95 42 128 5 56 88 59 72 11 62 72 96 72 81 16 208 129 18 17 59 18 12 16 97 56 91 76 81 136 78 16 45 101 8 93 50 94 48 0 42 0 20 18 5 38 59 41 75 12 64 2 145 5 36 129 6 38 78 63 86 24 44 58 106 104 9 27 92 29 53 110 55 116 20 24 69 154 202 166 25 10 36 32 5 167 20 0 62 5 90 139 100 22 25 86 92 7 63 60 136 175 30 245 63 103 238 161 71 98 109 70 63 20 51 45 9 40 8 60 0 103 93 68 22 77 15 0 156 36 32 9 111 126 120 117 47 88 159 39 76 20 19 112 28 56 30 81 71 48 162 37 107 126 81 94 5 8 57 122 111 97 153 45 103 0 61 128 45 109 131 91 72 123 70 56 0 16 51 155 45 88 149 135 81 51 31 21 64 32 3 60 131
10 74 51 8 40 14 46 83 65 30 69 4 7 3 0 49 67 2 6 4 7 104 5 46 45 120 15 72 6 102 0 25 24 3 11 7 0 7 0 122 14 0 21 6 27 0 4 14 15 63 25 7 0 117 63 49 0 12 38 10 70 14 63 135 135 68 16 64 0 30 40 27 59 59 60 3 32 15 7 0 2 0 1 81 56 72 21 53 50 2 65 91 3 48 0 0 0 10 24 28 5 24 8 13 15 0 49 0 121 53 5 0 0 52 0 13 14 8 5 44 0 75 6 36 0 67 52 71 1 0 46 112 158 91 45 11 12 71 8 71 47 76 3 12 92 91 27 0 0 59 42 18 42 70 0 15 6 36 83 0 35 0 0 7 30 45 7 37 67 33 19 23 61 74 27 27 5 70 0 5 21 63 69 6 10 45 61 35 94 0 8 70 39 61 49 56 25 0 59 40 0 76 14 86 0 2 14 14 0 115 0 16 25 43 50 49 27 7 10 41 15 0 76 7 18 103 92 0 0 0 11 56 80 41 41 52 37 0 0 5 17 0 28 22 0 0 62 49 0 0 17 20 7 7 6 10
41 15 4 37 6 99 90 85 28 56 47 50 91 69 9 70 45 24 76 142 16 60 35 9 129 85 45 56 16 81 39 27 107 92 87 45 33 49 0 126 40 30 0 88 221 171 60 6 78 78 49 127 0 36 126 38 35 46 83 77 26 6 42 83 9 52 21 102 0 148 0 44 15 74 42 0 129 139 54 0 35 12 39 106 71 60 51 9 67 40 56 75 7 0 0 0 41 27 50 36 78 60 18 40 0 59 14 4 63 67 0 0 8 30 67 33 55 83 0 0 28 48 18 68 30 43 20 91 6 48 45 42 24 36 63 122 0 32 70 2 27 73 9 144 21 33 147 28 133 35 68 150 21 16 16 50 6 78 66 32 90 0 146 83 0 38 59 64 95 69 69 48 39 102 27 27 73 0 13 33 30 69 3 12 74 79 72 132 6 102 36 9 0 45 44 21 55 3 30 42 43 27 72 25 20 0 24 0 3 37 26 87 95 24 0 0 0 18 100 75 72 53 88 53 66 54 182 30 55 27 72 57 40 42 36 12 76 0 8 44 24 42 41 111 15 68 63 3 48 12 0 48 42 20 30 16
36 181 100 78 115 112 126 68 50 56 24 60 36 64 157 48 126 103 48 108 120 80 26 62 155 77 109 32 69 60 72 3 36 12 21 110 67 40 3 0 63 138 154 18 60 32 198 68 84 68 49 57 156 78 134 0 131 0 109 49 65 140 43 148 91 35 78 183 82 44 107 70 102 72 122 122 90 139 8 60 110 54 0 59 72 15 102 36 28 96 151 50 122 82 151 98 29 50 142 62 70 188 45 74 42 18 30 45 19 12 144 108 6 72 48 25 7 90 112 36 122 78 16 28 95 137 55 27 193 104 96 65 168 73 0 109 102 36 90 123 50 223 65 143 136 155 43 92 133 0 90 60 213 158 111 38 16 111 72 91 229 0 23 25 32 41 101 92 93 42 205 28 26 65 175 116 210 131 27 3 175 67 4 64 206 104 100 54 69 21 75 44 27 4 119 84 67 33 24 83 98 99 154 69 0 112 124 63 108 78 35 117 56 28 15 0 110 13 159 0 82 81 146 68 83 201 12 39 12 0 166 5 75 129 56 9 162 0 49 4 64 35 89 65 98 258 106 66 12 89 24 2 198 81 3 116
1 0 48 0 0 0 105 0 0 0 54 60 35 69 18 12 0 11 30 0 30 7 6 2 9 0 14 43 113 0 18 7 15 0 0 22 0 6 0 15 20 92 9 25 41 63 0 45 76 11 0 19 54 85 25 12 47 32 54 3 0 15 27 0 0 72 16 40 0 48 0 42 35 26 0 6 20 21 5 41 21 36 5 4 9 6 0 103 56 35 60 0 60 20 0 44 0 34 45 0 25 29 4 9 129 0 0 5 0 20 0 63 8 0 0 34 12 0 80 32 42 10 9 15 0 2 0 48 106 40 0 23 40 27 114 32 8 16 6 42 25 0 45 15 0 0 0 15 0 50 48 18 15 0 18 20 25 8 0 5 63 9 17 0 48 43 45 58 85 26 140 0 0 0 5 39 0 21 10 27 42 0 32 29 35 0 0 0 91 3 2 35 18 155 72 30 26 60 45 3 0 45 42 120 26 0 3 15 103 33 42 0 0 103 8 0 0 35 58 52 10 0 0 2 0 36 40 48 6 78 18 12 30 58 24 0 21 37 0 20 20 33 25 10 0 51 36 114 0 6 0 25 38 0 49 5
74 65 36 81 93 123 210 20 41 66 11 113 134 29 162 0 69 63 80 138 128 0 120 74 99 57 144 0 9 36 32 74 101 95 88 18 42 59 66 72 23 58 46 42 53 56 126 0 7 107 29 27 89 99 93 128 56 99 90 54 63 100 84 122 23 54 81 135 6 237 151 27 24 0 45 108 75 22 21 114 91 55 13 2 59 22 159 166 54 186 24 78 63 44 27 6 36 69 118 2 192 117 85 0 72 72 20 31 77 81 0 18 67 176 72 40 139 44 27 99 103 40 3 31 12 153 35 174 108 60 51 91 3 0 84 192 18 93 93 192 24 96 37 0 47 43 165 31 190 104 46 49 79 40 113 24 0 0 63 43 20 36 52 130 114 57 89 44 23 162 122 27 129 12 25 164 77 52 0 12 136 7 160 0 202 38 90 94 78 20 63 96 99 54 42 66 47 55 92 0 18 6 120 132 69 258 29 0 37 9 0 24 72 81 63 69 45 6 67 57 54 99 18 20 15 0 190 48 17 20 116 61 142 87 32 0 20 54 102 33 17 179 56 35 6 181 117 68 87 20 8 84 145 0 15 180
35 27 109 30 39 63 81 23 25 37 42 43 0 130 190 44 93 145 85 41 17 8 36 231 81 45 0 16 14 36 1 42 120 39 167 56 32 58 4 4 45 64 18 0 6 51 102 15 88 0 0 105 68 112 15 8 12 97 12 0 47 92 5 174 25 113 16 63 61 10 50 57 58 46 46 75 0 70 20 92 72 26 37 8 64 59 21 18 24 114 46 78 69 192 74 0 17 54 5 46 45 142 58 156 14 0 72 55 133 114 0 67 44 109 100 76 44 71 89 84 133 136 18 9 12 130 33 119 0 188 21 80 72 0 4 49 8 35 59 127 123 226 121 87 43 16 8 93 56 159 51 121 152 25 20 6 55 20 120 27 16 52 23 24 108 61 12 1 18 2 20 45 75 122 55 76 35 40 85 36 94 169 26 8 157 44 53 0 25 12 143 26 139 20 41 0 72 20 8 64 153 54 101 76 9 146 8 72 56 7 95 88 94 44 0 105 72 9 109 48 103 45 7 53 60 94 72 33 93 61 58 5 217 126 69 85 28 135 68 132 60 77 148 137 45 145 48 0 28 0 98 27 58 74 33 107
0 9 72 0 64 66 105 142 12 114 78 25 72 142 83 82 0 64 81 48 34 84 36 79 54 116 63 45 32 0 0 7 12 72 42 19 15 23 75 0 91 87 12 121 96 141 41 163 6 134 83 117 0 86 45 8 9 0 91 36 51 61 63 115 81 48 126 0 22 63 96 108 0 71 6 30 28 33 30 104 50 8 24 69 101 57 0 21 0 108 62 143 78 75 10 74 25 39 61 85 90 0 56 121 63 48 0 94 49 156 30 105 21 15 103 66 8 0 18 17 150 44 35 20 12 108 23 0 32 4 25 77 87 54 162 76 66 22 32 72 94 72 12 62 109 64 40 54 136 52 12 0 21 0 122 12 0 109 103 18 169 3 96 21 100 42 30 56 23 78 94 0 18 0 54 66 63 39 54 0 64 69 23 0 12 0 107 81 85 59 10 9 0 0 142 6 53 40 100 86 106 5 153 9 0 9 0 0 30 58 93 14 116 56 51 117 0 0 0 121 14 40 216 25 57 58 48 77 54 54 117 28 30 18 0 0 177 0 61 9 81 61 0 145 38 0 66 7 99 38 0 107 20 29 56 27
36 156 33 14 0 115 129 66 48 21 54 67 34 0 43 13 45 59 64 106 36 83 80 28 72 0 0 107 12 38 54 142 49 17 56 163 44 73 18 144 76 96 12 48 79 24 150 24 92 93 102 5 80 118 155 80 78 15 213 29 8 46 42 77 123 90 50 12 28 0 106 36 21 87 36 41 55 149 114 117 9 24 18 7 37 57 71 131 133 24 48 96 42 48 66 0 86 56 105 66 14 115 63 157 37 57 119 41 30 36 91 91 155 93 47 72 148 90 123 3 77 129 91 57 7 0 130 39 0 0 72 38 3 31 18 103 0 80 43 126 81 87 134 82 32 28 49 140 92 85 114 30 81 28 54 128 0 32 108 101 75 100 48 81 158 54 124 164 72 130 66 9 41 0 54 55 50 165 59 127 48 87 126 78 113 131 32 116 82 78 71 8 45 27 186 64 168 105 18 0 100 0 46 117 52 118 7 34 23 42 32 114 0 139 17 62 15 176 0 83 27 144 60 32 21 88 126 134 6 122 103 187 47 84 81 23 187 28 0 63 86 81 56 86 24 88 0 24 144 106 63 85 66 223 75 21
107 0 0 0 13 65 7 168 54 92 56 11 147 47 72 18 19 38 0 131 68 30 153 72 32 91 62 6 35 29 80 65 9 30 0 60 81 6 70 106 174 144 24 3 72 69 55 60 10 177 76 86 10 7 64 56 0 67 10 8 0 63 21 105 62 170 62 86 103 72 52 102 40 105 48 6 29 0 47 0 13 57 22 20 0 0 7 71 17 99 77 72 82 61 56 9 72 53 35 14 70 99 0 41 48 27 3 0 0 0 134 0 32 72 145 97 144 31 30 91 22 108 48 14 123 49 3 76 113 121 22 80 62 0 15 73 15 55 22 6 63 6 75 35 108 42 128 37 102 36 63 43 35 65 38 14 8 42 3 14 65 2 45 0 24 14 36 0 113 55 157 96 56 10 69 127 84 64 0 21 64 61 154 47 52 15 16 99 0 18 54 39 12 9 30 90 12 37 19 127 10 47 65 79 72 55 72 9 103 85 18 22 0 159 28 59 63 42 0 0 63 17 5 114 106 68 0 0 52 90 9 115 0 0 21 30 15 8 9 0 76 160 0 70 40 15 45 7 62 25 35 66 98 85 21 16
69 198 36 30 64 30 120 129 110 72 61 138 70 50 35 85 104 56 90 146 0 0 43 84 114 12 73 81 50 30 15 101 44 51 16 211 66 60 31 118 123 73 12 12 44 97 130 44 30 32 152 208 0 64 197 46 77 59 57 18 54 33 30 43 16 174 90 72 52 2 46 81 104 70 36 50 24 27 21 104 64 0 48 36 12 42 86 59 48 56 24 77 108 0 8 127 28 2 10 64 24 77 28 98 18 0 25 66 72 41 146 244 86 3 82 108 115 48 67 14 60 94 83 9 36 90 50 31 70 78 0 42 75 178 30 8 8 71 84 18 59 59 41 16 63 66 22 34 198 8 42 73 20 77 94 77 56 8 11 16 35 55 146 0 118 54 157 8 53 94 6 29 12 0 8 21 66 68 44 66 26 82 43 36 100 48 52 90 61 27 88 81 105 232 5 63 103 57 32 20 54 202 40 107 70 8 16 19 22 0 109 54 2 131 72 10 6 41 138 55 35 74 36 9 51 134 122 34 30 86 173 157 78 16 48 24 136 121 70 50 52 107 55 103 43 89 4 85 36 73 16 96 44 182 138 63
16 108 37 1 36 131 90 14 103 157 16 52 79 0 16 35 40 96 36 38 55 98 60 52 17 182 36 0 84 100 20 69 37 57 80 21 21 82 93 72 95 71 0 70 29 9 98 29 35 82 84 120 34 75 132 112 55 0 15 6 42 55 63 120 26 25 0 53 34 53 54 31 50 29 21 109 55 5 114 83 5 36 12 45 4 7 0 31 26 18 0 175 77 82 12 90 62 13 41 198 152 63 64 54 104 53 0 13 82 204 67 10 0 81 146 3 51 36 19 14 16 71 68 64 14 10 0 95 84 16 2 20 119 0 17 10 52 12 16 9 161 95 85 25 82 42 10 76 163 122 174 29 63 0 119 29 32 46 98 17 34 34 117 89 120 7 36 20 31 104 6 0 44 118 28 74 9 65 89 20 32 43 0 16 35 63 132 67 24 23 23 36 60 2 87 0 21 48 36 35 63 68 8 60 8 108 8 41 5 4 28 142 0 173 42 0 26 3 8 16 0 120 103 0 63 95 78 88 4 39 45 54 171 2 40 85 31 18 38 60 156 132 22 31 0 76 20 32 168 110 72 44 47 177 28 73
56 140 130 105 0 63 118 181 143 19 91 108 56 4 93 12 89 58 64 108 18 92 76 68 93 121 63 78 96 81 54 71 136 71 106 33 0 63 146 76 64 81 106 40 70 116 35 34 68 258 72 101 36 38 48 53 96 19 90 9 10 62 56 145 129 65 93 72 16 72 138 272 5 91 68 73 45 85 53 152 11 78 122 72 72 117 153 152 0 45 80 32 34 54 29 78 84 76 162 128 21 115 87 97 63 110 96 182 46 156 88 123 60 47 148 106 128 122 30 47 160 62 54 21 0 27 48 29 18 139 3 76 0 0 156 44 156 0 175 18 57 249 12 0 39 52 212 162 114 36 97 253 50 64 36 56 80 127 56 117 253 87 147 130 82 131 39 39 144 21 72 76 86 114 46 56 166 83 28 21 69 76 31 2 54 0 51 2 100 81 48 9 124 209 74 57 156 101 0 48 53 33 201 45 38 54 104 69 50 96 36 89 121 95 8 58 55 174 103 90 25 182 46 136 117 67 134 79 150 139 168 20 49 97 109 50 223 17 119 90 45 150 54 20 24 102 58 148 8 81 146 35 72 38 0 67
0 93 89 14 18 111 0 51 16 24 52 41 27 117 54 44 0 0 123 133 52 24 8 58 63 63 2 21 0 8 48 96 124 39 52 30 24 78 36 34 8 16 0 0 66 0 16 74 18 77 26 21 56 39 15 32 27 0 45 17 31 100 11 180 84 62 10 84 22 0 38 74 18 91 12 55 54 18 54 57 39 70 74 17 25 63 18 54 49 0 65 19 78 128 51 0 4 5 0 91 91 26 10 64 3 48 46 24 60 24 10 132 24 48 8 43 77 10 17 0 34 42 46 101 7 68 36 31 0 42 18 37 29 75 29 54 0 24 100 0 161 42 42 0 24 41 81 72 73 46 8 34 30 73 86 54 55 8 9 47 14 39 6 111 14 100 59 50 7 143 32 9 81 79 53 15 48 0 54 24 29 63 24 6 14 7 19 35 32 41 35 66 87 69 60 2 30 5 7 81 0 35 20 0 5 9 77 46 82 12 42 70 50 8 0 0 33 6 29 11 14 25 66 23 62 67 34 74 5 56 43 33 42 81 77 0 52 6 66 15 10 71 74 79 0 72 136 36 26 20 43 0 5 72 30 74
35 59 47 81 111 115 113 131 65 108 117 0 59 30 81 80 105 17 107 22 136 54 29 35 192 153 4 46 18 68 12 45 90 9 84 83 14 0 49 77 63 137 0 10 64 119 56 78 55 14 96 15 81 37 51 63 32 88 84 113 97 91 47 74 177 50 27 161 0 24 2 52 84 8 46 113 135 63 35 7 52 0 8 35 85 7 14 51 47 28 1 70 65 63 87 40 110 108 121 18 0 53 63 96 0 166 0 25 0 68 126 77 14 0 2 12 78 20 0 6 0 0 46 96 63 79 0 74 20 7 27 21 0 42 73 78 10 5 168 97 5 38 0 10 0 49 81 37 35 45 52 43 45 45 48 75 20 9 19 6 117 30 118 0 25 14 171 16 52 81 16 103 0 102 0 14 64 67 54 0 42 72 32 0 122 77 17 42 20 94 0 29 75 1 155 28 83 0 76 40 20 59 54 49 0 73 10 40 10 54 19 24 65 0 0 0 101 20 21 3 0 98 129 28 54 49 118 8 49 60 64 24 66 123 118 0 80 0 42 31 144 36 12 68 0 70 107 113 0 21 78 12 61 6 60 5
14 36 66 96 31 53 73 16 42 8 70 42 0 54 144 147 22 51 17 85 18 5 92 156 126 49 85 54 17 87 36 100 178 158 28 57 0 4 4 56 19 50 38 64 71 114 52 13 30 0 84 146 0 22 8 40 24 24 18 136 39 4 18 25 146 40 158 141 48 5 20 72 0 46 95 34 6 102 62 29 0 0 8 4 0 4 9 136 0 59 48 12 95 72 54 24 6 0 16 80 102 59 0 2 157 60 64 9 157 86 85 95 6 35 0 184 42 74 8 48 121 9 16 46 48 125 24 74 36 249 54 56 25 0 35 106 0 29 18 9 0 0 16 42 50 50 87 143 140 15 58 68 158 67 82 67 4 56 64 48 24 42 44 2 88 41 42 21 91 54 115 59 34 49 50 50 38 0 56 91 66 114 54 35 0 24 9 0 60 75 0 89 76 77 0 0 168 8 0 0 72 48 118 37 51 30 39 0 109 6 141 152 81 70 12 24 0 8 131 146 86 102 16 45 24 0 92 67 6 43 138 68 107 145 103 8 22 75 28 217 11 32 100 105 16 217 35 50 40 8 32 8 112 38 43 104
8 8 118 0 40 14 222 58 121 64 67 29 55 58 100 16 48 118 49 26 90 128 125 71 65 96 8 18 69 36 8 89 58 75 0 132 39 46 0 64 14 65 28 26 66 111 25 49 5 127 51 104 4 48 121 71 59 96 129 56 77 24 18 161 35 183 10 80 32 140 20 16 172 42 28 15 70 43 32 77 78 60 15 76 114 0 55 150 90 142 123 55 33 40 86 30 20 171 18 24 10 83 83 68 67 55 57 101 70 81 51 30 66 135 98 117 14 0 77 50 21 95 89 52 0 48 6 67 4 93 11 41 22 42 102 48 64 6 119 56 0 33 53 19 67 26 24 35 38 155 54 129 4 0 91 64 56 90 41 106 34 63 82 12 87 96 60 85 165 46 65 12 2 58 77 51 37 0 24 66 86 101 109 0 0 67 51 18 61 10 75 9 33 135 28 29 7 54 35 63 86 0 84 200 4 45 44 11 0 22 34 6 72 19 149 123 76 40 58 84 6 50 57 9 100 38 81 0 26 84 46 88 47 66 53 109 139 8 13 87 70 111 103 18 119 131 50 125 12 46 81 7 45 175 25 107
22 72 18 18 0 90 0 46 56 0 84 34 98 46 93 51 0 10 56 24 7 48 14 44 12 89 0 75 16 21 32 63 28 69 81 42 46 51 0 62 0 34 70 32 22 83 42 45 9 128 35 122 28 66 10 22 0 99 84 114 50 74 26 0 40 160 0 128 28 98 28 61 142 7 112 36 59 6 8 0 85 93 56 54 132 0 91 195 70 101 158 0 63 18 45 0 0 47 0 40 59 15 117 187 45 5 28 15 46 63 119 118 115 73 0 50 56 0 20 0 47 81 68 16 6 55 26 45 12 55 0 0 0 57 0 129 16 66 68 14 32 168 72 72 52 45 69 151 164 146 14 6 0 54 28 2 42 44 126 24 91 16 86 97 60 38 70 36 42 40 131 0 16 95 18 102 63 30 63 226 89 40 63 22 36 18 24 53 0 45 0 22 94 56 74 44 7 65 0 6 79 77 63 31 16 17 16 0 2 18 21 66 18 6 117 0 109 12 101 28 21 130 0 42 83 79 112 0 62 18 68 144 97 69 110 72 71 100 126 0 10 122 45 41 63 89 0 112 56 34 36 53 74 14 60 18
72 130 80 54 42 0 62 28 39 36 136 0 24 71 20 106 24 30 58 32 52 16 0 163 0 105 0 6 0 37 2 100 0 29 0 24 87 30 24 89 0 0 81 0 20 58 24 35 45 32 24 42 15 54 118 62 19 28 84 0 16 0 128 56 87 77 0 45 0 50 64 12 48 147 37 116 66 142 0 18 27 12 0 60 21 28 0 18 0 80 133 54 176 64 110 9 67 27 64 20 42 14 30 34 0 134 56 32 149 8 30 110 0 32 3 15 113 0 0 7 0 0 0 2 5 57 28 100 0 61 32 144 66 24 9 2 24 81 18 0 0 84 0 88 8 64 9 27 54 56 80 74 32 24 48 8 91 30 8 0 0 72 125 51 2 63 42 36 16 72 51 48 73 70 64 78 58 31 132 45 50 77 99 38 54 0 8 12 25 30 15 72 40 96 184 112 2 25 71 55 0 7 53 46 0 2 46 51 32 108 98 28 58 40 51 21 0 0 9 0 58 121 48 8 0 136 28 77 18 8 8 15 67 75 143 100 34 48 6 132 60 0 77 102 0 0 4 35 16 8 12 42 8 72 29 0
24 136 181 76 8 77 27 86 72 25 0 58 90 21 86 27 1 87 139 14 27 29 16 55 0 27 45 34 51 66 32 1 28 180 87 81 20 108 16 0 50 46 0 36 86 32 47 59 89 32 22 142 0 129 86 30 151 0 49 0 37 36 54 115 68 13 6 2 6 61 15 64 28 28 43 0 57 127 0 63 6 0 18 13 21 64 36 0 18 20 33 117 81 72 29 90 56 9 24 42 31 108 63 70 0 48 70 65 0 3 60 10 61 6 67 0 53 56 0 6 0 26 16 19 36 37 64 0 49 0 136 78 109 32 15 0 3 36 84 87 13 9 54 93 0 106 29 78 100 26 132 94 29 41 72 48 45 69 73 24 21 62 24 88 82 21 48 24 24 35 58 0 15 23 18 14 101 0 39 62 100 57 61 48 49 133 66 0 9 0 11 58 79 6 163 33 24 0 22 87 54 11 7 72 61 20 5 4 0 18 6 0 17 116 0 62 0 104 130 26 0 0 40 0 49 34 7 0 0 26 86 6 0 62 99 37 97 12 88 90 40 55 14 76 23 54 0 0 4 54 0 158 0 77 63 49
98 15 86 0 63 33 32 0 28 74 22 183 73 24 8 33 35 2 5 21 0 3 128 97 74 64 0 25 21 62 58 27 35 36 35 98 52 25 91 54 81 85 0 21 94 120 148 80 75 8 101 57 0 48 35 36 190 72 78 42 32 40 46 48 49 91 135 60 195 5 27 42 41 91 42 0 0 93 80 172 24 2 0 2 4 74 12 42 6 42 72 8 46 30 138 18 25 71 71 103 21 47 0 22 27 7 21 146 6 0 42 27 66 107 42 143 125 9 16 42 130 216 39 12 36 0 63 142 78 127 12 16 0 40 26 21 7 60 0 93 131 97 30 91 0 68 51 105 70 96 12 18 93 9 119 83 27 0 24 88 0 188 49 24 110 83 101 119 36 66 54 28 150 45 70 158 225 6 48 0 16 130 131 34 83 36 14 67 204 147 167 48 72 129 7 64 76 2 27 77 49 92 27 21 0 135 88 0 39 9 18 106 87 23 29 24 18 24 84 81 0 9 214 0 203 9 16 10 58 6 155 0 161 0 58 49 0 105 61 174 121 119 14 15 28 7 16 80 33 64 9 83 4 11 42 79
153 98 19 48 78 18 56 148 150 218 78 75 119 46 66 187 78 84 78 92 113 24 40 67 54 164 165 36 126 163 60 100 133 8 200 187 56 234 122 156 117 85 105 116 108 114 151 54 180 41 244 116 0 102 156 145 22 226 44 67 160 83 76 147 134 122 124 117 79 107 113 95 69 66 132 153 97 78 6 47 94 53 18 94 69 48 54 76 142 54 111 83 169 119 56 145 87 75 72 92 125 24 89 101 0 142 24 57 46 79 214 123 51 363 161 148 90 68 158 24 106 56 48 120 30 97 59 115 141 211 39 73 44 135 181 68 89 42 84 200 64 120 115 17 24 62 210 55 80 38 69 39 90 49 77 122 35 64 108 141 63 74 91 107 99 149 59 33 87 153 61 180 42 98 25 150 226 106 117 132 220 116 32 18 156 50 7 103 41 0 93 65 87 12 20 48 141 85 78 44 114 73 156 117 56 129 54 24 58 6 25 14 36 6 75 49 120 48 47 0 54 109 146 139 147 266 146 72 24 129 123 62 175 208 77 111 157 28 89 99 94 157 166 148 68 141 63 153 130 147 104 36 59 114 67 92
0 105 63 27 57 36 137 60 122 51 106 122 0 26 29 62 6 72 40 36 88 53 63 0 52 81 0 84 62 55 67 148 48 14 42 28 126 87 96 56 137 81 26 28 16 18 6 80 15 9 90 213 0 123 68 137 25 10 69 0 32 81 79 58 108 124 86 24 135 16 83 101 4 0 71 23 0 21 18 91 56 51 106 101 48 73 0 56 0 32 200 14 8 33 35 56 20 26 79 2 67 8 21 129 72 114 0 30 32 5 56 76 54 36 77 85 80 12 62 50 68 120 85 65 84 60 90 89 0 91 33 99 25 172 39 74 72 125 8 59 78 72 30 4 109 116 20 85 83 7 101 0 45 12 30 36 6 0 54 0 50 73 18 24 60 136 74 72 75 96 50 72 16 64 24 25 36 118 15 18 42 90 8 75 18 30 0 57 136 18 93 112 35 9 131 127 131 95 54 0 185 101 53 62 5 0 62 0 24 12 0 8 35 8 116 56 60 42 109 40 77 40 88 64 20 79 40 0 64 118 42 36 129 102 105 108 69 38 97 0 62 82 68 82 42 79 58 6 0 96 111 95 39 192 2 69
0 37 0 45 20 91 82 68 12 0 20 0 25 48 82 33 42 28 59 24 26 45 24 42 64 6 0 0 81 18 74 54 16 3 91 45 0 18 48 42 21 46 0 38 30 36 35 59 102 80 50 24 65 33 43 0 14 4 0 20 61 89 37 38 41 42 24 36 70 57 0 32 48 30 56 35 0 19 17 6 96 6 0 5 0 0 0 32 30 74 1 11 92 36 63 37 24 9 0 8 66 9 12 30 0 10 0 17 0 18 72 156 7 21 0 19 12 24 69 0 97 30 0 110 9 71 0 7 39 21 39 15 0 0 96 25 54 12 65 106 18 0 44 6 42 5 0 17 68 48 0 3 32 9 28 24 5 30 0 36 54 9 32 50 84 14 89 65 3 20 49 70 66 38 18 16 33 3 54 0 0 74 1 0 86 3 3 45 48 0 26 102 4 66 0 0 96 56 0 33 78 0 71 6 28 68 53 0 37 4 12 76 63 0 9 0 96 18 71 18 31 6 36 27 24 9 13 76 8 63 124 138 58 84 0 43 52 0 0 5 33 60 15 32 18 196 88 16 24 18 0 0 35 51 61 68
42 96 30 24 0 38 57 56 130 59 17 79 93 66 46 21 7 16 3 60 15 111 48 31 26 53 0 78 28 44 4 11 23 56 28 21 40 72 7 70 54 35 49 36 51 36 35 101 0 4 64 48 68 85 75 12 24 6 82 20 38 12 41 11 137 66 6 65 26 13 71 87 34 118 12 0 38 10 24 55 93 35 81 44 12 38 0 88 6 39 92 72 20 24 33 0 15 55 0 22 91 9 45 106 49 82 33 47 64 85 46 15 52 82 21 59 88 7 31 46 24 28 46 59 55 128 38 4 40 56 43 18 7 53 20 0 63 104 49 40 113 40 42 27 40 70 80 90 41 22 81 30 29 75 78 55 3 129 0 22 13 20 60 9 4 0 8 67 27 36 40 0 0 60 24 34 39 76 5 50 28 151 10 29 63 16 38 5 58 21 56 59 80 0 84 8 74 0 99 49 109 9 42 63 5 0 32 36 1 42 3 57 0 9 66 76 36 5 16 28 0 12 90 28 21 42 55 0 0 20 56 135 5 102 168 105 80 30 91 27 53 101 28 12 44 50 33 37 62 32 104 0 102 33 48 54
86 0 99 7 97 46 123 96 10 92 84 117 146 44 8 105 101 45 145 108 94 110 4 64 106 137 69 96 18 62 0 13 150 48 34 67 137 78 8 130 15 51 63 82 194 140 71 149 17 37 73 130 46 36 129 111 66 54 91 56 115 90 53 122 207 154 99 106 35 74 36 54 112 14 94 132 81 173 56 60 124 4 33 126 2 81 16 181 27 0 91 50 97 56 53 40 6 3 63 92 84 78 50 150 0 13 38 0 55 191 108 95 21 77 102 146 88 47 94 18 141 62 65 113 140 175 31 74 118 152 7 80 106 108 58 0 30 9 51 34 123 104 58 12 156 189 133 95 44 61 63 43 28 43 100 126 62 0 104 0 99 18 48 82 73 50 149 121 150 24 66 14 126 72 50 47 90 0 0 0 30 48 77 68 32 108 92 69 138 179 126 72 80 44 54 42 150 4 100 56 105 177 10 150 10 43 72 78 4 101 22 14 54 152 25 24 91 152 132 118 9 44 229 40 195 17 62 104 16 114 76 141 46 113 59 0 70 78 104 25 15 70 86 96 82 68 111 128 16 132 79 47 168 161 99 70
0 194 0 48 121 41 85 136 90 33 55 15 129 128 87 82 75 119 40 170 74 108 0 29 129 12 56 121 35 64 0 121 72 0 7 40 29 5 45 99 70 135 140 2 73 44 221 47 7 36 24 4 72 28 141 78 44 48 10 44 108 30 68 9 179 22 0 116 82 97 10 136 103 134 111 31 43 52 54 48 46 183 45 0 82 0 91 40 21 57 213 0 44 26 22 130 30 25 217 82 137 7 65 74 56 60 91 18 46 43 130 193 4 86 25 60 185 3 112 21 56 48 10 14 164 137 9 73 67 77 101 204 93 60 45 45 66 60 139 69 25 165 71 15 66 76 64 72 142 144 89 0 136 0 56 53 17 106 0 24 65 72 77 56 101 68 22 23 85 84 106 0 16 32 126 91 95 40 24 89 120 88 88 128 45 66 8 117 151 0 44 199 120 172 168 163 95 57 152 75 29 83 117 75 0 57 30 28 161 64 15 83 28 46 64 44 63 0 69 31 104 36 63 49 25 137 64 35 52 30 192 240 40 79 21 28 99 61 129 41 0 172 12 6 141 178 225 197 154 122 24 35 192 193 18 113
103 177 35 30 32 9 34 80 36 29 61 72 51 0 146 0 136 81 46 0 126 36 0 115 60 188 144 0 0 137 26 85 98 12 124 0 36 8 15 152 47 130 0 10 63 27 135 47 1 100 24 67 2 88 178 91 3 62 57 22 20 75 36 113 45 36 30 0 149 75 96 56 50 28 69 3 0 12 6 6 23 111 45 12 0 35 120 0 27 0 72 93 0 36 57 1 28 0 32 79 99 90 0 0 0 58 84 20 0 45 77 54 18 136 42 32 28 59 0 40 35 136 30 48 24 73 35 115 8 83 0 83 63 67 100 21 0 40 120 110 72 27 32 81 139 104 111 70 106 14 7 64 28 16 39 54 37 114 84 25 49 35 84 5 36 144 5 86 29 29 0 81 18 30 111 115 82 93 0 0 89 77 8 86 19 110 156 21 52 30 47 60 87 63 7 126 170 0 20 80 0 12 92 85 0 16 28 0 0 12 32 1 14 7 64 4 77 9 28 16 102 126 3 29 122 8 72 109 5 78 48 84 95 0 63 35 26 0 32 78 108 71 36 37 51 48 73 111 0 6 72 18 122 103 12 62
43 164 77 175 18 196 71 163 93 32 36 42 14 152 49 131 132 54 0 24 138 121 104 256 2 66 82 31 59 187 0 39 45 91 146 135 63 81 54 73 100 151 47 18 221 145 231 129 0 123 102 135 150 70 147 109 85 97 81 0 113 4 7 123 0 40 56 68 16 0 61 84 180 219 92 94 117 78 29 8 21 124 54 27 78 94 14 91 44 90 170 29 48 64 72 106 62 101 12 35 78 182 27 88 105 60 254 87 79 102 107 154 40 46 98 69 108 93 56 60 66 94 67 18 63 91 95 92 124 63 59 71 108 27 32 12 101 13 189 84 117 156 140 88 50 36 100 18 136 176 105 139 49 78 152 71 45 80 126 95 0 72 24 41 88 133 54 59 101 115 253 24 0 143 164 30 124 18 108 65 192 147 169 115 21 119 71 18 68 37 126 52 79 88 145 145 26 0 96 105 123 4 134 77 7 14 32 26 69 58 148 45 93 125 56 72 24 60 52 99 0 110 56 76 82 109 75 82 24 18 146 27 30 85 125 105 10 202 87 180 9 16 139 88 154 112 81 121 26 83 146 129 33 168 55 63
21 45 84 0 48 81 47 179 151 35 9 144 6 172 75 66 27 69 99 154 43 92 82 99 21 67 0 6 24 132 13 115 18 169 30 0 0 5 50 162 74 74 75 7 0 50 0 116 93 152 63 69 48 46 88 86 181 79 57 16 93 94 121 92 123 87 120 49 34 60 222 107 169 125 36 9 55 26 103 91 97 0 32 18 69 72 51 108 72 71 90 2 40 171 138 1 4 9 0 0 30 36 116 212 35 138 45 27 108 105 34 105 95 199 54 32 142 54 130 105 74 2 81 0 16 77 108 45 59 91 27 23 36 0 9 25 101 116 72 77 16 96 16 34 50 59 18 45 103 21 54 0 32 48 18 195 6 56 0 66 40 6 87 51 164 24 72 29 12 25 50 99 293 12 18 74 49 30 87 0 60 266 126 19 16 16 53 54 157 30 60 66 12 76 93 0 71 15 60 74 35 65 148 159 0 65 16 90 104 72 0 41 27 73 111 129 108 15 32 117 48 30 27 0 61 154 87 75 50 127 100 30 77 149 84 127 108 93 16 15 73 92 64 65 3 0 86 77 69 33 36 28 21 135 9 112
34 160 21 32 48 8 96 79 4 127 108 84 16 88 68 158 32 129 28 155 24 18 0 62 30 64 28 90 36 6 72 57 18 0 21 12 18 18 8 0 52 1 68 24 54 150 100 0 131 62 99 93 33 62 47 87 61 46 92 100 12 0 70 98 105 145 88 51 0 0 36 54 0 122 0 60 48 134 84 5 38 8 43 45 54 5 40 111 7 77 185 150 184 3 41 16 0 0 94 42 77 70 56 119 63 34 63 141 130 53 46 38 4 31 76 90 54 0 40 16 32 48 24 30 28 124 32 127 34 137 72 179 146 60 32 18 127 27 111 39 0 44 32 88 68 0 90 78 71 126 39 8 46 41 114 64 32 18 83 64 30 55 293 0 0 139 0 20 100 96 3 95 32 60 139 186 42 56 49 140 85 95 201 48 96 0 0 0 71 40 6 97 117 112 195 151 67 92 135 58 6 0 0 62 25 0 150 76 105 104 115 64 124 81 42 61 19 55 48 100 24 104 88 88 73 244 0 4 12 21 9 20 0 138 24 92 64 77 12 155 64 56 123 8 76 59 90 56 59 74 0 0 8 0 30 63
57 63 89 5 0 12 51 53 33 111 61 23 133 91 0 60 5 40 6 0 81 32 36 88 36 143 0 45 65 185 0 74 80 39 70 18 2 83 14 78 74 96 27 50 117 141 119 1 0 46 59 113 0 55 3 10 92 63 130 74 42 125 99 54 72 93 10 52 161 0 126 69 6 72 60 134 112 85 0 25 75 58 0 5 52 32 2 165 12 24 27 34 46 40 63 36 113 19 151 44 50 69 64 18 0 96 89 8 56 107 63 18 14 233 55 26 150 35 46 45 50 13 73 46 64 91 25 60 18 179 27 20 22 32 0 0 0 18 48 66 126 64 73 75 65 68 43 66 22 20 24 0 92 130 0 106 42 24 51 5 8 123 75 28 36 25 13 72 0 56 73 22 139 41 34 111 54 32 0 78 42 75 40 12 29 119 97 35 122 9 64 12 18 0 7 8 101 14 0 20 25 82 93 83 0 45 0 54 81 0 22 24 0 60 3 72 42 8 74 14 30 72 57 0 147 73 54 6 0 101 107 146 13 69 205 35 12 48 169 87 82 70 9 26 84 62 92 72 132 70 45 38 97 54 78 5
49 99 7 54 58 0 81 21 8 88 99 15 18 8 68 0 38 99 0 27 15 62 72 12 30 66 0 40 42 16 3 89 0 51 24 8 0 67 0 43 0 12 55 69 15 4 36 78 24 46 42 62 0 78 49 23 60 27 91 20 87 76 84 92 32 15 0 12 24 15 60 8 87 3 108 100 0 0 0 114 0 0 0 80 0 54 9 0 37 27 12 127 30 126 44 24 48 42 27 44 26 128 30 67 0 0 56 0 45 40 28 81 102 63 59 36 46 24 24 3 27 54 0 0 0 78 0 16 0 36 61 134 28 36 0 15 25 24 17 128 6 24 127 24 32 59 27 9 48 30 50 27 0 54 18 56 20 0 48 54 0 5 21 9 57 0 0 81 87 89 36 18 58 12 60 14 24 10 24 83 106 61 21 16 15 63 12 74 52 20 92 0 77 32 72 57 72 0 0 16 42 55 12 56 4 81 40 0 0 12 56 0 9 9 0 0 24 108 5 0 9 13 56 45 134 56 0 0 30 1 12 45 18 56 79 21 56 43 42 71 34 36 56 91 72 20 51 51 12 21 88 0 72 60 57 0
8 136 60 60 0 65 146 100 173 78 14 104 0 8 112 116 84 89 1 28 77 91 0 0 44 54 89 47 131 38 107 113 28 72 0 43 36 11 57 87 63 59 0 35 33 69 150 110 60 88 134 94 36 0 212 126 29 24 55 110 93 147 111 87 192 56 109 68 90 108 58 62 35 9 0 32 89 84 4 64 31 82 66 0 0 85 5 109 57 21 202 27 81 0 42 5 42 8 38 82 168 32 28 75 93 124 36 39 13 20 84 24 28 28 50 0 20 84 14 44 24 18 49 12 15 109 58 53 59 79 62 147 12 39 110 36 0 110 114 62 32 18 0 29 28 37 15 57 135 0 62 40 45 81 90 107 21 100 7 54 43 27 99 52 75 28 48 0 25 43 0 77 39 24 0 72 53 37 118 42 115 140 8 45 97 20 0 89 42 1 56 21 137 16 23 0 186 6 50 130 68 7 53 36 51 72 64 0 81 4 6 2 115 36 72 32 28 28 73 20 155 99 65 10 12 67 62 192 12 59 12 45 77 54 48 24 213 0 56 81 10 76 81 40 72 101 6 118 83 0 56 32 0 64 73 122
58 234 32 57 24 122 131 56 92 216 65 67 45 39 91 68 24 254 117 57 26 96 70 115 179 175 58 72 76 12 21 51 12 27 147 103 31 145 0 134 141 187 44 178 32 166 190 51 94 43 36 32 0 92 62 68 12 102 67 68 0 81 82 164 194 62 106 116 92 166 6 35 49 57 53 41 78 175 80 34 20 53 98 56 96 148 96 40 180 49 76 67 134 181 35 90 109 3 306 79 64 42 42 68 0 72 35 42 167 109 6 24 58 177 121 55 57 56 97 157 74 73 100 74 165 85 97 145 25 31 177 147 178 62 59 53 111 89 213 174 71 93 79 117 71 0 29 121 69 24 87 16 81 217 90 115 78 67 56 102 60 69 167 69 45 27 9 74 75 48 127 56 164 20 105 39 12 151 48 82 81 45 199 99 131 66 26 137 43 14 35 130 72 24 56 123 169 14 36 77 42 111 65 141 28 55 54 0 70 11 65 0 33 152 71 42 149 20 0 44 66 68 0 75 174 136 48 121 92 21 33 162 128 43 89 128 44 0 115 129 19 108 110 49 145 186 67 172 34 24 124 39 133 67 122 56
30 76 87 0 0 34 67 96 100 66 31 64 12 3 38 15 24 10 8 36 8 19 24 38 26 113 2 35 7 66 57 15 4 7 75 2 6 22 22 74 63 87 24 15 32 0 36 0 20 20 30 0 12 37 22 26 72 45 3 62 78 21 34 0 0 25 82 10 18 8 26 23 56 36 6 13 1 60 50 30 1 0 8 0 63 0 12 50 61 20 36 28 30 28 14 78 5 42 56 40 9 132 62 30 32 19 20 6 44 111 14 12 61 72 56 16 6 36 18 54 55 4 40 18 0 32 8 30 24 10 0 0 0 68 18 13 24 9 81 34 125 66 11 5 13 9 3 40 62 5 27 66 40 6 18 15 0 147 14 6 129 35 85 2 0 6 0 20 0 42 82 34 24 111 18 80 22 72 5 63 0 72 16 0 5 1 72 4 18 25 4 11 12 62 53 26 124 19 0 10 37 0 40 114 35 49 9 45 20 64 0 51 18 48 35 0 18 10 18 52 0 5 25 54 76 63 12 18 28 69 28 82 6 0 6 10 48 0 24 0 81 35 0 14 95 8 1 33 28 4 54 8 88 12 35 45
0 200 24 6 170 147 86 64 48 305 182 68 169 9 0 35 54 77 43 44 43 0 269 95 88 191 4 10 18 29 8 39 15 56 137 124 40 252 92 72 129 176 36 108 133 56 112 0 64 46 95 65 0 154 46 186 58 152 21 77 38 12 84 84 0 0 59 108 45 0 88 62 32 112 20 57 34 123 120 97 27 86 30 17 114 51 0 10 91 53 55 166 72 48 0 218 16 18 224 120 99 0 111 90 0 110 54 56 134 61 67 9 149 118 110 83 144 50 32 32 34 115 81 68 48 106 61 54 102 132 0 77 24 28 72 96 35 125 26 103 196 73 112 67 35 72 10 63 55 34 48 37 58 130 165 51 56 7 84 22 36 149 210 4 46 87 80 93 111 45 10 56 80 0 81 12 79 54 9 24 0 36 131 18 138 0 61 86 0 56 26 16 24 100 67 112 112 57 13 152 126 0 59 79 42 67 64 10 104 29 42 20 8 264 42 78 12 0 4 36 42 77 15 71 78 139 116 76 84 10 143 220 32 129 52 223 147 97 96 155 122 144 132 109 65 184 6 151 228 50 36 36 100 42 128 6
92 98 42 36 8 81 57 114 0 32 109 76 4 91 178 49 0 0 0 72 28 22 48 119 188 0 0 63 63 60 24 98 28 40 63 24 0 60 75 0 81 53 8 53 14 61 77 0 113 52 151 15 0 30 70 56 22 21 36 64 7 0 31 36 63 60 60 35 159 22 0 6 21 110 20 94 36 12 45 75 10 60 24 14 14 27 12 155 12 48 75 38 32 63 60 36 24 75 20 128 10 0 14 48 40 36 22 77 0 10 82 72 0 2 94 72 24 46 67 66 40 20 16 53 32 63 4 56 33 55 88 41 66 4 30 62 94 48 78 34 80 122 42 28 42 24 26 117 62 79 32 57 43 30 44 44 30 4 118 71 82 77 110 38 55 82 48 27 80 79 9 110 24 70 22 38 27 103 92 151 37 75 47 84 3 20 32 0 24 15 16 74 100 62 14 108 66 54 18 33 6 0 9 45 0 103 0 28 93 59 22 64 144 18 14 42 57 85 12 35 35 32 20 52 64 44 45 0 135 61 50 52 44 12 125 9 30 102 51 98 102 73 36 117 8 6 36 39 0 16 45 94 130 109 0 18
56 0 57 0 76 7 0 28 21 100 50 20 73 64 27 0 28 8 87 121 43 18 21 40 80 48 30 33 0 8 0 72 81 37 28 0 102 118 10 49 91 64 9 18 20 32 60 9 31 46 28 0 108 192 69 83 32 49 2 42 106 40 109 81 40 18 16 13 16 44 147 83 0 24 8 0 0 0 38 37 48 33 20 30 66 12 15 11 99 119 21 14 85 53 0 48 76 18 96 40 168 46 102 170 21 37 18 20 56 59 7 0 139 135 30 111 18 0 0 30 12 132 51 20 0 15 63 15 33 94 8 49 45 71 0 85 57 99 35 17 190 23 2 8 50 13 61 45 15 0 2 9 0 105 24 12 0 74 0 69 24 72 94 0 81 20 28 0 28 81 5 73 96 5 56 151 54 0 40 49 35 45 9 92 34 79 12 32 40 0 9 0 12 8 8 92 5 112 43 40 91 0 4 40 20 45 4 45 40 30 12 18 0 0 33 41 63 0 20 0 0 89 2 4 83 41 0 71 10 40 54 108 24 88 84 12 0 66 112 0 0 32 70 49 110 81 9 25 13 20 30 44 103 63 89 0
43 176 104 169 27 182 271 168 134 0 81 30 134 48 149 30 36 19 102 237 102 0 127 145 170 141 6 24 137 93 24 114 119 18 24 102 104 109 65 72 18 50 51 20 100 152 157 87 108 111 154 97 126 0 86 5 89 54 109 0 195 120 161 70 84 201 16 136 98 138 57 110 100 187 89 157 119 108 8 8 116 18 45 128 72 67 162 338 76 221 39 98 105 26 294 32 63 82 156 66 81 174 112 138 63 74 167 153 76 91 160 136 27 191 236 71 94 122 36 105 117 72 104 90 36 199 96 129 0 162 42 53 0 26 111 103 87 81 209 149 160 81 14 118 37 158 157 147 16 90 24 99 8 5 115 55 0 26 36 0 96 36 156 35 123 148 83 36 108 125 113 93 36 48 208 62 75 117 0 88 58 163 326 80 137 43 187 23 119 98 112 45 174 238 174 158 103 118 58 118 102 90 129 156 37 151 79 12 28 24 108 35 141 28 97 35 128 94 71 129 49 47 36 54 0 63 154 41 0 16 108 66 69 102 153 222 81 81 71 152 184 207 120 48 112 43 7 110 40 122 101 90 56 97 138 122
53 0 74 0 36 73 148 20 213 0 72 108 116 113 99 118 24 37 115 66 112 70 56 67 17 143 36 82 0 30 39 46 79 21 79 178 57 74 12 21 94 40 49 45 79 177 81 19 2 151 3 142 20 15 91 129 49 63 101 35 93 25 158 155 111 0 12 186 25 302 147 65 26 104 48 122 138 62 7 138 60 34 120 82 0 205 0 108 88 75 91 95 81 24 32 125 64 81 36 64 86 187 27 63 45 83 15 118 94 109 96 75 160 214 91 119 81 48 91 120 89 20 15 72 6 100 119 51 55 205 57 67 91 135 73 108 16 68 17 41 150 60 42 59 70 61 159 134 71 88 85 177 31 12 70 105 2 76 26 44 83 105 110 45 80 28 121 92 40 18 106 22 24 131 89 0 59 87 57 36 45 188 97 58 63 0 63 60 20 10 117 85 58 30 33 17 0 66 67 80 10 28 141 203 57 65 35 61 32 68 58 112 18 103 63 73 19 49 90 18 70 61 82 0 122 87 56 95 93 83 88 143 129 65 117 47 30 11 18 65 53 106 144 93 34 27 112 45 24 47 69 12 38 21 18 12
83 100 88 58 55 78 66 82 71 190 83 76 31 66 163 30 23 88 48 145 106 112 124 179 100 159 99 18 7 67 54 159 43 126 53 32 18 97 48 24 137 24 27 103 66 86 93 135 42 89 83 143 72 115 218 107 41 100 45 8 36 172 31 152 84 260 72 6 21 119 62 74 54 41 48 56 108 29 48 3 84 101 9 113 140 109 33 155 73 118 38 7 50 58 33 12 0 85 57 117 120 61 107 107 63 20 17 88 94 95 42 190 63 128 86 70 42 26 14 40 6 135 81 61 109 102 59 8 45 195 47 199 59 25 52 99 236 149 16 84 116 130 84 95 0 59 97 90 210 81 126 143 16 60 31 73 24 80 46 139 17 57 76 102 40 30 6 133 144 107 98 119 117 81 39 153 116 100 30 67 120 239 50 88 24 20 107 95 7 6 141 12 132 63 16 102 15 9 89 42 81 139 36 67 21 123 24 14 62 57 112 64 18 78 183 0 84 63 26 0 47 72 35 97 117 196 49 0 12 107 91 128 42 30 214 74 198 10 44 188 89 198 118 119 103 57 45 172 6 40 128 17 154 136 27 137
29 75 101 36 21 24 18 116 78 35 18 60 26 7 92 58 0 25 49 115 5 30 64 90 150 53 76 37 0 107 0 108 0 95 20 6 10 73 38 123 93 0 86 8 24 31 12 15 67 80 0 99 8 88 118 164 187 8 0 42 78 12 91 62 48 60 16 40 72 0 8 78 87 2 52 107 57 47 74 48 49 8 8 33 80 14 22 111 83 121 61 0 42 91 79 0 0 0 127 32 83 160 52 20 56 33 53 0 166 43 36 65 8 87 119 18 61 24 145 129 48 122 26 2 50 15 56 0 12 56 55 112 148 56 47 22 15 105 91 58 26 8 52 22 58 97 21 0 20 48 74 70 10 51 26 29 64 94 0 0 21 0 55 14 99 12 22 48 12 40 5 62 37 100 115 116 30 13 21 49 38 28 94 73 75 118 86 90 0 0 54 70 137 70 86 70 70 144 71 34 77 51 33 97 14 84 34 31 74 86 8 28 126 41 42 68 24 116 81 68 18 10 55 0 8 12 97 0 136 45 0 205 84 95 87 212 70 18 10 77 9 12 16 32 135 56 81 36 0 49 96 74 111 49 12 76
10 48 70 42 8 0 46 6 148 145 2 161 27 101 0 7 1 99 82 94 51 84 76 80 102 62 30 61 18 11 6 15 61 69 94 64 93 60 36 16 47 72 99 14 54 81 146 97 0 24 17 54 89 48 154 104 76 26 17 120 12 59 84 114 156 19 141 24 138 64 80 131 56 47 24 44 0 25 50 269 8 108 95 29 76 0 9 108 97 33 225 3 83 63 20 96 19 11 114 50 36 89 0 69 49 68 44 87 44 21 93 62 58 120 52 127 83 48 84 5 16 52 23 56 21 44 157 86 110 32 30 60 71 61 24 74 11 9 74 0 183 179 59 8 40 54 108 106 156 66 127 181 0 60 104 85 105 54 111 0 0 160 54 207 120 52 182 69 35 185 139 0 81 117 208 44 99 0 0 0 49 53 63 30 130 88 30 84 81 8 30 108 82 59 63 80 189 80 31 109 51 133 21 105 34 0 48 66 9 39 7 45 50 154 52 88 30 110 84 0 52 34 88 95 222 172 64 72 0 53 48 83 80 42 100 30 109 17 72 95 15 172 140 50 90 160 48 250 85 36 16 80 97 36 49 79
41 134 100 36 7 4 117 101 90 105 0 42 90 37 68 24 115 45 18 8 50 65 42 33 15 20 77 52 54 28 81 178 0 84 0 64 36 13 85 69 131 125 12 33 71 29 28 62 57 10 36 116 24 102 76 154 32 40 48 0 87 131 50 90 15 37 86 87 0 58 50 143 0 29 18 10 87 31 38 67 54 60 8 39 36 103 5 37 57 87 164 101 23 0 60 20 18 27 18 113 79 33 22 95 80 45 0 37 43 166 80 41 23 69 6 141 44 28 0 0 68 70 43 72 34 104 46 37 23 0 8 61 37 27 30 36 50 24 78 90 107 159 85 12 24 82 21 159 171 90 75 64 0 36 54 77 54 78 64 64 64 180 20 84 39 141 71 0 14 72 47 41 70 3 4 171 3 62 27 123 72 23 59 44 32 117 25 93 25 48 2 105 148 41 42 45 0 58 102 71 84 33 74 21 26 127 28 0 0 32 0 24 89 178 33 0 21 154 45 60 97 80 46 5 54 42 0 58 58 6 6 63 41 30 129 18 152 161 53 110 99 55 60 93 64 26 8 46 24 33 80 40 18 90 57 64
116 127 92 96 40 8 40 57 61 102 68 24 58 8 93 70 0 19 39 56 126 6 103 30 4 124 92 114 30 74 82 38 45 127 4 18 55 107 20 36 64 27 19 24 79 82 66 0 31 38 44 51 0 26 87 30 0 56 89 8 56 39 42 68 102 56 86 58 81 26 115 72 12 23 36 70 53 6 78 22 19 66 5 34 16 16 14 76 43 21 14 80 36 30 29 124 70 54 32 8 31 122 12 57 41 78 21 0 0 6 115 108 35 20 33 56 90 16 89 79 106 218 27 82 24 58 0 99 12 65 31 49 151 42 89 31 53 0 31 99 86 36 20 73 84 89 3 161 25 42 161 124 36 57 96 62 0 26 8 78 63 127 125 101 7 59 60 49 45 0 0 50 9 24 90 189 30 35 138 74 58 137 120 52 14 67 61 0 104 122 30 56 55 110 62 20 89 64 20 110 22 18 36 121 28 73 64 20 51 0 58 80 0 91 30 44 83 130 41 84 4 102 50 85 86 0 28 68 45 16 68 55 86 67 103 68 69 45 64 137 65 147 0 6 6 94 0 77 34 50 116 32 9 111 92 40
0 108 152 82 135 218 45 0 89 123 6 111 65 48 16 41 21 72 198 26 42 53 63 72 69 317 8 14 27 45 24 63 57 102 28 6 35 76 65 33 0 34 0 103 100 112 27 108 69 15 135 82 21 50 28 96 63 0 12 82 47 68 64 253 27 57 0 36 27 0 54 81 18 45 86 102 118 52 122 92 12 21 22 8 0 32 28 98 20 53 26 102 53 32 0 45 15 41 34 46 194 50 52 83 0 17 124 76 24 135 131 99 91 66 53 36 95 20 65 63 24 24 64 98 56 89 46 20 96 39 0 88 80 39 47 25 3 151 25 101 62 45 135 40 24 62 69 177 15 92 125 136 94 58 161 140 40 129 72 132 27 87 52 190 83 44 16 131 47 109 100 45 0 66 26 62 140 89 32 112 9 38 69 48 16 51 144 45 0 21 26 71 64 24 87 75 51 20 8 178 93 138 9 99 28 160 69 9 6 0 45 144 20 173 28 66 24 111 35 134 37 18 138 70 127 45 56 74 60 78 86 50 125 84 237 115 102 4 63 169 100 138 116 38 0 64 0 70 75 60 72 8 148 99 0 48
78 72 50 0 116 12 64 39 81 178 144 0 65 120 164 48 62 58 134 106 87 136 56 148 190 127 17 68 151 36 41 39 78 57 0 123 7 151 40 68 81 96 67 45 12 180 72 97 94 72 181 48 0 58 104 91 60 54 18 60 142 30 54 106 55 96 101 128 64 42 18 179 175 91 32 6 36 30 68 47 72 63 16 48 140 25 50 171 172 157 48 42 114 87 0 38 20 117 94 51 163 72 193 188 73 43 104 54 36 138 35 95 101 24 78 109 132 70 90 56 186 149 6 62 60 109 0 37 20 99 45 59 79 45 94 121 9 16 41 206 45 0 162 14 40 27 0 113 67 134 130 84 64 32 0 73 32 36 24 10 66 30 99 0 0 36 70 129 105 188 71 99 10 87 93 57 79 90 0 72 90 158 62 36 21 34 45 54 38 114 129 5 61 72 219 8 119 124 44 76 55 35 0 218 33 132 75 0 84 51 48 79 9 3 20 0 110 124 64 47 113 81 0 142 73 122 98 56 158 87 138 0 77 181 55 22 93 55 85 78 43 40 48 36 37 97 94 182 69 122 174 26 123 64 49 81
15 8 30 0 0 23 51 161 25 100 71 93 72 51 10 48 0 45 38 61 23 8 34 96 117 24 10 45 27 53 37 61 0 42 56 10 0 89 48 117 22 72 15 71 74 65 84 43 0 106 90 34 6 72 80 111 57 28 0 88 50 50 56 57 96 43 76 140 12 25 75 99 0 44 30 58 34 70 11 53 29 55 89 0 42 166 0 119 9 63 51 17 72 96 44 18 14 36 139 147 202 91 79 9 87 9 0 90 61 66 49 36 10 66 54 54 84 3 52 45 55 0 91 75 38 27 108 50 41 194 0 76 0 84 45 27 0 48 53 48 14 112 20 42 0 50 99 5 72 24 76 45 0 7 107 51 57 12 66 63 54 11 0 59 10 58 86 157 20 30 72 128 0 134 117 153 69 24 18 15 55 73 110 0 27 14 51 0 10 0 68 129 45 222 0 0 81 22 95 108 6 81 29 0 24 0 84 3 197 85 18 38 6 121 63 24 77 69 6 25 58 30 54 4 73 81 71 101 14 88 2 4 35 138 81 71 50 0 35 105 22 50 74 25 99 40 22 54 46 40 25 20 71 18 40 63
0 71 63 24 42 35 49 93 71 81 9 28 0 38 24 30 27 26 0 0 7 58 56 77 28 31 2 20 79 58 24 32 42 78 28 48 0 10 0 42 78 24 4 47 22 61 48 68 14 144 10 24 6 75 40 63 82 36 0 55 0 0 0 116 59 31 43 69 6 0 64 32 53 46 24 0 65 79 3 30 0 4 22 34 0 56 9 91 7 67 50 18 51 21 61 36 28 7 93 57 53 108 19 9 85 51 56 97 28 6 113 0 14 9 54 0 74 0 82 28 0 55 58 6 21 0 12 101 80 92 0 41 9 0 6 42 2 57 26 35 77 21 44 18 14 16 10 44 0 113 99 36 14 27 85 37 0 13 36 6 50 20 37 36 0 91 0 16 16 12 7 49 0 62 43 104 25 15 0 21 31 54 95 0 48 78 8 0 20 14 6 4 8 90 7 0 45 39 9 73 14 4 48 48 31 4 84 0 45 0 22 0 18 66 26 39 58 28 38 17 14 59 22 10 76 116 2 56 30 19 8 51 5 103 48 74 14 0 28 67 38 25 87 30 91 87 54 0 39 0 81 35 25 30 45 11
17 166 28 36 40 18 40 70 0 41 23 6 183 14 73 53 74 72 69 65 3 78 90 81 50 0 14 86 44 29 14 72 55 0 133 117 37 89 86 54 111 57 40 46 54 111 82 108 8 56 57 27 51 79 126 47 82 63 81 10 89 138 213 57 67 78 24 29 81 97 25 85 30 133 25 93 62 81 36 27 140 44 0 71 129 106 138 76 72 101 16 87 14 126 34 4 54 40 75 0 90 78 81 72 42 54 22 77 52 54 41 49 54 75 75 51 118 68 6 71 119 76 38 8 36 36 74 0 4 60 62 106 24 37 184 51 102 52 60 106 36 193 123 74 47 10 32 77 8 102 44 7 47 32 59 0 4 10 0 48 50 5 60 54 106 24 2 79 63 88 29 12 78 32 14 0 82 66 28 0 24 78 55 107 128 28 22 99 21 98 70 94 54 62 11 62 49 114 54 36 68 2 20 16 6 0 65 22 52 4 68 125 0 9 49 16 138 57 39 72 55 72 1 29 10 51 98 92 12 30 96 104 159 29 38 128 133 62 0 92 57 274 54 123 107 49 149 19 98 121 5 0 62 32 25 63
66 27 78 36 83 76 76 15 90 95 30 30 36 36 71 78 13 41 6 21 3 97 28 68 85 0 35 54 149 26 55 64 72 57 24 109 0 24 24 15 80 42 60 36 57 143 164 0 190 100 73 239 16 0 153 11 0 0 86 4 4 85 3 132 0 51 58 48 0 50 157 54 16 34 102 36 16 54 74 79 5 48 52 98 16 33 0 44 0 21 45 78 0 167 24 56 54 80 199 61 38 122 30 15 80 56 63 58 39 81 0 108 32 45 81 98 85 127 72 38 81 9 7 68 44 5 18 73 82 134 85 27 135 110 18 53 57 56 117 55 149 273 36 125 58 78 103 136 75 119 105 60 45 104 16 8 102 93 72 81 59 100 0 168 42 80 6 48 169 115 31 0 0 43 36 0 171 40 3 18 77 133 5 62 83 62 24 27 100 74 111 12 72 125 60 18 139 32 0 61 0 156 73 53 29 79 128 0 110 24 84 0 87 173 0 0 117 60 102 80 73 39 0 118 79 72 64 0 54 30 0 21 66 6 36 0 24 94 69 201 79 96 0 45 57 128 54 105 80 29 86 4 12 66 92 101
12 10 76 20 70 53 15 82 28 85 0 84 36 28 134 34 8 73 37 101 2 54 37 36 3 100 130 2 27 21 41 50 47 108 89 40 0 43 0 164 64 12 84 78 10 73 58 135 28 134 55 95 80 97 141 32 139 74 22 25 36 12 65 120 34 50 27 17 7 20 72 59 69 13 12 80 42 3 2 86 131 5 0 34 116 34 12 30 81 58 53 99 36 144 40 103 0 24 93 42 138 64 44 71 119 3 0 109 114 45 0 0 2 54 81 54 92 4 31 0 8 47 35 28 0 23 58 28 103 47 8 77 75 38 36 68 141 54 94 51 68 63 6 64 32 47 50 0 50 67 25 19 28 66 84 9 0 72 21 20 8 0 115 52 84 0 48 47 78 44 63 6 87 31 3 0 60 19 84 10 86 36 86 4 43 0 119 136 54 0 0 66 108 45 75 53 5 18 86 28 140 0 52 38 0 8 12 11 0 78 0 16 54 51 38 101 15 37 40 63 20 0 138 36 2 14 31 62 0 60 72 106 42 0 37 147 68 46 118 106 20 137 24 52 33 37 77 68 69 41 0 103 92 8 28 3
31 20 117 112 96 42 38 70 78 223 0 12 54 23 67 0 56 82 100 32 102 45 82 240 114 16 0 50 20 8 0 11 110 78 14 68 51 147 0 48 72 46 0 13 102 80 366 110 47 48 45 92 16 6 56 0 87 24 12 71 54 39 14 54 40 4 18 84 102 6 118 60 104 40 32 46 4 72 54 40 5 16 77 62 12 32 0 6 23 91 90 5 124 0 94 0 34 38 0 104 48 52 8 40 15 24 36 56 7 13 65 40 50 64 69 0 75 56 89 88 72 204 23 36 24 79 2 0 0 131 8 29 106 58 24 0 78 2 61 62 126 127 187 99 160 65 57 185 122 0 79 84 146 60 120 87 66 36 103 48 35 102 46 86 108 0 24 96 18 86 66 0 30 64 32 132 148 0 88 39 8 19 160 8 96 123 40 15 43 87 14 56 0 41 161 0 43 102 8 90 112 58 39 99 49 70 0 96 0 4 35 26 5 126 54 105 6 60 48 36 38 72 8 8 190 111 35 48 64 48 78 23 30 44 36 51 98 10 60 72 72 69 48 16 96 100 42 1 30 140 60 0 56 72 16 56
46 53 58 9 4 7 27 17 187 60 32 79 132 57 5 28 7 76 42 116 26 0 0 0 0 58 8 5 0 124 95 51 3 81 0 18 12 28 0 108 3 25 16 12 83 72 16 48 67 68 0 43 27 105 15 9 48 85 0 4 49 0 0 0 21 59 68 96 0 0 15 9 64 87 8 0 22 28 18 62 0 56 60 26 6 0 12 87 32 10 28 168 90 27 7 40 4 34 59 34 85 27 42 8 0 7 32 12 16 62 84 10 58 23 56 82 70 3 44 6 31 41 0 9 0 63 2 44 16 141 0 21 35 56 0 1 0 0 93 0 153 85 66 68 20 42 35 61 69 0 111 40 20 7 76 29 15 54 0 32 36 74 86 0 48 8 44 52 74 56 142 12 112 45 111 78 24 32 6 12 0 54 24 4 29 9 31 72 32 43 16 0 0 96 59 4 92 9 4 13 22 62 0 104 40 16 18 34 36 111 0 81 0 27 59 0 22 54 5 27 12 0 63 134 58 131 0 0 4 45 6 16 4 6 20 4 5 8 17 36 145 96 0 17 29 14 28 1 76 13 16 109 51 25 69 0
66 119 91 54 166 55 177 31 81 154 122 1 88 80 142 183 108 42 69 92 67 107 222 210 225 210 27 147 106 23 1 122 65 84 77 58 21 81 37 40 60 88 85 0 190 21 148 191 119 26 113 84 95 63 140 129 87 109 225 102 81 59 136 215 234 96 52 92 114 36 110 153 139 86 65 78 59 47 58 119 16 48 15 35 121 58 120 118 39 28 36 58 48 179 42 140 67 15 217 72 90 54 56 171 0 162 119 191 39 44 215 110 143 166 90 193 54 73 9 51 128 101 33 67 96 101 59 87 0 109 27 82 40 39 153 157 73 56 117 127 187 177 71 12 130 111 88 208 29 121 73 53 60 61 193 20 32 96 78 104 0 166 33 66 61 109 28 209 126 99 53 81 12 68 200 44 213 80 40 38 24 130 43 32 96 14 40 0 10 113 70 28 200 139 78 8 201 90 32 90 89 100 73 44 32 162 132 6 109 42 91 165 97 0 28 32 93 99 32 57 25 201 69 23 138 8 16 98 72 29 139 121 64 154 119 33 169 109 46 118 267 133 12 119 0 47 48 239 136 119 84 20 92 31 113 29
61 122 0 12 101 40 74 34 125 162 71 86 60 158 45 38 9 68 22 83 65 98 168 121 79 31 0 74 66 72 17 27 7 0 36 133 22 17 14 66 80 189 0 65 85 166 213 141 63 63 86 57 140 48 69 56 89 12 40 65 73 79 113 40 15 133 89 131 40 47 0 72 3 57 112 52 74 0 28 63 3 42 0 11 141 69 51 73 27 44 154 68 95 75 60 73 32 81 91 80 22 40 72 53 70 0 80 120 0 72 63 60 56 71 32 57 42 44 137 32 109 99 0 22 22 50 2 18 148 64 40 40 41 18 157 81 153 189 12 32 24 159 88 26 88 50 25 216 31 32 120 1 8 37 89 93 30 153 34 101 39 43 51 35 64 39 30 196 36 73 78 160 6 30 0 83 157 50 54 117 49 119 0 18 121 5 15 0 35 180 83 30 30 54 91 21 20 56 3 93 185 81 171 22 2 12 2 26 54 8 0 145 66 41 36 8 71 5 63 84 7 72 112 0 143 50 12 35 91 35 20 45 14 22 71 29 132 27 11 70 132 44 24 169 93 138 52 113 82 176 94 0 13 101 9 37
62 146 66 0 0 44 40 39 92 10 86 161 48 2 39 32 40 0 60 35 44 26 81 0 12 167 15 48 18 55 39 23 41 50 60 92 56 203 0 133 66 105 44 70 37 15 124 8 84 54 51 67 10 114 221 8 186 0 167 10 16 94 0 13 126 95 0 166 64 181 53 98 112 64 51 142 54 107 0 62 48 111 0 0 0 94 101 166 135 90 54 88 42 46 25 30 123 19 157 84 28 174 48 51 133 111 106 0 54 109 63 24 168 86 57 69 177 34 146 107 79 189 20 35 38 27 109 200 30 84 76 70 118 42 57 125 56 69 0 30 58 14 58 86 7 56 34 10 107 6 93 89 10 83 47 18 59 16 32 42 22 187 28 0 62 48 85 129 42 33 74 114 43 8 0 54 41 128 84 40 32 84 84 46 124 36 24 184 64 45 65 63 0 181 95 4 95 56 48 0 32 137 82 130 120 8 84 44 93 8 58 138 16 109 78 0 36 32 30 25 24 18 133 16 152 69 119 77 40 72 154 39 64 0 143 48 97 74 74 79 96 140 58 28 0 2 72 143 136 45 0 140 9 18 2 54
14 148 0 54 67 71 259 130 63 109 24 32 0 36 140 44 107 0 3 0 24 21 25 125 136 96 0 63 24 24 69 114 21 12 185 119 0 63 0 54 0 169 8 7 9 47 75 25 0 0 0 6 54 48 60 108 42 107 21 54 90 48 27 75 0 30 6 76 21 6 31 54 30 16 2 24 12 18 78 64 24 79 0 0 54 99 0 63 43 55 27 23 24 70 62 73 25 41 70 147 54 0 72 40 55 9 21 28 81 103 51 119 0 172 116 0 0 35 54 63 36 56 74 104 0 96 87 36 10 78 24 30 0 153 48 54 7 51 133 131 56 51 53 16 100 14 15 37 36 93 54 0 41 0 73 37 0 18 24 40 30 14 127 3 9 6 92 81 30 28 0 14 0 0 0 120 32 16 33 117 5 46 52 0 181 7 9 44 59 67 55 93 0 62 52 72 91 36 33 70 114 0 42 40 0 140 14 0 0 22 18 49 39 80 12 15 45 0 0 61 69 45 59 28 73 83 0 24 82 0 80 195 92 54 0 36 77 42 34 0 27 46 0 18 107 64 29 10 81 78 18 90 23 48 12 42
0 102 14 74 32 95 19 30 84 97 3 25 91 0 29 40 70 34 77 0 42 0 0 70 45 118 7 75 72 0 0 16 14 12 27 0 25 42 0 56 49 46 68 98 113 72 47 56 71 55 90 14 0 80 5 49 6 43 9 16 6 67 67 39 102 110 94 57 0 72 24 18 68 25 23 12 0 105 24 45 45 136 54 84 0 5 9 40 63 30 59 59 159 80 87 45 0 0 54 20 0 41 0 64 0 20 0 0 36 0 0 13 88 0 63 137 6 7 27 30 56 64 0 72 111 33 65 62 36 0 50 78 0 21 86 0 63 0 35 84 0 54 48 35 81 92 0 30 50 42 56 36 25 15 76 0 62 0 0 0 86 0 12 0 8 0 30 64 61 54 113 0 18 68 43 20 14 6 42 0 64 47 56 23 48 0 32 8 35 91 0 48 52 24 130 0 36 64 7 7 63 0 0 78 41 0 1 0 32 0 16 0 0 40 116 19 37 35 44 98 0 68 63 130 88 157 0 101 0 72 84 0 16 100 76 24 32 16 81 44 18 54 56 54 22 0 0 112 0 21 156 47 28 63 125 28
24 167 59 6 16 105 160 67 32 35 39 142 8 0 0 39 70 21 63 75 93 42 49 5 27 108 92 18 20 128 46 48 62 15 103 15 84 106 0 160 5 139 18 36 36 22 110 13 60 65 18 104 14 82 63 66 0 15 72 129 8 15 18 28 113 73 70 27 62 0 63 83 116 58 64 100 27 94 89 21 0 45 21 36 97 38 36 107 48 42 60 15 38 56 0 116 42 0 195 77 65 61 48 61 0 3 28 42 33 27 110 42 26 63 68 35 48 92 45 20 9 35 100 109 111 32 62 146 20 0 54 130 93 143 0 72 39 11 106 45 110 69 0 69 19 51 63 39 54 0 78 64 0 24 18 86 25 0 0 24 94 58 127 114 7 47 0 47 5 0 40 85 21 77 40 0 69 60 35 0 44 80 173 26 83 30 74 72 45 30 0 98 63 61 51 41 152 0 15 63 46 10 16 102 48 104 105 6 19 16 21 33 64 136 33 0 63 25 8 30 58 60 23 77 116 26 68 0 0 91 40 113 6 39 98 105 8 40 61 66 56 68 42 0 0 109 15 97 32 6 30 18 57 81 0 30
33 18 42 4 0 0 54 5 0 61 72 79 101 46 48 15 0 25 36 63 75 54 64 109 40 0 42 36 0 68 27 4 36 89 42 32 70 72 17 120 48 20 40 32 95 40 0 4 43 12 161 64 0 42 200 80 24 72 28 40 184 28 0 82 86 12 37 46 12 0 38 70 72 0 90 39 12 0 0 28 3 3 5 19 6 33 0 45 0 41 48 0 8 58 0 64 48 11 24 149 63 45 0 53 0 36 76 0 0 43 28 153 105 78 94 20 110 48 80 51 30 64 46 42 162 133 28 42 15 37 56 63 55 9 60 32 45 60 9 32 36 27 78 36 38 72 107 33 43 38 61 49 0 0 18 24 15 52 12 59 35 7 0 93 35 82 90 0 91 48 4 174 66 0 10 70 42 0 0 15 6 56 0 12 16 24 60 28 36 0 126 20 108 154 45 32 100 56 108 40 4 81 56 62 0 75 76 0 27 0 81 7 0 20 12 0 122 3 109 0 18 8 36 56 5 24 52 0 45 128 4 150 20 32 36 31 26 3 64 90 28 36 0 107 0 40 7 126 32 0 97 68 87 69 64 0
27 42 84 30 13 100 0 44 85 97 71 8 72 50 72 52 9 9 97 5 70 59 31 45 66 27 9 36 70 18 36 52 28 39 0 145 13 57 75 52 56 81 46 51 63 73 9 0 107 16 21 142 36 108 94 100 6 47 62 5 71 30 18 45 58 0 24 40 24 31 20 143 38 20 20 0 0 52 0 93 27 18 25 14 61 73 37 3 88 11 16 3 28 40 38 56 48 27 53 107 94 69 45 131 40 44 22 45 53 18 9 56 63 74 0 144 38 82 43 24 0 36 18 90 46 69 56 5 67 14 126 83 6 36 0 136 48 77 54 48 87 43 15 42 0 24 24 109 70 8 96 154 10 50 44 10 9 105 27 66 65 167 48 37 54 121 100 2 45 6 24 28 16 3 72 14 96 66 7 36 44 123 9 60 107 51 4 43 64 27 28 56 61 14 121 60 44 163 3 63 38 38 20 92 40 33 2 0 1 43 14 44 6 73 16 23 82 36 101 8 8 25 0 29 9 50 42 6 26 38 92 59 2 6 60 48 101 55 88 90 36 44 112 116 42 44 9 101 44 4 0 43 82 97 60 67
8 33 72 69 17 105 29 132 79 22 36 61 22 46 84 54 17 16 168 33 105 60 18 139 32 44 169 61 54 51 53 44 95 57 74 87 57 167 32 39 0 10 7 0 27 30 116 32 53 82 9 69 43 1 126 84 88 53 0 4 60 102 2 103 74 64 53 119 12 59 81 97 193 47 97 80 75 43 7 46 15 20 90 0 0 51 12 90 14 42 135 96 94 37 45 29 55 8 120 52 4 117 57 85 48 19 36 108 36 75 91 49 77 5 33 20 31 20 172 59 62 32 12 63 30 112 28 88 8 58 0 57 62 134 15 28 36 25 82 30 49 32 27 69 23 16 33 47 45 46 0 24 5 4 72 69 63 21 57 0 114 39 36 75 1 69 57 42 85 8 95 24 59 18 12 69 53 57 59 123 103 28 35 67 96 70 27 68 41 9 23 54 81 55 118 113 90 31 18 93 26 18 2 81 46 102 75 33 39 4 13 104 3 25 48 83 72 0 48 113 0 79 136 23 106 226 46 21 24 32 17 41 61 59 63 69 125 67 75 0 42 78 55 24 59 38 47 54 111 87 25 0 32 89 30 77
81 89 24 214 12 46 93 165 113 75 115 45 61 83 39 112 55 36 29 85 91 0 85 210 114 38 35 120 15 36 8 99 67 71 46 207 0 239 55 55 91 113 30 56 41 46 184 20 82 41 113 222 11 116 142 66 36 35 39 63 0 15 40 54 149 60 105 105 89 24 79 200 130 115 31 65 19 2 0 42 47 29 139 81 0 105 35 141 58 0 75 0 0 84 78 50 46 62 80 43 117 48 12 27 42 85 0 48 56 0 161 89 5 18 64 56 198 48 50 115 100 125 6 49 21 77 36 111 37 60 102 36 25 24 41 48 3 46 42 49 15 18 74 84 79 56 72 117 193 0 56 34 84 176 75 5 98 23 112 91 57 91 23 89 30 22 54 27 57 75 45 82 3 25 16 7 62 91 168 78 54 40 37 32 147 15 22 18 39 45 42 63 56 88 207 0 8 48 9 8 1 0 182 106 5 61 12 48 20 3 101 89 87 110 41 36 1 27 75 85 48 134 21 57 59 123 57 40 0 15 161 93 45 72 177 107 96 126 19 120 24 63 24 97 49 75 9 55 44 121 99 27 44 97 40 8
0 45 50 155 72 20 97 96 0 52 17 40 18 4 227 90 9 28 150 0 138 96 72 125 135 72 0 0 87 54 0 8 100 66 99 198 50 105 0 28 42 14 18 100 98 63 127 100 0 112 30 189 84 123 133 44 49 24 145 36 44 69 49 36 91 64 50 125 0 49 121 156 58 0 135 20 71 36 24 14 47 32 34 87 2 149 42 75 30 105 35 18 78 24 0 49 8 25 54 48 139 63 65 48 72 18 0 4 113 43 24 73 56 63 36 24 96 0 93 38 14 83 26 104 28 126 19 118 105 0 36 66 36 63 84 203 117 89 52 120 153 109 56 124 0 55 114 6 84 129 14 99 56 69 47 20 112 72 85 0 56 72 51 67 16 81 79 7 81 26 8 36 0 43 41 0 0 46 90 0 54 99 0 87 60 32 22 5 80 4 106 42 48 40 123 0 75 41 58 20 115 88 113 73 7 79 111 0 40 51 67 4 124 0 35 34 24 40 52 7 18 80 173 32 135 32 120 70 2 32 117 63 66 24 49 102 69 40 7 135 76 181 75 88 28 10 108 0 82 56 0 130 30 68 14 69
9 255 72 41 0 122 74 77 169 83 174 112 16 50 89 48 79 40 40 30 77 8 20 88 40 140 63 41 12 120 6 129 59 36 126 58 0 123 4 153 118 173 76 37 48 0 53 21 83 178 62 61 17 98 136 63 155 61 184 0 34 8 28 86 184 4 16 50 146 40 83 115 27 97 22 79 73 153 64 144 42 132 54 18 44 193 42 125 136 26 101 0 64 120 134 72 42 0 132 42 27 56 80 88 56 54 68 54 163 71 31 62 63 41 147 26 142 67 44 6 52 169 120 28 117 123 91 58 12 56 0 113 81 45 32 25 181 12 116 49 124 34 41 44 67 89 93 45 159 84 31 54 36 95 101 64 20 37 0 119 16 68 188 49 115 78 78 107 4 68 66 111 66 17 64 8 39 18 47 12 18 74 136 45 92 106 48 73 38 32 11 118 162 82 90 56 52 109 17 45 56 28 43 45 0 57 33 0 48 4 48 18 46 86 82 16 40 36 20 37 8 97 60 75 104 79 12 63 32 93 118 159 12 172 120 213 25 35 72 147 12 32 41 82 20 110 10 160 32 0 176 61 93 60 15 49
0 94 57 65 63 56 81 135 70 105 109 54 58 72 68 0 63 114 46 70 42 132 123 148 4 45 56 8 45 0 35 119 103 120 0 0 62 53 60 42 49 176 84 18 0 30 60 65 0 251 71 32 16 192 50 51 24 18 0 10 34 152 154 137 25 90 64 0 70 67 100 92 80 9 64 51 0 81 22 91 25 0 29 9 0 16 48 6 31 133 38 115 106 135 30 18 0 0 84 54 170 66 9 58 88 1 20 0 159 162 40 78 42 81 51 32 36 49 6 3 72 116 4 16 146 67 6 24 63 30 0 134 102 88 48 3 59 72 64 27 30 118 26 45 21 22 6 0 128 52 46 16 2 56 32 39 0 56 27 0 132 0 69 63 26 6 8 9 71 62 64 0 217 64 108 0 54 15 24 33 48 0 162 45 0 12 62 44 15 88 27 112 72 48 0 142 48 80 25 113 43 5 135 140 0 37 0 7 92 14 36 0 72 72 48 9 208 0 27 48 98 68 0 27 117 75 0 67 119 18 9 54 67 93 55 185 48 72 36 63 22 42 75 56 30 182 81 100 0 0 43 48 105 45 27 99
0 144 97 0 0 0 24 73 45 54 15 0 14 51 0 54 0 20 67 42 12 67 63 48 0 42 15 20 50 92 44 36 48 54 76 63 162 6 0 86 48 24 90 69 54 132 172 0 26 167 56 54 73 0 102 50 69 40 97 49 45 93 174 0 5 93 68 72 0 93 36 78 121 27 57 81 4 123 64 0 177 45 39 60 72 0 84 51 66 0 12 33 20 57 21 14 18 38 0 0 4 30 9 191 0 19 14 24 66 17 0 0 63 26 14 12 20 0 0 0 66 91 68 24 0 0 63 56 0 88 18 18 69 0 101 0 36 8 60 65 0 164 60 133 78 153 22 174 72 76 63 54 30 83 3 4 82 85 48 32 152 0 78 24 0 32 81 48 34 64 136 18 0 56 36 75 1 121 59 21 33 45 0 42 9 21 25 48 64 115 81 36 0 45 36 6 56 72 0 29 63 63 87 55 11 9 84 30 8 144 9 63 156 0 102 0 24 0 8 16 0 185 81 10 36 33 113 106 36 30 12 24 74 52 15 69 219 54 119 46 54 165 58 142 9 63 0 21 104 73 0 54 70 12 38 69
0 29 120 42 56 0 47 143 103 137 28 104 158 14 63 41 6 185 105 112 94 96 94 0 0 81 49 57 68 149 4 58 4 98 54 126 0 115 134 65 172 97 14 54 279 56 184 99 0 60 137 84 12 64 16 101 45 153 137 42 83 62 24 177 108 138 98 93 84 12 65 35 0 7 112 53 0 0 35 91 27 14 21 0 7 94 0 41 18 70 87 122 95 45 0 157 51 56 35 32 112 0 49 107 35 139 86 14 108 100 62 77 49 199 80 0 25 27 14 39 65 111 38 28 124 110 57 36 81 123 1 0 12 0 0 106 47 88 112 226 46 108 52 19 0 80 0 106 160 12 56 72 115 50 124 59 67 78 32 67 0 143 24 5 117 126 10 48 45 89 98 35 27 18 21 190 118 111 5 0 48 136 78 0 47 0 53 0 83 0 70 171 79 47 28 0 101 38 81 76 115 89 14 0 32 107 0 7 114 15 9 53 0 58 56 0 81 12 70 21 134 5 91 9 100 56 80 67 0 34 69 80 156 56 57 94 132 9 0 100 64 45 36 26 3 134 58 146 55 74 40 144 97 160 89 76
19 10 147 66 7 37 60 14 72 104 30 31 96 0 99 76 10 99 82 34 24 76 109 0 90 96 32 32 93 1 4 64 56 82 37 59 4 15 0 16 0 21 72 36 30 56 0 70 81 64 36 107 18 111 16 57 52 96 0 64 0 50 8 97 158 67 56 0 85 32 8 72 95 2 24 24 62 89 17 93 104 24 14 60 120 37 6 76 18 99 80 55 220 6 65 18 7 96 36 60 114 0 110 139 72 71 0 55 45 40 32 24 12 110 60 79 6 3 16 24 91 20 42 36 84 71 3 8 16 233 22 133 57 32 98 85 70 114 157 147 32 34 75 73 0 62 5 94 48 42 0 26 60 1 48 40 18 64 12 89 0 126 14 76 94 4 14 68 102 104 143 45 67 26 72 54 25 100 44 49 24 72 38 24 26 28 28 0 6 0 40 32 92 12 12 26 87 64 7 40 12 72 58 25 56 64 55 0 125 0 0 24 14 0 109 24 67 30 32 0 24 0 54 29 0 63 0 99 27 159 61 0 8 148 45 22 79 20 42 64 35 67 169 48 16 48 12 64 100 0 25 52 60 0 114 88
39 114 24 45 27 90 108 76 56 56 106 86 21 12 61 0 52 81 75 39 81 37 26 62 0 168 57 0 90 54 39 25 58 68 42 18 28 66 24 84 90 0 0 31 52 160 46 45 56 109 123 0 0 3 124 275 54 134 4 20 74 76 19 79 142 0 7 166 68 25 145 88 21 71 54 12 0 0 85 71 10 72 38 45 0 141 71 93 12 30 104 0 24 0 74 52 67 0 80 6 8 76 97 85 45 56 120 54 6 50 135 81 115 67 0 139 16 126 4 100 35 71 85 0 30 90 53 40 8 105 32 60 90 0 78 38 12 0 60 48 14 24 32 38 25 55 54 6 82 63 4 75 32 45 79 118 0 60 48 48 85 30 112 55 46 75 110 67 156 104 6 110 59 107 48 286 132 9 0 54 32 56 45 87 29 50 83 7 128 46 15 114 91 156 86 64 84 12 110 38 0 84 75 30 12 30 82 52 52 94 84 92 0 65 52 9 81 0 25 45 38 121 16 9 67 121 24 166 100 70 133 68 0 0 107 10 124 38 126 55 57 63 36 0 92 12 46 107 8 36 45 60 25 0 39 10
114 96 10 90 46 78 24 39 104 67 153 59 56 28 105 64 84 46 63 51 75 32 68 98 18 65 38 64 15 27 18 185 6 9 49 0 50 63 18 162 34 126 38 24 97 186 22 12 106 76 67 198 0 81 42 168 125 136 40 0 94 41 116 80 107 164 0 21 101 64 62 20 119 170 36 44 63 130 84 59 112 63 102 163 102 36 0 92 0 5 44 18 40 26 63 74 14 117 84 89 0 67 117 65 0 12 28 148 165 82 53 62 28 0 184 93 52 4 19 17 12 22 130 49 52 138 42 116 0 90 58 79 87 94 44 41 93 77 10 19 77 98 48 25 133 62 66 30 100 100 36 120 24 54 110 13 48 9 106 138 102 28 186 3 100 137 63 59 168 16 35 0 45 25 146 14 150 29 48 8 0 91 138 46 66 54 30 137 119 56 12 0 63 120 86 32 29 0 5 65 121 47 0 37 29 1 134 8 133 33 20 60 18 13 91 35 93 8 91 89 45 81 77 9 47 67 72 18 48 81 170 109 83 116 145 113 112 36 93 70 77 216 39 160 57 75 39 53 0 46 42 65 63 11 62 41
96 158 118 58 16 84 44 87 80 53 72 35 101 0 10 92 88 0 54 28 0 121 39 18 124 0 28 102 45 75 38 56 66 63 58 57 0 68 25 82 40 145 12 78 58 44 59 63 90 80 44 194 10 76 79 54 163 12 144 125 33 29 19 92 196 109 52 204 66 72 5 140 147 35 98 24 33 99 41 5 13 54 7 64 41 5 62 133 10 86 149 0 62 56 98 0 42 54 174 170 47 53 33 64 58 83 138 9 34 21 104 70 35 0 56 69 160 21 72 75 72 77 3 62 28 0 35 80 82 73 90 56 0 3 99 60 0 76 165 9 16 27 90 64 42 149 45 186 30 35 156 168 20 50 40 61 158 0 48 60 126 149 52 63 19 144 14 56 39 122 47 0 28 54 12 56 123 82 72 9 84 81 59 0 70 42 48 149 87 144 86 21 63 83 106 10 143 50 47 36 34 145 16 107 58 76 8 0 81 27 23 6 185 123 28 6 109 148 111 36 36 69 139 15 140 38 26 0 0 31 47 126 5 57 91 30 54 49 24 136 32 123 63 129 4 89 15 40 52 81 123 36 7 73 86 70
72 187 30 206 50 60 140 210 92 80 54 35 108 35 99 32 98 50 55 203 133 103 32 202 173 45 155 224 27 119 0 71 56 60 12 74 27 99 60 177 31 40 82 6 101 31 206 30 32 72 63 55 84 32 215 145 69 54 40 134 154 49 185 90 175 38 8 30 12 30 30 127 246 32 90 63 32 36 69 30 26 50 16 51 143 52 136 151 0 24 101 11 54 54 35 79 24 16 16 167 54 4 81 124 15 25 56 86 54 93 33 46 50 190 89 117 142 42 40 42 101 108 60 6 135 76 63 43 36 78 29 98 30 43 72 89 72 65 209 108 8 114 98 146 99 150 108 100 57 16 122 140 57 40 44 12 172 118 116 25 81 117 113 74 31 123 84 115 64 58 0 68 28 15 126 165 102 47 173 108 126 42 111 18 54 63 87 116 66 20 24 68 51 133 133 0 88 136 62 56 31 73 42 0 36 104 81 24 65 108 28 95 186 30 68 63 72 92 110 30 71 63 94 3 25 41 93 0 42 42 115 123 4 29 0 84 131 46 24 42 20 172 16 52 105 22 14 80 102 106 80 15 102 70 16 78
14 219 29 124 66 116 73 97 4 115 0 75 58 48 98 172 0 40 8 39 93 29 156 150 182 77 117 107 69 0 46 82 137 0 9 144 10 151 9 100 22 11 93 12 81 0 87 74 67 0 49 32 50 0 97 16 6 36 161 0 10 107 15 141 146 108 178 44 75 65 25 65 137 59 7 111 64 41 59 34 47 60 18 0 144 5 90 134 8 78 114 107 0 88 84 31 51 10 74 61 0 98 24 24 36 14 30 41 91 36 68 59 10 182 164 62 6 76 73 104 8 107 48 94 24 141 28 86 135 49 163 78 132 21 173 168 107 30 93 110 191 10 6 99 83 77 13 69 42 0 86 37 140 131 54 66 78 139 85 41 128 69 65 96 92 95 71 143 27 0 18 54 3 8 138 202 129 69 138 60 156 153 50 119 108 88 82 128 103 6 30 16 7 24 154 98 116 65 11 160 50 64 96 34 33 149 114 0 109 0 30 66 26 42 55 40 133 4 91 56 22 27 36 85 39 37 66 49 0 4 21 119 110 109 89 124 189 16 56 63 70 140 0 39 97 100 72 54 69 159 46 0 88 127 91 126
105 56 0 49 107 16 0 167 134 144 11 6 119 82 72 120 61 124 38 122 60 42 30 122 63 8 0 52 14 18 24 108 241 132 42 177 19 121 0 0 86 161 15 35 81 147 171 72 40 63 91 66 2 55 102 79 164 33 88 62 59 32 117 51 137 66 48 159 77 131 104 58 45 105 36 26 99 114 0 157 0 116 14 62 0 10 36 155 30 63 93 58 77 0 186 102 40 9 82 91 94 119 6 72 54 8 84 124 69 55 104 24 0 30 66 80 186 0 66 9 114 98 24 56 48 188 126 179 90 81 45 93 16 36 0 21 12 120 42 0 90 68 52 78 28 190 135 41 60 59 40 103 40 12 140 108 21 13 63 55 74 51 212 12 48 110 91 12 17 60 90 8 120 110 42 36 0 54 18 48 96 108 96 0 38 96 0 122 0 181 103 77 135 98 108 32 74 170 0 70 24 63 71 120 38 40 52 14 101 21 8 6 69 113 0 42 99 71 150 0 82 35 108 14 123 136 42 0 13 74 113 57 21 173 40 104 92 32 0 30 54 35 158 172 52 184 185 48 88 148 0 83 57 0 134 63
0 29 90 3 110 16 72 5 62 45 0 78 0 16 0 72 63 0 64 15 12 0 75 70 6 42 0 23 0 27 0 16 42 37 0 0 15 7 18 0 40 18 10 0 15 70 30 35 13 24 0 16 0 71 0 68 16 48 27 44 36 14 0 141 36 85 42 83 16 129 84 3 36 24 54 39 0 20 80 12 36 0 21 41 6 0 48 123 63 36 4 63 32 9 52 102 48 23 48 0 24 73 0 12 57 0 0 105 0 39 109 24 0 136 52 29 36 0 0 71 20 120 16 52 16 0 26 110 60 36 0 49 45 78 81 57 48 0 0 97 21 36 12 34 44 54 90 50 3 16 0 38 32 0 72 62 30 0 79 0 24 4 2 36 123 99 0 32 21 36 29 15 26 36 16 94 78 36 30 0 12 94 76 0 10 16 37 0 81 0 42 24 28 72 9 0 16 20 60 48 48 0 0 143 25 48 16 0 4 6 0 0 22 20 33 0 66 16 20 45 0 40 10 7 66 0 45 4 0 0 66 11 121 33 22 28 0 2 70 35 62 28 28 8 18 54 9 36 0 30 6 30 49 0 47 72
15 66 50 120 42 91 146 96 59 26 57 137 69 88 45 128 64 49 36 22 118 58 16 80 29 99 40 44 18 33 32 94 113 103 105 82 16 136 18 71 135 41 86 34 92 86 145 40 68 131 166 24 0 18 138 137 86 80 108 26 62 110 86 94 175 32 50 101 59 35 86 30 112 12 75 70 89 2 30 117 9 123 34 4 101 71 88 97 3 2 48 88 12 96 126 64 14 15 61 0 122 120 51 111 27 54 72 59 60 70 115 54 91 11 30 10 106 61 9 39 6 44 26 12 101 112 54 20 100 62 23 18 96 50 3 7 151 81 20 19 106 134 62 76 43 39 86 111 55 181 30 34 119 184 235 72 64 91 96 27 20 68 32 74 42 18 19 139 32 84 30 17 68 100 56 22 36 33 63 111 79 135 28 42 34 9 32 83 49 10 75 40 206 90 109 0 184 19 89 25 32 7 92 65 56 96 0 6 70 42 0 154 102 19 128 24 95 0 45 76 36 8 0 65 33 57 66 54 40 18 114 135 108 74 108 101 105 106 199 65 149 126 44 64 0 23 39 92 72 119 102 29 52 106 96 58
35 120 152 0 12 78 144 75 106 61 96 4 36 78 56 24 0 60 8 28 42 40 0 64 128 41 14 4 16 84 84 136 118 0 32 52 36 15 96 114 85 0 24 0 42 106 0 32 12 32 12 42 4 0 0 0 72 8 20 32 32 0 4 60 106 96 74 90 12 9 60 33 36 38 16 20 57 134 24 0 26 48 81 18 42 24 15 126 15 42 56 6 44 94 0 0 75 56 92 8 40 48 27 36 24 84 166 12 128 80 16 43 0 16 117 56 36 64 4 52 40 144 52 8 28 0 0 56 0 150 28 64 57 64 59 46 12 74 57 32 38 12 32 32 20 0 69 64 67 0 112 28 40 48 4 43 16 54 0 14 24 12 46 24 119 14 6 83 0 30 28 51 18 54 104 63 28 42 12 33 54 139 122 44 0 88 48 67 9 56 105 12 34 42 143 24 88 44 28 32 137 63 0 4 4 34 34 0 48 19 70 4 30 8 43 132 108 8 28 153 100 68 0 72 28 58 32 63 16 35 0 58 69 116 93 91 20 0 24 103 0 137 96 27 36 73 60 50 0 92 68 108 20 169 45 111
63 88 39 0 32 123 24 56 84 85 66 102 5 48 30 67 8 0 23 39 53 32 93 6 59 100 49 34 99 72 0 0 38 0 60 0 73 106 4 86 20 28 28 142 8 117 46 15 54 172 48 111 0 26 140 29 63 0 0 20 97 3 179 116 8 0 32 32 90 40 66 59 42 33 60 0 12 25 74 58 10 17 43 39 12 0 66 12 71 51 0 0 0 56 81 133 0 5 24 14 112 19 83 87 24 7 56 3 102 105 4 54 32 27 153 0 84 0 4 1 52 0 93 54 9 16 109 0 88 12 40 15 68 51 104 0 0 65 8 27 42 95 25 2 65 32 90 64 103 109 80 0 0 1 58 82 64 48 123 81 8 0 129 7 117 27 20 8 27 44 22 72 3 24 92 0 99 14 62 150 17 33 0 0 0 9 99 88 8 0 54 0 9 41 56 90 0 31 8 2 73 49 108 21 0 38 81 0 89 72 0 29 117 90 114 0 68 10 15 83 0 14 69 0 83 35 114 110 32 24 66 0 19 65 81 70 55 0 32 0 0 113 1 85 42 27 38 91 90 106 31 48 66 81 63 4
32 0 27 6 27 0 0 46 0 49 135 63 87 45 0 5 0 16 78 73 72 102 36 63 0 133 28 48 0 59 34 30 6 129 30 0 0 12 107 80 5 36 87 12 99 156 0 115 98 85 63 6 72 36 87 143 48 143 42 35 142 87 36 76 96 18 63 18 102 81 6 27 0 12 16 0 8 27 0 78 18 40 33 42 0 70 0 63 0 27 63 69 12 72 0 0 14 7 28 42 117 0 85 63 63 6 108 0 66 99 45 54 35 74 23 71 18 0 0 0 0 9 24 0 83 171 147 0 38 50 0 54 54 54 28 0 81 68 36 0 117 60 0 32 53 16 79 36 51 24 42 49 24 48 0 6 0 117 0 25 96 0 146 69 70 81 167 121 119 71 81 22 207 18 81 18 99 0 0 0 30 54 45 0 104 0 18 93 87 0 18 89 0 86 18 56 84 9 81 24 81 45 54 0 0 52 98 0 9 194 0 84 56 42 51 0 36 91 49 0 0 25 109 116 0 36 28 16 45 0 60 128 128 18 69 46 56 0 114 0 45 59 0 0 18 48 20 66 16 0 0 45 127 6 27 0
35 78 102 24 98 66 66 0 146 75 12 18 64 56 6 82 36 8 0 56 15 0 50 12 102 50 0 124 59 9 0 2 12 8 81 8 11 30 0 71 72 57 0 46 0 22 60 130 12 0 64 1 0 48 40 0 20 63 56 20 73 0 36 35 166 45 66 141 18 0 3 24 99 70 0 6 8 28 76 78 40 4 0 44 202 0 30 0 18 44 90 54 4 28 47 44 6 55 36 55 108 78 40 144 0 72 8 15 90 48 151 15 74 41 76 19 45 0 0 68 82 34 45 36 36 0 14 48 44 22 54 6 36 18 30 128 6 116 18 42 40 75 96 86 36 58 31 0 36 70 0 0 46 78 28 152 0 0 66 15 64 8 42 39 78 14 18 38 36 59 18 0 32 75 0 10 72 62 30 78 24 113 54 0 48 62 36 105 52 0 72 56 18 0 128 37 66 100 60 0 116 42 37 10 0 0 0 0 0 0 0 0 54 28 104 42 48 48 14 39 0 32 101 0 0 104 64 34 0 24 26 30 26 33 127 5 40 64 87 5 41 41 45 48 48 0 11 42 48 33 0 16 142 102 63 0
0 55 40 79 24 75 94 122 100 162 48 24 81 4 192 85 127 133 145 101 59 135 72 106 36 74 86 37 53 105 137 0 27 9 137 8 41 122 59 32 128 109 0 36 119 112 50 123 69 125 10 67 44 138 333 8 119 27 72 0 132 105 97 40 69 83 17 3 138 111 47 24 121 32 121 30 18 96 37 6 67 54 93 68 0 92 14 32 10 67 27 135 10 9 73 72 36 87 16 60 27 98 25 86 75 116 66 43 4 189 57 76 83 46 87 20 85 63 83 101 43 90 18 83 95 65 77 138 0 72 11 95 204 69 33 121 74 12 289 94 27 72 133 100 42 70 45 9 55 38 121 195 9 17 139 8 72 112 14 123 101 11 68 29 51 103 28 64 81 45 75 0 100 77 80 46 42 135 78 0 135 48 152 82 53 48 41 0 72 40 75 210 93 28 135 81 10 0 56 64 38 12 40 77 7 51 75 0 0 15 28 160 28 4 0 28 69 18 84 51 0 61 104 45 203 121 29 8 87 82 80 25 56 15 18 94 144 0 18 116 199 93 53 69 77 51 63 14 36 37 77 27 134 114 37 48
88 20 60 122 64 3 12 92 203 101 1 120 63 0 34 44 42 54 63 59 30 53 24 26 69 6 16 69 0 31 27 105 69 126 59 29 27 98 93 24 96 75 36 60 0 77 60 72 100 134 49 184 0 58 189 307 124 12 74 48 23 63 72 59 172 78 94 84 66 159 135 100 69 31 64 48 0 83 50 161 44 48 21 135 73 98 65 98 63 28 0 43 45 134 49 87 63 0 172 87 55 96 0 45 28 14 60 57 117 82 32 94 59 87 46 0 101 32 83 127 97 60 54 154 36 73 220 81 60 46 101 54 113 130 33 0 52 50 73 25 108 103 0 87 30 121 83 97 56 35 111 189 20 80 48 2 80 0 64 54 68 98 63 128 37 136 36 21 128 109 63 0 75 135 33 0 81 10 0 21 76 41 50 15 44 7 15 0 0 36 78 131 0 20 48 31 180 42 7 70 71 105 30 98 52 51 24 28 7 43 9 52 131 126 16 29 83 142 72 76 2 30 118 120 189 172 20 61 46 33 57 69 31 7 142 0 88 33 145 68 15 120 16 118 53 50 66 118 40 36 8 55 37 54 0 63
84 76 62 0 60 26 18 77 85 92 3 73 9 49 22 129 49 6 57 133 46 20 105 151 10 25 48 44 0 119 0 69 0 0 35 76 69 20 36 41 106 35 27 0 18 14 80 113 18 43 55 27 36 70 128 128 6 21 32 16 52 48 49 51 38 36 0 94 14 86 87 25 46 110 4 23 0 0 21 80 13 24 36 23 34 37 42 37 8 48 87 0 75 137 0 56 81 16 0 28 31 145 4 92 61 28 43 84 26 19 126 56 101 144 92 120 46 73 9 157 36 35 0 32 0 10 32 67 60 86 32 30 45 130 60 87 14 50 36 3 87 189 49 0 4 57 115 24 9 30 6 90 27 21 93 45 20 108 0 28 0 31 0 36 35 39 72 15 4 87 113 29 120 122 18 36 141 0 35 0 60 109 137 25 24 0 96 0 87 0 37 83 39 11 35 77 59 73 72 149 0 81 8 100 79 6 6 10 52 48 27 53 20 77 30 72 0 0 24 18 35 0 0 12 69 187 47 21 0 76 105 9 17 69 46 15 60 14 14 9 21 76 120 171 65 0 106 103 52 7 60 36 21 0 51 48
3 45 7 72 0 42 26 32 0 0 43 45 34 119 86 48 64 0 56 24 35 63 45 60 6 67 71 12 12 28 0 46 15 72 18 0 5 0 21 66 116 108 48 80 5 173 85 9 0 64 8 198 101 0 156 107 136 10 68 33 7 89 56 0 8 14 52 91 18 216 0 119 75 0 19 72 63 0 32 0 97 90 0 0 0 0 0 64 120 52 130 0 26 54 45 79 10 0 0 30 0 97 0 109 119 3 47 8 48 88 0 43 20 20 0 0 54 0 58 56 14 10 1 0 32 58 29 0 87 0 18 49 45 18 63 82 0 30 9 68 0 99 10 19 19 19 0 109 104 20 72 72 4 40 16 22 0 48 0 15 48 0 49 0 0 22 25 49 10 87 109 0 21 62 24 8 48 84 42 63 141 35 8 4 36 0 75 53 8 67 0 2 99 8 85 34 7 4 0 1 55 4 100 39 0 28 0 32 0 7 15 84 63 68 2 6 7 0 51 99 0 195 73 0 21 70 0 35 83 36 74 72 94 8 0 64 76 14 18 120 23 9 0 56 0 90 54 123 42 67 0 14 0 58 6 158
91 151 8 57 12 0 37 82 189 95 44 107 0 53 85 46 30 66 64 120 45 101 4 79 42 148 26 0 0 42 0 6 30 105 0 80 69 27 12 272 122 21 108 45 109 154 178 0 81 32 96 128 0 12 226 164 189 145 72 51 22 49 28 25 75 33 50 72 106 122 52 145 54 151 8 77 72 63 0 0 56 36 39 74 14 148 0 37 191 0 123 23 14 152 117 80 0 0 12 81 120 100 28 64 56 38 114 12 48 72 27 103 17 124 102 158 192 0 0 0 55 201 69 0 109 95 47 177 68 8 44 163 64 36 12 8 0 77 48 32 81 105 34 128 0 162 32 48 235 78 21 23 36 81 21 76 24 54 0 36 93 64 172 116 66 39 84 107 36 144 81 117 175 39 81 108 165 0 63 9 94 87 17 38 96 9 30 241 148 121 82 100 63 114 171 88 9 81 79 103 0 85 81 10 2 71 159 22 37 161 14 5 129 106 24 24 42 64 36 12 122 18 217 129 118 87 50 94 92 64 197 96 96 0 41 131 51 52 104 149 0 100 33 0 81 27 8 62 0 64 38 173 0 66 27 62
110 141 38 52 21 0 61 73 89 95 80 21 18 55 58 134 82 8 48 22 52 107 115 106 168 9 55 149 16 18 74 52 42 36 80 65 143 51 27 52 12 102 149 93 0 51 111 64 136 20 74 147 20 54 90 87 81 60 254 49 44 51 114 97 217 216 73 125 39 155 11 179 119 123 21 26 97 92 40 113 66 14 72 5 183 39 113 93 89 45 144 90 0 48 113 35 74 81 78 48 54 72 115 186 12 68 78 30 7 25 93 16 42 117 50 41 59 16 120 92 26 61 75 42 83 36 15 146 88 31 194 145 54 21 10 131 110 74 155 57 42 83 67 137 42 82 45 213 26 68 123 56 155 200 64 37 80 107 138 83 94 138 41 81 58 59 72 49 111 59 80 181 9 68 179 119 51 297 20 111 128 75 16 26 79 20 29 139 38 72 109 45 63 6 88 78 47 83 15 8 41 155 72 125 58 8 50 35 56 39 16 127 6 122 49 0 46 64 75 35 27 160 15 63 108 25 0 21 16 82 4 103 118 61 81 19 68 38 109 56 72 135 57 76 100 15 18 58 149 82 35 139 171 104 0 12
16 12 60 45 16 0 210 38 84 0 32 50 5 30 24 46 0 44 36 49 6 10 58 15 97 40 0 48 38 45 12 0 101 6 12 30 0 85 12 54 14 42 0 31 0 42 65 10 68 62 10 65 12 32 0 60 41 40 55 8 0 0 40 141 69 81 14 67 41 108 0 150 54 0 22 46 0 28 16 30 2 0 54 36 73 6 24 133 87 63 6 40 42 0 18 36 28 18 78 24 35 12 49 48 27 0 10 68 107 0 0 6 36 0 0 8 30 61 52 36 0 0 5 10 16 45 12 25 18 12 72 62 36 77 111 0 0 54 36 0 52 0 53 8 0 0 24 54 30 0 80 0 0 132 22 20 4 48 10 34 64 0 30 36 54 53 45 4 58 49 18 82 43 41 87 69 24 60 28 96 54 35 98 0 72 34 46 0 9 0 0 0 8 36 32 86 46 40 44 16 0 12 30 197 16 30 0 26 16 0 65 0 54 28 8 42 0 0 66 45 14 45 0 0 26 111 45 25 16 12 44 112 29 42 66 0 60 81 0 55 6 10 32 0 36 0 42 42 0 8 0 42 49 0 0 5
40 156 0 72 9 0 84 88 127 0 98 74 47 104 9 72 51 0 21 66 36 113 63 45 9 225 0 84 27 32 48 99 78 63 88 0 32 0 71 128 81 56 0 21 54 68 151 0 96 39 19 113 68 99 241 126 102 54 97 19 113 57 75 80 64 0 37 30 0 15 24 32 127 77 57 0 0 47 0 93 57 85 8 37 30 130 6 53 27 72 27 113 15 130 49 43 14 8 90 136 79 92 18 60 0 45 44 81 53 40 115 178 134 18 40 43 63 21 149 121 123 0 30 134 99 104 0 170 0 34 3 105 65 128 59 54 54 71 138 120 252 126 70 0 109 63 27 105 223 163 53 18 5 0 94 72 69 81 31 135 33 118 98 183 36 178 60 70 28 108 45 38 34 44 112 12 29 100 22 81 0 63 36 0 8 135 24 50 42 63 11 42 123 183 64 0 221 8 65 139 89 92 51 80 40 212 79 36 39 28 48 69 175 35 56 0 20 108 101 60 0 88 164 7 47 95 60 15 0 106 114 90 0 101 71 24 147 107 125 135 132 57 79 121 0 28 138 14 18 100 36 0 37 198 41 144
38 184 110 0 16 59 60 27 116 71 21 64 171 18 63 74 20 46 107 0 33 6 56 43 3 111 0 94 31 86 2 106 91 20 70 70 113 22 8 99 24 149 79 124 125 56 65 25 20 76 24 86 69 58 0 72 45 98 46 8 11 5 125 125 81 42 0 230 20 105 12 84 90 27 0 111 92 149 87 21 190 0 6 129 189 0 84 76 16 76 52 13 0 16 68 166 10 58 129 16 58 18 102 115 8 133 44 78 105 50 88 0 14 56 97 97 32 1 8 0 82 1 92 15 24 19 51 0 15 79 0 14 60 14 85 64 112 101 0 26 174 77 0 0 61 122 24 0 0 66 40 0 0 216 42 24 67 7 0 30 68 54 84 37 11 0 42 38 83 79 75 4 36 44 0 56 10 78 8 47 0 33 120 44 7 38 67 0 2 49 54 104 8 46 4 0 15 106 54 73 73 24 0 12 0 66 98 35 7 54 23 16 27 184 58 63 7 45 71 64 21 30 40 0 35 58 41 94 27 54 69 63 25 36 66 1 108 64 50 10 113 182 81 42 45 70 34 81 105 6 32 0 28 8 109 0
44 74 51 6 56 117 122 57 48 78 92 37 98 128 52 117 36 132 63 107 30 72 80 0 54 56 16 43 6 157 45 192 36 54 72 56 63 93 118 123 24 12 57 96 45 74 64 78 84 192 29 83 54 107 64 88 18 32 111 0 56 83 65 48 41 96 37 15 38 46 40 52 52 79 50 0 150 9 0 92 142 8 144 23 152 171 111 18 108 75 8 109 36 179 77 30 48 51 36 26 120 56 203 170 0 74 48 47 77 57 11 49 164 53 96 40 24 12 29 81 86 21 165 89 84 76 89 27 48 123 0 55 35 24 0 76 32 103 255 32 45 97 28 152 0 84 75 21 54 68 91 39 26 81 108 63 56 0 90 20 0 70 132 0 155 55 114 126 117 96 24 172 139 39 136 0 72 32 3 44 8 90 8 16 30 15 102 160 183 0 88 65 9 63 75 0 100 36 24 72 28 147 42 68 15 66 12 3 79 56 0 0 18 60 115 42 125 9 90 59 33 80 18 66 9 220 67 164 53 108 110 42 34 118 68 70 113 30 136 0 68 201 120 165 52 70 60 42 36 6 90 136 124 9 0 4
37 134 72 44 112 52 56 30 102 76 16 81 120 104 79 2 0 125 47 12 108 20 75 208 84 96 0 10 0 0 24 57 102 55 151 36 0 149 15 70 103 51 42 64 80 185 117 30 14 166 81 81 36 56 161 51 78 124 98 20 0 28 54 111 120 39 53 88 9 98 130 27 42 40 69 27 18 20 30 78 16 24 18 33 53 181 48 175 21 51 47 88 52 50 99 110 20 60 100 118 9 173 6 60 69 0 24 104 69 108 76 26 54 135 60 74 50 24 24 179 49 64 95 59 110 65 122 67 52 50 0 68 129 8 59 32 8 96 75 81 174 54 74 209 32 139 174 32 72 94 82 126 25 29 232 44 10 62 128 79 56 18 69 41 38 102 21 10 5 47 111 16 41 156 38 45 54 0 40 67 41 146 144 59 0 0 86 58 73 110 119 72 113 148 138 37 32 62 128 96 56 24 95 137 16 63 38 8 99 18 40 112 65 0 8 30 196 0 69 37 0 7 24 6 97 73 161 70 76 30 98 106 77 0 48 119 42 36 95 115 126 127 181 54 33 60 95 81 104 6 84 25 107 12 90 70
42 14 44 12 0 0 0 32 91 32 40 0 52 81 6 48 14 5 34 58 33 32 0 49 129 149 21 48 28 40 0 0 68 6 66 84 38 2 0 90 90 0 33 6 23 66 56 4 35 61 67 27 8 56 110 54 40 57 41 8 56 37 9 30 34 30 15 40 54 18 81 26 30 20 0 43 78 20 60 2 12 93 0 27 24 2 14 117 36 10 0 19 4 40 21 3 73 81 92 29 45 83 0 15 7 40 8 16 6 28 72 50 47 0 12 0 47 18 49 89 0 74 41 50 0 0 25 64 55 57 0 19 54 18 36 10 84 0 114 4 48 12 24 51 9 24 36 10 116 20 14 83 24 62 34 58 96 82 34 107 75 3 76 59 57 24 29 14 6 0 0 87 0 50 33 63 61 0 48 18 18 36 0 40 27 32 21 52 87 54 8 28 18 0 63 2 185 60 0 113 0 0 24 46 0 52 0 0 30 44 30 47 149 0 0 9 181 72 24 30 0 72 111 0 69 2 108 78 18 60 39 36 70 24 50 42 118 17 79 17 25 45 40 71 10 8 41 2 0 1 49 10 33 24 24 159
58 99 31 80 56 145 98 84 1 87 53 18 56 46 32 50 21 10 27 140 154 69 81 0 0 90 96 68 24 101 62 55 31 27 0 36 81 24 40 105 107 12 12 9 137 34 158 0 48 91 0 83 18 12 154 35 18 20 62 0 16 12 41 69 147 80 24 37 0 64 82 128 136 81 133 6 14 0 81 15 0 56 0 108 1 44 64 9 41 98 0 34 18 0 37 72 24 32 8 14 63 103 0 29 66 46 4 20 14 0 98 27 0 116 30 39 40 37 13 56 28 192 40 77 157 8 19 189 28 20 48 64 105 40 24 62 103 44 0 72 24 107 0 104 136 101 19 81 89 39 0 20 40 42 63 21 0 78 30 33 165 27 82 72 14 53 0 120 27 23 3 84 16 37 90 159 48 15 21 20 58 56 136 51 48 96 98 18 65 104 2 64 0 83 49 6 17 68 49 85 0 8 38 72 30 8 116 10 59 8 30 28 79 49 94 22 156 40 56 56 79 90 69 120 94 17 17 19 0 48 0 54 1 41 0 82 69 28 21 38 48 16 9 0 0 69 7 26 8 89 57 9 0 196 3 40
44 48 16 14 0 30 0 44 24 18 45 14 0 12 18 0 0 10 16 51 40 8 69 36 57 29 0 31 0 0 0 26 52 37 0 49 5 67 18 14 14 52 65 15 0 32 10 0 0 16 73 37 12 0 80 16 3 21 0 30 75 0 15 65 0 64 0 20 92 78 25 34 87 55 45 20 28 18 24 48 16 6 10 11 48 0 32 14 16 56 15 0 0 42 25 0 45 77 15 24 4 49 28 5 30 16 64 25 77 25 5 45 0 80 81 0 17 2 84 35 47 29 12 0 6 26 4 34 0 6 35 0 0 23 30 45 16 5 27 10 60 0 6 18 0 30 0 18 88 18 18 27 0 36 20 46 29 14 11 28 28 18 78 72 0 7 4 14 99 66 16 15 0 0 30 62 26 50 24 44 0 65 40 0 90 4 10 80 30 14 44 12 58 0 0 0 15 32 0 0 8 84 0 77 33 0 6 20 0 2 2 2 18 50 40 30 6 22 10 1 6 24 40 40 8 42 6 34 8 20 45 80 22 32 12 6 25 0 54 26 10 26 8 63 63 54 25 0 18 45 0 6 2 98 60 28
28 121 21 8 112 199 42 139 68 85 54 103 10 22 0 111 14 56 61 19 2 21 15 64 0 165 0 20 54 95 35 104 62 30 73 113 4 152 66 100 72 91 24 158 42 12 7 10 177 79 32 72 30 137 61 32 18 0 54 22 100 111 111 147 64 38 0 42 57 16 0 72 32 29 101 32 0 53 110 102 0 27 25 40 61 12 85 12 68 3 8 0 20 149 21 140 49 0 152 66 117 43 64 172 0 56 21 129 48 163 157 64 50 72 74 57 44 72 11 0 12 16 53 0 103 1 65 3 145 70 168 170 8 64 107 0 26 32 40 21 87 49 6 2 14 67 45 0 0 36 162 30 36 76 117 92 4 49 83 28 41 28 56 40 167 6 53 32 20 102 17 136 80 1 0 0 160 28 83 0 52 99 0 63 53 47 87 101 45 0 0 0 8 105 123 58 52 45 107 57 28 56 0 98 50 77 0 94 64 64 47 0 72 150 84 10 93 0 85 0 0 0 27 24 54 91 88 72 24 93 112 69 44 26 10 80 162 5 97 10 56 36 128 88 136 52 93 105 38 55 0 46 97 53 18 49
48 58 76 14 0 42 0 20 87 9 12 59 110 69 10 48 93 61 4 97 0 4 0 40 69 9 0 40 6 0 0 3 78 17 21 81 44 0 6 72 21 1 4 0 57 0 30 0 47 66 42 77 39 164 102 26 55 0 0 16 63 18 50 140 18 18 6 0 6 0 63 105 39 34 0 6 2 42 44 62 48 21 0 24 18 24 13 61 25 0 25 108 5 3 24 36 0 18 30 101 81 24 0 96 10 10 26 96 22 15 49 0 135 18 0 2 149 44 15 18 74 199 30 0 54 0 55 109 40 12 26 81 60 0 16 17 16 0 51 132 75 8 66 0 6 78 60 30 51 12 91 44 50 35 12 48 22 45 91 18 30 0 52 0 18 18 67 58 48 14 3 63 11 71 21 12 72 30 63 109 0 38 42 48 0 54 48 37 6 54 54 18 28 3 50 16 56 122 62 56 38 36 42 24 1 63 3 82 0 22 49 36 101 10 4 78 55 64 96 90 0 8 75 15 100 76 54 63 0 81 26 16 72 0 137 48 80 40 4 18 54 8 92 38 44 0 51 19 24 72 24 18 96 76 9 87
29 52 98 120 50 25 0 46 88 118 254 42 55 32 124 4 5 64 42 118 63 74 75 74 10 161 99 109 16 56 0 107 36 112 35 36 64 36 13 24 36 48 25 22 15 167 65 50 36 97 115 146 0 126 126 187 37 134 48 66 192 14 57 83 104 37 105 42 16 14 55 126 72 74 48 0 40 0 35 44 72 0 0 73 72 113 53 119 46 38 52 71 24 30 50 16 10 120 32 120 43 97 122 126 35 101 53 112 40 42 163 6 24 88 48 27 95 32 44 76 136 97 138 22 63 97 69 60 44 35 0 137 156 121 8 108 64 66 86 62 0 15 71 28 136 128 26 203 49 64 120 124 21 25 164 19 3 42 111 115 103 39 120 115 20 150 121 122 119 57 27 60 48 4 107 94 72 12 73 56 61 84 148 14 25 79 98 45 42 32 14 99 177 133 20 16 73 27 103 169 44 27 14 107 63 103 84 10 35 63 6 77 39 69 86 6 104 94 138 0 23 38 108 43 63 115 27 63 29 127 66 131 10 57 48 133 187 10 60 83 40 164 98 39 23 45 0 63 14 29 46 0 77 102 92 24
36 70 18 75 6 63 66 138 76 38 36 113 0 7 114 81 1 20 41 54 20 0 6 16 139 39 5 128 0 8 24 22 31 0 36 10 58 61 24 74 0 71 0 50 72 19 51 6 60 94 15 30 43 83 119 24 28 44 0 0 44 0 0 61 79 30 70 194 147 15 0 16 68 139 28 71 70 10 0 20 27 62 0 21 50 25 18 10 44 8 0 1 47 31 62 45 14 28 79 19 47 63 74 30 0 0 86 10 35 18 107 45 50 14 126 15 24 20 48 52 63 20 0 105 12 30 49 50 0 153 93 78 0 57 30 99 44 7 84 16 193 92 90 37 53 12 8 54 25 24 1 18 65 30 25 0 35 0 33 9 67 87 74 41 36 40 42 56 96 14 63 42 36 44 0 74 38 78 69 10 8 65 18 43 22 47 7 0 0 19 80 72 0 139 30 158 43 21 1 0 78 65 0 57 30 8 45 6 88 19 7 0 18 20 58 32 48 40 0 40 0 0 65 62 47 74 0 35 18 0 39 0 0 8 0 8 13 64 52 32 96 7 27 50 89 27 45 80 0 0 75 31 145 69 43 25
54 87 6 80 113 155 95 96 18 73 46 65 75 57 99 53 4 0 60 187 59 9 136 212 157 176 21 83 146 71 12 83 31 29 83 39 10 6 106 87 49 83 18 0 84 33 174 164 0 105 28 48 99 116 71 76 120 91 45 0 56 45 12 54 107 76 12 168 66 90 14 159 60 149 42 64 66 0 73 43 8 45 6 44 9 4 113 114 91 94 29 15 71 76 54 123 96 9 8 86 36 129 8 73 75 6 176 134 64 3 221 118 16 159 55 174 14 64 82 125 14 107 72 0 67 97 105 45 36 109 6 0 71 122 56 144 14 80 142 38 141 39 24 0 4 50 24 55 117 6 36 45 41 29 48 39 3 138 43 65 58 56 113 0 81 34 17 74 139 71 168 59 0 120 42 75 120 12 45 126 57 45 122 137 90 73 115 0 28 110 70 94 63 105 96 184 192 60 53 135 100 108 39 141 45 96 63 12 102 12 107 133 48 88 40 60 50 32 24 35 14 0 55 0 108 75 26 40 158 56 126 98 6 15 98 21 233 74 68 20 69 42 24 57 74 70 92 82 59 83 40 35 112 167 108 30
69 94 73 24 32 33 15 30 77 160 10 0 0 1 51 68 4 74 93 30 12 32 0 10 0 60 66 32 102 81 16 25 78 71 49 64 5 0 25 39 48 10 18 69 66 16 74 0 135 27 98 132 15 86 58 0 83 0 100 8 92 78 10 147 42 91 7 0 27 25 139 63 0 0 148 21 0 21 0 5 10 54 1 61 44 90 72 28 8 8 77 39 81 5 35 0 0 0 122 31 84 81 0 74 16 35 0 0 54 30 24 81 49 7 87 27 69 0 28 17 63 105 3 66 30 69 20 30 2 55 0 68 145 109 141 5 30 3 103 118 40 143 54 15 54 123 154 58 56 0 97 50 0 13 66 24 43 36 47 81 57 91 0 48 17 54 0 39 44 83 134 0 67 23 0 72 39 72 51 0 21 82 92 45 0 18 24 30 105 3 0 87 81 12 34 30 45 84 98 71 18 65 20 85 60 0 108 0 126 0 18 35 6 36 0 23 213 37 56 5 57 0 96 23 106 35 20 93 0 120 51 9 18 78 52 79 40 0 108 60 75 52 30 90 22 31 34 0 5 0 42 112 0 6 80 30
131 98 81 198 43 49 116 209 100 179 24 117 13 42 152 75 193 1 69 40 57 213 108 176 163 21 132 53 27 45 43 127 142 68 144 66 91 36 42 131 38 69 28 44 95 126 162 129 60 64 130 197 39 54 113 58 77 77 40 89 134 67 78 72 90 66 88 82 54 10 166 146 112 114 97 33 144 99 26 33 19 3 96 25 79 20 18 77 54 133 157 60 181 9 207 19 60 34 72 54 36 22 113 83 27 81 49 108 41 150 131 88 37 213 159 0 91 52 85 41 72 199 15 101 0 59 4 82 69 0 8 116 75 111 63 31 8 91 176 18 5 175 65 25 195 138 198 207 57 89 104 240 14 56 116 127 81 109 79 71 86 39 180 96 0 67 20 33 18 6 68 25 40 147 14 197 155 80 116 145 49 221 47 18 123 135 70 80 56 154 111 67 67 123 126 58 103 85 12 99 85 76 48 34 80 23 28 19 75 22 61 123 20 79 5 78 74 69 112 116 11 189 126 0 188 5 201 56 36 61 163 136 7 61 103 55 179 180 79 131 91 145 57 29 153 79 108 63 45 210 54 51 31 128 95 66
72 199 7 102 58 38 27 48 72 95 13 119 89 30 49 6 28 31 40 123 137 71 72 69 28 36 54 40 56 21 51 24 39 0 70 39 177 92 20 90 27 5 48 80 45 106 128 94 0 166 117 20 0 127 143 161 65 3 55 44 0 24 83 57 186 89 57 98 21 31 91 66 56 66 52 46 36 70 16 64 56 0 25 14 29 1 109 43 71 104 62 141 175 46 118 3 24 20 54 14 72 94 2 44 84 42 126 0 86 72 25 18 74 6 55 142 32 26 53 16 12 0 55 19 84 16 40 61 71 70 24 174 144 65 91 49 0 135 30 20 2 36 42 45 15 98 76 82 6 85 153 86 54 45 49 4 107 37 20 36 93 40 101 41 19 0 79 24 0 75 67 54 58 91 73 29 0 102 110 96 99 89 8 44 82 21 80 136 22 42 0 109 120 64 220 182 65 44 88 0 65 36 27 134 50 59 42 72 14 78 36 116 32 60 70 68 47 72 28 39 23 125 92 98 117 136 60 119 36 51 53 21 64 45 54 10 21 57 55 67 42 189 132 24 50 108 72 72 109 52 138 92 114 112 60 0
12 60 5 50 109 41 59 74 30 116 184 36 91 14 70 50 22 40 40 106 115 98 82 42 101 161 109 136 43 134 30 137 79 56 46 48 11 78 65 85 103 29 84 72 259 128 153 12 103 96 116 72 0 78 56 88 61 94 111 40 136 26 112 98 183 92 8 92 9 153 17 61 104 17 194 110 201 99 6 18 45 42 12 94 47 80 56 48 41 0 36 123 126 8 35 159 77 43 120 86 114 7 0 36 0 96 173 24 103 95 79 101 117 48 109 45 81 20 31 81 9 146 42 16 42 210 44 0 70 103 75 72 104 138 77 94 47 74 39 28 69 111 85 27 100 139 75 47 15 12 131 88 178 98 143 22 5 6 30 54 170 66 86 0 62 122 60 98 136 135 27 18 48 0 35 52 48 35 112 47 58 69 104 0 136 15 55 105 153 115 88 60 98 140 24 43 112 32 49 70 105 64 102 106 17 56 54 52 104 5 20 75 76 53 31 4 64 15 26 93 44 26 70 10 73 134 16 28 76 0 38 286 210 63 165 26 32 36 211 29 24 84 24 187 0 20 96 108 58 62 5 68 64 118 91 0
6 180 28 42 0 27 80 119 44 95 144 4 120 45 54 24 64 60 0 63 12 32 16 24 132 125 40 84 42 32 3 42 60 105 35 27 8 57 15 54 38 78 122 100 82 111 0 22 46 74 98 82 34 96 25 144 63 82 72 56 15 88 141 58 26 92 30 94 108 129 49 127 0 13 28 22 86 110 0 13 30 16 81 51 166 87 94 63 68 87 25 130 86 6 104 8 0 0 98 28 61 5 72 39 53 76 32 90 50 13 56 36 54 0 96 81 72 26 36 32 83 63 0 1 60 18 34 23 73 3 54 76 72 58 93 57 152 3 12 12 18 81 62 100 104 134 85 160 53 12 142 0 80 110 119 31 0 91 76 36 66 0 48 0 7 6 12 22 72 99 30 125 4 9 188 99 70 48 49 124 60 11 33 64 103 54 0 112 0 42 2 35 0 0 64 88 10 90 69 7 52 40 134 126 2 0 36 11 56 12 34 90 0 4 49 0 4 0 12 54 7 66 46 41 59 117 21 96 30 48 41 93 62 98 45 74 94 52 20 46 38 72 115 95 149 2 18 8 10 8 72 0 101 26 18 2
0 183 173 206 0 36 48 67 225 99 100 102 34 0 79 50 41 33 76 84 84 15 88 32 187 101 1 66 94 24 15 108 145 132 40 46 20 89 0 0 123 6 85 9 51 53 101 0 6 130 15 162 48 36 117 107 81 60 69 20 35 37 34 75 79 54 54 45 31 0 184 214 72 13 113 109 66 102 63 167 44 60 15 84 39 89 143 186 42 157 91 45 137 18 68 42 0 40 254 49 157 121 134 48 20 54 0 36 191 181 27 156 63 61 10 0 191 90 141 123 26 41 51 90 24 89 89 145 24 75 33 3 91 93 8 69 98 97 129 65 94 88 42 54 56 68 90 150 63 71 110 167 5 84 61 75 83 93 23 99 75 102 95 218 127 80 116 11 42 88 78 60 39 174 157 61 83 48 8 149 87 12 65 36 151 54 72 30 27 0 0 84 56 19 30 119 108 109 89 35 94 70 129 84 46 98 50 17 113 18 94 68 155 78 98 14 33 121 168 72 38 171 84 54 188 264 203 93 40 85 147 26 130 182 224 56 28 85 105 197 30 211 126 24 27 70 72 45 104 80 96 23 62 21 27 135
0 32 105 51 27 97 87 64 91 0 14 8 0 72 57 7 81 0 248 87 22 92 0 10 72 126 4 0 14 63 39 18 16 0 52 2 8 72 0 77 63 57 63 10 0 67 0 52 27 0 8 0 92 18 28 4 36 0 18 0 59 148 0 62 68 21 0 0 0 109 0 108 56 0 28 76 162 4 17 42 32 27 36 0 0 20 27 105 72 21 71 43 43 81 8 0 0 0 14 21 0 36 0 126 0 44 0 0 0 66 49 67 77 35 0 2 0 0 25 0 0 12 0 35 21 81 0 46 18 45 3 48 0 0 12 35 0 36 111 7 46 47 0 0 49 0 0 53 69 10 56 42 0 0 60 110 24 84 0 0 36 78 11 20 0 27 7 128 3 20 0 0 84 52 65 2 12 0 7 0 9 0 4 36 14 0 0 64 0 18 0 49 49 71 28 0 49 0 0 72 2 63 18 2 5 12 5 9 72 9 2 158 10 0 4 16 0 0 48 4 10 37 94 0 37 68 4 6 60 107 84 63 90 72 86 0 17 11 27 40 56 22 91 54 16 0 36 49 49 16 18 12 49 49 17 59
53 42 45 55 99 121 40 72 123 68 44 22 0 72 99 50 0 62 92 38 67 0 85 55 92 44 14 51 96 58 4 94 46 58 14 126 58 139 0 41 24 9 0 55 97 171 220 20 64 156 24 89 57 12 22 51 51 134 16 29 94 20 53 50 14 24 71 194 4 63 0 151 6 89 15 126 171 4 45 20 0 0 8 39 6 4 8 54 12 127 0 63 136 8 76 95 68 117 88 56 54 0 0 8 3 50 87 28 12 24 88 0 76 84 0 0 54 4 47 44 147 100 4 0 7 172 79 6 17 117 37 89 23 72 160 36 10 24 127 140 119 26 78 18 0 72 0 78 6 0 88 30 64 9 79 55 9 42 14 26 51 25 121 0 38 9 53 58 30 64 137 25 6 43 0 108 41 42 100 114 5 62 16 93 60 32 51 36 0 145 90 16 18 86 89 154 40 88 0 96 154 24 84 84 37 57 7 30 64 27 19 98 69 0 6 0 81 27 92 23 48 17 126 20 63 76 43 117 86 109 16 100 61 120 101 15 66 152 31 4 104 0 21 68 117 60 120 80 113 52 54 11 73 17 123 0
50 93 17 162 87 49 179 106 53 97 0 62 162 87 103 132 19 62 40 139 104 18 48 114 143 100 73 195 21 118 81 196 62 36 31 111 3 39 102 100 63 7 44 42 137 41 217 35 80 189 209 70 0 32 75 76 109 64 219 22 41 69 122 114 270 66 70 73 28 6 66 12 9 87 66 42 48 80 0 54 16 50 78 57 42 104 6 135 7 30 17 110 29 249 24 203 14 41 105 37 136 153 33 205 62 28 66 10 84 72 105 56 8 9 33 53 16 95 105 74 24 110 56 115 98 65 27 45 49 131 81 5 38 69 43 143 175 3 58 63 61 86 0 63 96 15 63 119 219 32 88 75 251 88 26 52 28 10 47 55 111 90 92 90 84 117 70 117 122 75 132 97 5 71 64 27 37 191 39 5 98 109 128 4 57 21 48 14 70 0 18 178 54 38 144 14 201 77 46 44 2 41 46 56 2 12 71 41 64 50 42 51 14 24 43 57 114 113 122 136 87 130 157 75 81 39 22 14 35 93 158 89 94 184 140 77 54 0 151 49 32 50 60 23 2 53 54 38 16 119 88 184 145 175 12 9
75 88 38 172 57 10 179 72 119 40 116 115 188 122 73 82 0 75 85 72 89 80 40 160 63 71 91 142 101 78 30 101 0 0 165 135 80 137 122 135 3 49 24 152 103 118 183 64 0 77 0 31 0 78 0 14 203 99 0 21 85 63 50 60 247 28 92 81 136 6 29 36 69 121 139 4 30 70 0 32 6 81 44 50 0 81 0 70 129 125 63 0 67 48 131 160 10 83 45 63 19 127 108 59 0 117 128 60 26 17 90 95 154 142 44 133 89 0 82 48 10 120 35 42 110 111 39 78 121 77 63 73 24 17 42 40 4 157 93 56 55 142 9 0 66 38 51 124 78 60 0 95 167 66 24 102 100 120 48 0 73 93 88 0 69 64 16 32 74 55 80 107 31 49 32 14 77 49 142 127 0 74 153 115 98 0 1 70 150 0 0 146 9 37 121 42 24 42 44 44 34 72 116 77 17 6 7 25 117 30 76 24 94 103 105 76 54 22 0 158 80 87 63 3 49 88 54 82 36 7 115 18 64 21 122 46 85 66 0 98 6 144 137 79 68 54 12 127 0 124 24 54 104 160 67 8
75 124 54 111 48 61 20 217 66 164 92 84 65 9 119 5 49 70 28 76 115 148 133 72 95 15 12 0 6 32 34 85 64 42 63 100 6 127 70 70 23 79 17 29 125 150 144 70 33 66 85 84 18 55 59 307 87 90 4 150 74 14 56 32 54 80 122 141 18 54 199 21 112 101 8 2 48 126 61 35 69 20 131 76 84 71 10 16 37 12 37 76 40 4 0 8 91 114 62 56 0 53 58 71 51 110 105 103 74 122 56 90 15 114 92 30 118 9 55 8 32 79 30 154 20 20 120 18 15 28 26 81 61 93 75 43 88 36 118 66 12 48 118 46 89 44 117 48 48 78 25 189 33 68 83 38 100 24 50 53 93 48 162 126 59 59 0 128 71 44 75 103 36 93 73 79 146 75 95 69 43 105 31 38 48 84 24 32 12 89 37 164 128 136 227 35 78 24 33 214 59 36 21 73 65 99 103 59 62 73 35 96 69 12 88 58 0 90 36 82 6 38 64 59 119 106 56 189 14 45 54 119 26 46 69 103 240 62 18 58 35 282 74 64 81 79 23 124 59 101 75 48 65 104 41 40
87 40 13 137 48 0 57 167 113 100 52 61 50 140 28 138 14 42 112 38 148 105 167 280 69 90 25 8 24 48 16 148 108 18 102 126 5 96 70 42 168 116 76 18 149 248 117 74 0 63 47 81 17 18 89 32 81 24 61 0 18 10 57 120 40 86 8 59 32 143 10 168 107 61 18 35 117 117 44 10 75 36 40 36 143 8 87 123 72 8 21 35 0 56 178 140 50 51 0 0 0 62 8 88 40 60 67 122 67 49 56 233 6 30 138 18 70 63 64 42 10 0 85 110 56 81 0 100 93 70 7 56 70 4 26 144 91 16 135 62 48 1 14 99 66 50 3 39 106 127 19 88 42 173 116 106 109 133 72 93 90 18 92 42 42 120 144 98 74 131 44 87 6 40 132 2 9 72 58 6 206 123 134 40 0 0 46 117 104 70 8 72 0 153 160 0 134 39 0 189 70 49 102 9 0 106 88 7 109 9 111 53 78 70 45 103 27 12 65 140 49 81 35 24 79 53 70 45 52 46 203 74 113 93 123 117 98 45 63 220 0 68 40 137 24 108 63 63 0 64 61 63 2 145 64 133
55 18 66 20 108 16 81 25 19 199 72 91 66 32 66 70 163 38 106 45 31 91 75 85 7 102 0 32 49 18 24 45 29 0 116 3 32 120 48 0 63 48 20 62 25 118 201 150 40 64 165 153 6 161 55 12 37 0 9 62 48 126 81 107 93 94 0 0 54 81 109 51 36 25 35 74 144 18 0 30 12 19 24 13 63 66 65 40 99 56 0 113 0 42 53 0 49 21 54 61 43 63 125 45 0 2 0 52 86 0 154 71 0 52 69 45 15 24 45 12 8 13 16 80 42 38 10 27 6 99 9 155 41 15 0 89 16 160 10 53 31 156 41 93 35 44 63 10 115 73 66 29 0 100 117 99 31 7 95 45 36 0 78 0 42 44 30 180 60 30 42 99 118 95 72 45 197 60 14 45 69 127 36 41 96 0 62 160 25 27 201 46 126 119 24 64 93 0 18 48 0 106 24 104 9 0 141 72 45 9 54 64 40 28 41 8 77 48 34 15 33 56 15 20 112 63 23 0 36 56 10 48 139 45 114 45 49 64 69 132 120 76 84 87 52 55 53 8 0 34 45 40 0 0 109 53
4 32 45 8 0 0 96 0 40 0 110 49 54 30 36 85 63 25 61 20 49 48 0 20 18 119 81 94 20 54 0 10 27 17 3 0 0 24 30 2 45 0 0 51 0 45 12 58 32 129 12 58 5 98 129 58 6 6 147 0 36 27 81 81 92 24 16 67 0 154 0 36 0 38 0 16 0 18 0 28 10 0 79 20 4 73 83 42 24 25 123 113 0 87 54 72 0 1 0 24 4 9 26 140 0 126 77 44 2 20 2 14 36 34 3 0 101 27 53 39 22 0 29 12 0 45 0 87 0 0 84 220 85 45 0 45 0 25 11 0 4 70 4 182 56 6 60 54 50 30 92 10 26 31 90 20 4 48 24 36 8 35 37 13 12 0 52 0 39 37 30 9 43 32 20 0 78 84 7 6 140 68 0 36 22 0 33 164 48 0 6 69 144 28 91 32 40 43 58 20 49 37 16 56 0 36 16 14 8 32 21 6 9 72 39 24 0 24 30 10 24 104 129 0 23 87 16 9 9 0 90 51 20 15 0 0 72 0 72 12 54 0 4 9 63 0 14 63 42 9 9 82 0 13 0 36
38 54 52 0 48 9 48 64 169 35 113 138 18 171 91 94 9 19 12 45 126 0 76 126 0 59 0 2 43 21 12 142 0 0 0 57 13 109 60 111 82 54 78 18 62 87 16 164 36 72 92 60 48 141 221 58 34 30 50 0 122 32 0 79 79 44 102 95 148 45 156 27 144 103 60 26 18 38 35 62 49 31 18 20 81 59 0 0 72 32 45 20 0 74 72 67 104 70 121 56 81 134 54 135 0 54 92 31 0 22 147 191 63 83 86 150 24 1 72 62 153 42 92 25 0 3 160 8 4 43 42 15 46 69 36 191 18 40 10 7 301 4 30 65 7 21 86 0 0 72 0 46 0 51 108 14 0 66 9 93 72 127 24 39 139 103 53 117 64 23 87 20 66 12 81 89 156 45 0 40 24 138 0 87 117 56 19 0 82 45 104 68 155 123 110 100 155 48 7 63 35 7 28 76 75 40 54 9 37 51 97 78 32 0 88 7 52 45 35 12 0 83 112 65 35 120 35 54 19 31 139 100 88 54 97 60 100 0 85 74 152 156 9 126 33 0 71 0 14 89 44 0 56 92 75 0
16 53 24 54 67 102 96 82 136 105 27 49 111 36 100 35 32 41 183 24 39 97 31 156 66 54 28 51 14 80 32 25 3 63 117 126 182 119 81 41 21 54 23 57 28 33 197 23 41 75 50 130 38 111 37 48 122 45 127 20 98 68 81 56 110 35 21 142 47 44 33 32 93 111 83 24 6 130 5 25 0 18 159 45 0 67 40 38 10 187 53 7 136 90 107 132 171 81 44 245 59 93 2 169 77 82 80 69 48 56 42 34 153 141 32 81 20 3 69 27 58 231 0 70 7 58 11 9 4 115 74 129 73 148 57 78 44 75 126 32 138 204 51 64 21 18 55 72 112 40 39 153 0 37 49 6 95 0 0 40 47 163 45 14 112 18 63 5 112 41 40 0 60 151 117 20 172 38 127 6 102 31 32 91 144 153 64 61 69 42 13 122 51 36 181 8 35 41 3 117 74 0 103 55 59 40 8 8 33 0 85 32 3 105 81 146 105 0 37 67 0 114 135 24 163 166 49 149 48 39 169 25 10 40 81 68 58 79 85 61 8 68 187 54 51 42 40 22 67 27 0 211 31 17 59 63
0 32 169 106 35 177 217 56 24 5 133 59 55 87 4 101 7 74 110 74 49 111 12 48 4 243 49 145 105 56 0 37 72 113 24 24 16 72 35 20 0 16 20 61 155 58 128 108 54 9 35 54 0 141 20 0 8 0 42 8 36 128 86 186 146 24 10 0 32 15 0 0 0 75 100 108 133 59 0 35 33 14 20 24 0 90 0 54 12 113 8 24 32 67 30 78 56 39 0 24 20 36 90 6 63 72 16 43 56 105 0 63 49 114 121 0 24 0 105 33 10 92 21 50 159 142 0 100 81 30 0 66 42 54 0 87 0 49 40 73 63 63 40 17 48 0 0 0 0 66 28 108 100 0 114 144 0 0 72 63 0 0 121 103 31 42 0 110 84 0 18 0 82 45 43 14 38 12 15 0 81 108 109 41 4 8 90 30 134 0 81 56 0 70 28 0 0 28 25 64 69 0 60 30 0 80 0 9 56 0 42 136 27 45 0 57 103 33 81 63 78 12 174 0 54 63 22 26 0 0 106 18 18 72 81 53 0 0 51 91 127 102 135 56 9 76 0 56 0 54 20 45 0 104 37 54
49 186 0 80 30 96 96 179 123 117 76 65 46 96 283 48 64 110 54 158 37 123 131 14 120 55 36 0 21 121 64 87 44 0 39 24 0 45 6 91 164 216 0 34 117 109 152 61 147 110 80 32 143 71 35 131 34 28 60 5 113 62 14 30 25 95 30 203 4 8 72 28 31 49 15 26 35 53 86 139 35 128 0 0 61 71 42 81 21 100 72 103 79 16 19 48 179 184 172 103 166 78 96 35 56 5 63 27 63 151 17 62 2 0 113 62 0 17 21 40 70 28 80 69 0 153 81 0 64 87 77 108 132 20 39 220 28 127 118 42 82 185 96 26 71 34 0 96 40 83 178 236 174 83 45 8 35 54 8 78 12 42 44 25 4 40 18 64 77 80 124 180 51 68 49 94 72 52 17 35 138 31 70 56 63 19 44 0 60 81 164 56 183 53 161 38 103 16 8 105 8 72 44 56 33 164 121 0 68 29 16 205 93 15 28 28 48 12 53 42 48 175 63 73 40 5 25 16 117 106 124 50 63 141 121 144 169 81 99 146 136 28 0 50 9 224 230 185 10 55 179 87 76 50 44 72
7 68 14 182 63 86 165 16 85 0 78 118 188 56 129 68 100 0 49 35 64 32 64 89 85 0 14 14 47 30 12 87 20 46 49 57 38 24 26 24 7 27 0 0 83 68 28 78 57 0 101 16 111 71 36 153 0 32 81 142 42 179 8 62 114 36 30 116 81 45 85 0 63 41 103 54 9 31 53 154 28 40 44 0 0 2 21 95 0 104 26 51 129 135 128 66 16 6 45 40 27 101 13 64 112 16 52 59 45 72 137 111 123 132 14 0 28 8 33 0 87 48 3 32 0 56 59 53 44 35 29 54 44 83 4 148 14 87 103 117 62 49 12 26 6 68 72 171 63 33 27 144 8 0 2 49 77 13 118 25 24 103 0 44 89 17 57 95 71 149 2 7 60 128 53 73 167 20 127 81 62 82 7 49 100 0 4 15 67 56 51 58 82 117 126 16 30 63 32 97 14 0 34 9 12 203 7 7 67 16 64 95 63 45 14 35 56 42 42 18 9 173 0 4 115 75 10 44 103 68 84 45 68 77 51 27 36 7 0 42 57 50 76 42 0 59 7 164 8 21 26 63 54 9 110 71
28 38 0 16 60 18 72 53 81 48 108 33 66 78 79 46 23 46 85 16 18 0 58 128 8 0 0 40 138 42 67 98 15 93 28 49 18 99 32 62 72 0 54 102 3 107 42 136 100 34 18 137 10 50 61 81 133 8 10 32 123 62 57 27 8 24 12 95 152 15 42 75 99 158 101 125 6 28 0 35 47 106 6 56 24 24 0 122 139 14 58 26 72 91 77 24 87 57 25 0 70 94 105 48 59 18 45 81 48 50 159 79 21 110 91 18 189 2 76 73 123 63 46 16 18 24 44 83 39 98 21 62 0 106 87 3 24 32 42 113 45 32 169 8 0 70 61 38 0 36 73 15 0 25 40 42 0 62 24 0 0 42 20 18 91 54 25 136 27 9 124 78 60 26 52 62 85 0 0 73 105 156 66 4 68 58 15 30 0 63 137 67 30 77 84 10 21 136 20 108 34 41 24 55 36 0 56 32 38 36 67 41 6 77 48 40 54 28 48 125 65 40 15 14 157 90 21 72 44 96 66 85 52 163 22 164 75 2 42 94 62 82 6 70 103 0 41 90 48 118 88 32 75 84 150 0
36 110 96 56 20 0 63 69 92 8 134 56 177 63 60 63 89 60 57 125 40 68 72 43 119 108 83 122 57 60 45 84 51 46 80 35 188 128 4 102 92 93 72 60 172 142 103 72 0 101 146 85 0 138 49 42 76 93 89 67 195 134 93 59 253 115 94 111 195 44 12 135 20 86 82 24 81 60 0 56 0 0 132 25 42 117 49 76 31 10 51 104 54 48 28 115 24 24 45 75 118 53 40 26 23 41 94 0 42 38 16 121 129 63 0 8 113 93 47 106 88 71 90 54 28 205 45 42 42 57 128 212 88 84 16 37 40 36 48 60 84 131 14 74 186 96 113 209 113 62 79 35 115 122 58 30 56 136 63 72 72 81 109 23 45 20 44 54 96 107 0 84 4 72 91 0 226 0 15 94 69 48 0 91 0 21 63 193 40 32 29 10 117 192 0 0 35 84 0 48 24 49 152 61 15 11 74 10 55 7 19 94 12 4 18 0 54 61 30 117 90 29 35 68 86 5 47 35 42 74 75 123 26 64 82 10 133 52 63 24 28 96 0 19 35 52 9 220 24 75 76 60 99 113 90 38
95 231 100 57 3 71 156 191 179 97 12 100 66 86 128 90 75 36 0 15 0 51 21 14 2 183 8 31 51 235 32 166 22 228 69 167 6 81 0 233 45 333 42 15 19 156 113 21 0 80 69 115 108 276 164 167 79 28 122 1 41 35 121 14 47 82 47 278 14 65 100 94 64 97 56 70 27 11 135 133 0 90 81 15 0 122 35 59 150 70 37 78 0 149 25 81 107 159 170 42 118 86 93 154 49 85 7 54 72 15 74 0 111 147 120 144 165 20 61 12 40 117 95 74 0 113 199 91 35 112 78 89 12 24 0 98 72 77 24 156 119 102 67 28 72 91 63 180 118 12 165 119 8 61 94 96 40 133 8 108 0 205 132 77 128 31 39 159 11 54 50 128 103 15 100 144 18 43 29 67 35 74 144 116 78 73 0 12 126 151 71 45 18 143 106 32 69 24 63 24 99 146 73 192 47 162 36 0 101 131 0 54 2 169 72 0 78 177 49 45 53 24 63 36 104 102 85 104 48 29 68 163 9 31 136 117 94 45 0 183 25 123 17 25 81 71 89 145 72 30 102 147 62 56 109 0
16 138 54 76 0 0 0 178 49 0 108 75 108 27 60 42 4 9 80 18 149 64 66 84 76 118 45 127 74 60 18 30 42 9 12 52 27 106 15 14 48 24 69 15 12 0 62 9 28 71 72 25 37 119 95 68 56 16 7 0 168 33 63 96 113 28 33 43 78 90 72 33 87 0 57 119 132 18 16 28 18 33 12 52 81 63 169 88 12 71 20 82 84 77 112 135 146 41 99 147 123 110 54 68 44 83 48 54 22 60 6 99 72 80 127 2 93 0 29 82 72 86 32 12 0 141 90 30 0 80 41 101 49 99 72 70 72 58 36 2 65 102 0 153 159 38 27 12 25 114 81 63 0 32 10 64 121 68 34 0 0 61 63 113 0 46 90 31 49 39 45 18 48 9 0 72 4 9 142 0 93 116 56 0 87 10 112 93 161 0 62 10 71 120 112 0 77 209 0 38 10 137 12 66 31 40 0 45 0 12 175 45 36 42 86 90 62 63 27 49 33 111 179 0 104 96 64 18 0 12 102 53 99 113 77 34 67 6 203 42 0 92 0 56 4 0 91 7 63 42 40 137 54 13 9 72
24 36 84 0 36 0 110 8 117 68 6 43 130 144 96 6 70 72 30 30 2 73 126 64 77 0 49 65 4 107 20 42 46 25 104 14 82 52 0 121 14 58 66 36 109 63 0 84 25 64 42 73 21 134 83 138 2 72 45 0 84 0 92 63 95 75 0 68 16 181 93 162 142 9 49 0 30 12 20 36 136 6 62 93 54 39 0 118 73 70 24 42 6 0 9 0 45 64 12 96 103 54 42 81 85 84 0 143 70 111 0 54 148 140 24 32 45 84 6 126 21 77 52 42 18 78 0 50 8 12 77 129 0 56 91 54 48 28 99 13 87 45 74 0 8 19 99 96 26 59 77 27 24 45 40 6 27 161 0 68 3 62 17 4 42 82 56 38 60 7 42 98 0 8 72 0 107 30 83 6 48 18 178 35 12 23 84 28 7 0 0 107 42 103 0 0 24 58 72 42 21 120 105 125 30 35 18 84 0 33 121 92 79 88 30 63 42 80 14 35 12 0 57 0 62 77 69 0 0 76 28 81 0 28 170 0 125 48 32 30 46 64 20 33 110 14 7 52 106 0 48 26 166 0 0 38
105 56 9 106 43 41 317 73 100 109 52 108 52 104 170 161 39 53 24 112 30 88 114 167 46 51 124 61 57 103 138 101 95 159 79 198 28 100 42 134 94 69 8 53 64 7 179 68 104 148 205 155 12 44 80 71 54 0 110 107 62 84 30 96 257 111 96 110 109 21 26 81 67 34 65 180 63 40 15 17 60 74 31 33 131 70 81 385 38 5 42 76 81 130 7 36 24 68 100 112 81 103 33 72 120 81 109 24 236 106 80 19 113 90 141 108 129 75 84 0 99 126 75 66 109 186 35 124 76 161 53 73 133 79 84 122 79 172 18 72 94 66 56 77 6 30 87 102 109 42 291 159 42 292 118 67 0 15 164 65 78 58 94 164 87 89 72 193 21 97 3 77 134 136 51 62 74 96 90 150 137 116 192 123 212 26 116 81 41 35 76 89 84 26 63 17 183 64 10 8 87 20 161 145 49 127 3 15 41 18 87 104 98 138 0 136 122 151 133 96 87 226 8 34 77 89 104 45 37 60 83 278 95 126 226 20 47 143 157 94 48 159 3 58 58 113 93 117 36 104 106 59 112 58 48 38
42 159 32 21 0 34 5 136 185 2 21 43 3 60 70 1 49 0 28 36 40 0 66 99 0 75 7 37 72 24 9 57 69 103 36 51 57 78 81 147 0 153 68 18 6 86 101 0 27 12 72 98 8 96 116 124 160 52 75 1 77 1 0 2 16 119 23 53 18 42 24 25 136 64 33 56 0 21 0 46 77 66 71 66 45 35 140 81 42 0 28 35 6 69 150 0 25 4 108 132 14 100 0 95 3 98 5 95 30 24 79 122 12 40 109 79 83 0 55 14 43 24 142 86 7 147 68 143 8 64 48 76 5 29 0 28 0 98 99 44 28 66 4 12 77 50 51 56 217 64 51 41 8 114 112 0 111 72 57 54 41 70 80 57 40 152 73 58 0 52 89 24 34 18 36 48 227 43 58 76 59 57 151 0 68 7 2 107 140 20 38 101 12 186 93 56 88 4 27 113 28 131 175 37 17 23 36 8 45 0 3 4 158 22 21 0 60 37 32 40 0 93 56 44 0 16 91 0 56 45 40 57 36 68 136 82 114 53 169 60 0 127 0 84 24 32 0 113 0 71 42 114 32 21 59 94
103 40 89 36 40 69 98 111 82 80 76 82 162 31 71 35 57 44 86 117 86 4 12 104 27 78 164 12 58 68 0 119 20 13 99 43 47 81 14 80 71 95 38 40 75 33 202 97 22 40 43 81 16 30 30 168 36 27 49 28 46 83 13 48 28 84 64 26 124 110 71 43 31 29 106 21 0 77 76 8 23 78 3 63 12 49 0 187 66 15 112 16 145 5 0 92 44 69 38 56 42 155 30 12 9 11 38 36 0 30 0 92 105 59 67 96 58 24 79 42 14 53 84 0 0 51 108 3 51 61 0 71 53 39 63 25 12 12 45 24 96 99 76 48 143 45 95 27 187 36 2 149 57 32 45 44 99 53 12 45 6 32 48 17 61 41 20 66 37 102 122 121 24 101 64 9 17 4 0 0 105 36 54 105 39 7 114 73 68 25 10 25 4 22 61 0 99 48 0 21 68 126 26 75 46 29 128 27 35 62 100 38 91 82 0 97 25 114 46 119 0 80 137 26 108 92 31 26 105 54 127 27 13 20 49 34 26 56 56 5 19 48 4 67 118 115 69 95 24 54 125 57 43 81 41 169
35 125 18 0 0 117 65 86 48 55 22 117 0 18 187 30 36 4 74 6 118 87 6 10 114 102 17 1 32 20 6 14 18 0 0 10 2 30 18 40 142 165 78 0 15 63 67 8 0 60 64 19 18 12 57 165 80 84 23 1 12 22 0 42 60 34 54 34 46 89 20 63 30 8 0 0 95 17 24 85 2 152 0 3 16 2 83 51 106 0 36 0 24 24 77 14 48 34 61 63 31 13 14 21 14 41 14 8 22 18 2 6 0 71 81 52 26 27 26 18 2 27 3 4 87 93 108 38 60 59 28 97 55 5 0 77 100 68 58 104 5 2 30 36 124 24 0 57 69 117 16 30 45 85 93 96 20 120 0 24 57 19 41 0 1 18 0 75 0 30 36 40 13 30 38 54 36 7 3 57 40 145 26 74 21 0 15 67 26 43 119 11 78 118 33 3 107 0 33 41 11 24 32 68 7 49 19 5 48 18 12 16 39 18 124 72 2 55 0 56 8 0 5 111 90 25 42 0 72 12 1 48 121 81 20 8 91 26 57 50 8 28 0 10 4 51 91 102 14 0 142 72 22 58 45 116
68 137 73 12 72 14 106 7 101 2 30 60 53 60 8 105 125 59 223 4 18 106 28 33 31 160 4 27 81 9 81 210 62 27 6 80 0 38 54 48 56 20 3 36 40 165 14 104 111 191 106 202 10 0 108 72 70 12 296 37 74 96 119 214 102 74 44 123 0 143 103 132 63 108 4 29 213 42 84 121 48 54 66 18 0 72 63 81 64 150 171 122 24 81 12 5 84 99 69 71 148 64 81 75 35 57 10 0 78 65 130 5 113 23 28 45 152 78 22 21 85 64 15 42 0 25 41 99 48 72 40 67 72 35 9 71 35 45 191 16 0 92 92 85 47 64 115 70 91 100 75 49 96 18 54 26 63 18 21 35 62 48 36 88 84 81 41 143 152 180 82 0 35 48 43 13 41 63 65 20 0 50 50 40 87 46 45 101 29 165 72 0 36 0 103 0 66 47 27 63 30 51 8 84 5 103 0 17 9 38 105 42 33 0 69 15 117 65 68 69 69 72 93 45 100 81 79 119 44 89 97 45 218 45 63 100 63 63 0 77 66 90 23 52 11 64 63 35 135 91 128 0 67 105 9 40
75 182 110 12 96 85 88 79 80 148 77 212 166 48 89 6 78 48 123 12 49 69 169 108 80 106 66 43 10 88 56 36 52 93 85 36 46 187 16 174 21 235 0 21 71 61 134 149 64 151 89 48 48 40 126 130 87 36 59 109 74 89 41 102 96 139 175 106 50 31 7 98 116 200 56 88 130 3 36 135 44 87 53 0 72 62 96 114 21 66 190 148 14 66 25 107 46 108 72 112 156 43 80 66 132 80 110 38 6 196 172 27 98 128 25 134 109 40 24 34 153 131 16 30 66 153 79 21 32 175 45 53 177 133 136 98 40 83 112 97 80 91 81 84 20 109 126 167 130 48 67 41 38 41 103 94 10 158 34 43 81 93 50 45 3 46 97 124 64 134 60 112 16 24 60 102 117 100 54 132 66 158 32 37 144 16 83 66 177 138 69 92 51 108 130 192 139 34 104 63 71 45 220 49 52 3 8 33 18 50 25 171 45 69 154 0 47 40 79 48 8 103 192 40 208 132 84 69 126 2 65 115 90 36 214 17 92 0 38 38 150 166 36 79 108 48 84 167 204 29 50 47 126 48 59 58
136 15 15 24 86 0 33 22 56 107 81 25 0 48 32 134 65 0 65 52 24 42 66 56 68 144 83 48 33 109 0 57 94 36 161 88 50 26 12 116 71 65 0 42 129 93 98 10 22 29 14 144 0 58 36 19 156 104 59 14 60 18 138 86 56 32 11 107 58 79 35 67 54 59 63 37 35 28 6 26 17 0 49 41 13 45 35 76 5 56 114 48 0 25 99 71 38 25 14 115 78 34 75 68 25 69 39 32 54 44 9 138 26 89 9 69 121 54 57 42 64 122 35 81 23 154 20 58 75 43 29 89 35 45 54 107 36 105 45 41 54 38 0 0 46 69 130 102 75 100 1 0 5 32 56 9 39 90 36 12 4 0 71 35 27 126 72 0 94 78 103 88 100 45 129 49 136 64 30 96 40 58 10 10 24 0 42 162 140 114 72 35 0 9 29 56 122 68 3 110 54 62 100 79 0 0 38 6 30 62 22 9 27 39 37 24 21 36 98 57 60 44 138 64 183 0 104 0 58 42 68 103 10 85 103 13 8 52 0 29 8 112 104 0 10 118 20 27 58 122 26 70 6 59 18 0
8 129 71 54 45 9 75 216 122 71 66 104 66 27 42 37 0 50 20 89 66 64 76 45 93 8 69 63 15 119 37 99 74 21 88 0 12 71 193 136 62 95 28 87 87 0 133 73 35 135 106 0 12 10 32 17 51 24 39 0 26 36 33 161 102 16 51 24 92 4 9 54 82 102 76 117 61 53 64 45 22 48 36 24 0 5 21 25 27 14 63 66 6 32 48 187 20 47 59 182 15 27 91 0 14 139 78 21 24 26 48 16 68 78 142 40 39 15 16 17 61 50 18 0 94 20 25 111 64 23 9 0 66 60 52 20 8 0 101 36 212 112 9 6 0 0 12 30 16 6 9 45 45 95 64 70 46 40 111 57 139 126 114 0 44 115 0 35 45 29 40 36 52 67 59 70 60 36 0 33 7 124 106 57 52 36 3 0 65 27 40 152 0 91 24 27 84 100 13 136 15 4 58 32 45 72 41 23 148 35 18 84 10 82 56 11 37 22 24 103 45 0 22 0 37 77 122 15 24 105 81 10 78 40 54 96 69 1 12 66 161 102 6 24 22 23 72 24 58 103 64 9 41 159 24 78
14 32 45 126 57 85 46 48 60 52 30 0 54 45 119 42 5 52 27 155 72 0 12 117 132 71 49 34 0 117 48 8 72 15 53 72 43 48 21 166 14 25 16 66 109 66 154 12 0 88 0 94 58 48 71 0 76 0 24 20 118 12 39 49 49 42 30 113 16 32 40 47 24 93 77 54 83 0 42 0 0 8 0 0 0 66 36 67 18 79 5 36 0 35 28 5 30 7 0 185 105 38 22 30 0 45 44 16 10 36 16 36 21 79 0 69 92 44 8 82 83 116 12 60 54 78 74 56 0 70 0 34 0 0 101 39 4 99 48 30 188 66 2 80 20 20 111 52 57 68 78 64 81 0 122 112 20 120 64 109 10 42 84 90 0 81 56 24 18 43 54 104 0 77 94 63 57 12 70 24 3 117 56 54 12 6 34 12 0 63 102 8 63 43 0 48 0 35 83 20 89 35 99 64 0 97 0 3 45 8 80 108 90 16 20 62 18 20 75 91 42 20 203 0 68 109 175 73 40 66 54 48 6 115 69 64 71 18 9 148 104 58 110 40 54 83 96 73 42 0 76 12 111 32 0 44
32 43 87 25 4 26 98 104 87 0 52 63 54 0 32 0 14 108 74 105 76 161 36 36 99 36 5 72 15 8 58 32 28 158 28 154 46 28 0 160 18 6 20 17 103 152 47 35 9 76 75 88 23 20 102 175 157 24 34 0 24 5 23 37 149 99 6 42 24 118 0 33 127 60 4 73 25 40 45 0 132 0 9 103 41 110 130 141 66 16 4 23 44 21 70 64 61 149 0 77 150 8 33 18 49 130 63 40 42 155 0 40 26 72 18 31 108 26 48 145 131 125 60 91 55 54 70 98 13 90 38 42 69 112 161 0 33 15 180 61 0 18 9 113 45 27 10 37 52 35 35 188 54 56 121 32 93 7 27 63 3 78 35 70 78 38 36 45 18 60 65 8 41 33 55 4 28 1 50 37 60 39 14 8 71 24 93 20 47 35 45 145 9 58 9 63 48 21 0 58 93 0 184 101 0 42 10 34 5 18 18 40 89 46 113 12 57 74 38 123 41 0 131 8 63 41 174 161 4 9 68 30 10 29 6 33 66 16 16 87 14 107 78 27 86 88 119 71 46 34 18 0 79 153 0 49
45 70 12 57 107 132 60 113 167 208 50 181 165 117 75 98 99 118 102 75 81 134 43 55 155 184 5 54 132 58 130 135 42 0 123 108 49 43 63 20 49 5 38 128 208 281 71 174 132 185 260 110 74 0 215 27 6 15 39 63 194 180 94 82 99 141 42 111 113 127 133 35 25 23 150 92 156 111 65 210 81 28 55 64 90 115 14 124 121 42 84 125 98 173 102 94 49 107 156 100 100 33 68 130 8 38 211 0 57 196 61 114 99 44 178 93 16 86 211 0 72 46 39 36 0 115 53 25 132 62 85 86 45 49 99 112 63 54 192 116 80 126 118 216 66 105 82 187 135 39 52 132 0 47 144 82 63 84 155 237 175 106 38 98 247 22 232 84 63 79 88 87 37 24 43 14 103 93 27 162 215 23 0 81 130 84 137 357 5 119 52 42 99 75 201 112 35 157 0 12 203 163 31 42 0 40 59 0 156 31 88 95 20 138 0 35 145 85 3 127 124 28 116 96 179 114 54 145 28 172 200 92 57 0 61 51 140 5 130 192 61 106 128 138 150 39 81 101 109 159 34 110 98 158 116 5
8 57 87 48 29 5 181 55 115 27 45 159 58 47 23 72 64 117 56 32 16 48 153 87 34 32 26 7 56 8 0 76 68 130 30 21 0 96 5 107 21 35 24 42 72 1 13 144 101 76 0 53 91 156 149 55 72 84 18 0 0 23 10 123 37 51 0 72 72 9 79 31 57 74 6 12 55 0 52 67 39 2 6 0 0 56 49 56 24 88 42 80 2 123 104 126 73 41 88 68 140 54 120 121 56 9 6 96 15 71 152 93 112 9 147 87 112 42 131 8 18 167 0 50 14 85 35 64 104 45 61 153 0 0 97 123 72 83 45 49 85 51 0 35 39 121 48 0 119 120 63 9 5 45 39 1 3 112 0 14 30 27 8 60 107 27 65 0 31 44 86 99 62 0 53 32 207 47 111 0 94 0 9 72 64 32 24 178 75 0 96 67 0 143 72 66 80 121 80 144 153 8 26 35 0 3 72 54 80 54 87 27 81 10 49 110 60 0 2 17 16 43 150 63 43 39 92 49 6 49 194 209 14 82 0 210 122 32 47 40 0 207 76 48 138 150 111 97 136 62 27 75 114 136 82 126
0 54 6 54 36 51 66 46 0 0 18 33 0 48 81 0 54 42 36 29 32 15 39 12 75 0 0 24 28 0 40 74 62 42 8 30 24 7 84 27 137 102 0 9 6 22 0 0 66 0 13 54 136 126 62 108 60 0 21 30 48 109 12 66 128 14 6 18 0 39 48 48 18 24 0 24 8 4 36 66 63 27 16 45 78 69 12 29 81 41 51 16 16 78 42 0 0 0 54 0 0 25 9 216 0 66 45 27 14 0 58 48 16 63 0 102 48 21 21 12 27 0 34 38 42 118 76 36 0 20 34 30 26 12 54 117 0 40 60 42 197 63 0 37 3 0 22 45 42 81 0 39 12 73 18 30 24 47 32 87 49 159 57 10 87 42 51 0 6 127 3 18 86 55 18 18 0 30 0 0 0 21 48 72 60 63 0 36 71 22 6 27 87 1 35 72 73 82 97 39 36 6 68 51 0 158 6 36 32 50 12 24 175 15 0 25 6 42 18 27 22 48 31 18 16 97 26 42 24 32 3 54 42 68 78 42 74 106 84 87 171 85 39 138 0 6 48 2 6 8 24 21 0 90 96 24
0 108 111 12 80 56 58 80 85 132 27 28 81 23 50 18 32 188 63 6 0 74 12 105 63 94 0 27 41 0 0 107 105 135 0 0 72 44 102 10 9 10 16 67 51 6 139 92 51 53 96 288 0 170 0 172 83 0 69 84 91 18 195 123 56 65 6 127 55 97 91 33 74 35 0 0 63 43 0 127 42 27 40 43 99 42 0 102 80 119 110 91 102 40 40 42 37 10 28 0 121 40 99 36 15 0 32 21 133 100 111 30 27 81 54 42 24 45 59 67 28 24 0 80 24 128 30 19 0 14 9 120 0 27 57 54 0 73 85 25 57 13 12 0 0 77 68 36 126 42 48 86 113 0 118 83 18 48 18 0 42 45 83 12 130 67 6 12 27 111 81 10 74 126 0 130 40 63 59 84 16 98 0 40 12 91 75 3 29 0 0 20 8 28 16 64 0 42 17 113 24 9 53 97 3 27 0 42 0 1 51 64 9 30 12 21 0 0 88 73 88 78 79 0 83 78 67 52 0 0 24 118 81 80 33 27 43 112 48 15 6 24 52 152 99 36 140 39 22 0 65 120 46 122 69 0
0 0 7 0 0 81 0 37 0 101 86 15 86 6 90 16 0 50 56 0 6 94 27 0 24 106 0 100 95 0 5 0 24 53 0 80 0 0 0 24 147 0 0 0 31 63 3 2 54 18 0 6 0 18 63 27 40 52 15 0 36 0 10 48 48 0 0 67 63 88 49 113 18 73 0 0 74 0 47 117 4 56 2 24 0 105 0 0 56 12 23 24 32 23 35 27 0 14 0 24 62 20 20 64 0 3 23 27 0 52 56 18 0 0 0 185 105 18 40 5 0 5 0 0 0 111 0 0 5 56 3 54 96 126 0 5 0 7 34 0 72 117 80 21 48 0 10 0 21 63 0 90 0 0 53 40 10 1 0 14 68 27 7 0 5 8 113 76 45 8 27 21 40 0 0 51 0 0 0 144 54 0 32 72 76 0 22 109 42 14 17 14 72 44 0 72 45 81 18 28 0 5 25 88 0 63 12 0 79 22 0 10 81 45 17 27 0 14 0 0 15 12 63 0 0 70 0 24 139 18 81 40 56 38 45 50 59 137 27 109 74 127 81 23 72 0 49 45 66 20 9 21 16 21 5 0
4 9 81 12 10 121 125 97 12 32 12 14 132 10 66 0 98 16 93 24 42 0 0 57 0 68 30 64 70 63 111 191 16 6 46 12 1 84 34 54 4 67 0 14 93 47 28 84 20 36 49 73 0 8 41 55 4 0 114 24 56 98 28 54 54 136 66 30 36 88 87 32 0 12 36 72 152 57 0 79 50 40 26 34 12 59 26 188 8 29 72 36 38 80 0 46 30 81 34 49 28 90 0 16 0 31 105 18 59 12 68 54 85 72 43 26 2 12 78 58 39 98 71 52 12 88 37 0 11 46 0 34 52 21 12 8 0 76 38 4 101 18 20 181 73 0 62 52 50 26 97 133 67 16 88 81 5 6 53 48 24 82 0 0 60 42 8 161 48 118 0 42 0 16 40 78 84 72 43 61 9 110 18 21 20 7 13 135 0 28 69 81 50 76 1 0 57 64 0 4 96 72 4 82 0 151 14 9 23 0 0 101 6 48 0 0 0 32 0 45 87 20 45 20 46 36 49 14 71 0 72 119 18 2 135 56 82 10 75 67 59 137 17 59 12 82 0 40 72 30 36 32 15 60 24 42
51 0 71 18 0 0 105 42 111 0 0 90 42 32 122 67 72 77 46 54 57 57 70 59 20 61 45 6 102 59 101 175 28 27 12 36 56 15 62 0 39 15 21 18 66 113 55 61 70 108 66 156 15 30 15 104 11 64 46 0 107 72 44 107 25 86 7 72 4 75 75 75 40 13 24 27 165 102 0 30 118 0 30 108 87 90 24 20 24 65 97 85 20 8 100 24 5 36 68 42 25 70 60 91 0 29 6 70 40 15 121 37 0 95 90 18 15 4 14 25 0 0 92 58 0 42 16 0 0 114 13 62 15 27 18 42 82 48 48 0 82 103 28 110 28 51 97 48 58 32 29 72 9 69 75 6 0 6 69 61 94 64 89 42 25 59 0 21 145 17 95 8 76 39 0 46 73 30 32 88 10 48 18 30 30 3 51 127 52 48 82 24 71 0 28 93 60 42 33 45 58 83 35 83 17 0 39 0 0 31 30 8 78 27 25 55 0 39 45 98 104 0 80 79 16 149 42 33 18 48 26 45 43 0 93 54 161 69 97 93 141 126 38 98 25 6 78 52 53 20 0 20 42 8 48 0
61 132 31 72 20 45 40 59 66 152 104 88 0 25 93 0 0 64 35 9 108 139 87 80 56 28 0 10 0 12 30 47 87 16 81 111 16 121 0 78 9 24 14 51 72 35 96 127 14 124 104 25 22 0 68 170 0 86 0 64 20 42 46 165 107 105 36 40 24 45 35 16 93 75 24 2 73 39 35 0 54 0 77 34 140 73 56 0 98 40 79 25 22 58 0 0 16 57 16 0 122 39 107 36 14 20 82 67 106 2 62 0 51 56 6 66 99 0 0 8 49 42 39 6 0 20 21 29 8 74 71 69 107 66 56 81 67 119 14 136 45 28 95 34 2 36 32 45 10 82 27 9 81 86 18 71 77 86 30 49 21 30 75 28 12 2 0 124 80 131 67 93 12 47 91 92 76 87 36 86 0 124 97 36 53 45 73 0 36 60 102 72 40 48 167 127 15 0 105 157 18 2 5 63 0 30 15 41 8 76 14 18 12 45 117 46 95 27 0 45 60 25 0 19 85 114 16 104 0 51 20 71 60 10 80 63 81 15 30 47 46 42 13 85 45 14 56 91 21 42 83 0 61 35 0 0
35 12 4 89 16 62 62 14 23 10 66 58 56 51 0 64 48 45 107 83 26 46 76 57 0 183 2 115 93 47 0 27 10 27 32 128 27 21 32 14 45 32 18 25 151 54 40 57 12 26 63 180 26 60 8 65 32 111 56 61 34 8 0 104 81 79 10 110 135 0 0 137 66 49 90 71 0 0 2 45 4 36 51 58 0 89 51 76 9 86 1 20 69 74 2 20 27 4 70 54 109 20 42 25 15 1 40 45 166 55 89 102 0 47 20 79 54 45 70 0 0 60 18 6 55 224 23 58 47 79 1 76 60 91 30 30 46 0 41 31 231 80 45 12 40 4 18 90 96 49 36 100 17 71 29 48 16 0 8 3 0 148 103 62 135 2 140 5 97 72 98 0 101 51 104 27 94 20 24 0 108 59 18 6 70 119 30 88 20 0 6 64 75 38 6 10 44 13 60 40 81 73 90 32 34 26 53 2 66 87 113 105 27 94 24 78 32 74 117 0 37 165 70 102 58 2 114 67 24 0 122 30 105 91 102 13 88 54 20 81 57 18 34 41 0 69 9 64 3 66 24 142 5 23 53 22
21 115 30 106 38 61 16 64 0 49 46 64 78 5 72 18 126 38 21 4 66 27 149 8 54 90 54 89 84 0 96 60 93 36 62 32 9 64 51 153 0 50 72 30 38 7 72 78 10 64 150 67 52 139 107 87 122 45 143 3 84 82 0 24 112 99 18 42 0 44 24 89 170 89 56 94 261 25 53 53 0 0 33 47 86 8 0 30 14 84 64 197 110 56 108 9 67 21 72 95 0 54 0 113 47 93 36 16 16 87 22 20 0 0 11 81 120 0 131 104 63 40 24 111 0 51 42 2 54 52 0 67 133 156 43 40 63 220 112 36 96 9 42 0 0 2 5 18 40 0 79 26 72 73 95 7 32 8 0 75 45 55 104 184 19 26 48 14 45 126 54 18 36 72 71 38 109 37 164 153 94 53 72 62 129 45 20 201 134 12 105 0 24 8 53 139 62 89 64 57 36 66 72 82 31 64 40 76 45 0 70 141 63 20 9 72 0 203 4 49 72 129 143 35 43 179 155 23 90 45 40 0 147 179 80 49 205 117 0 77 48 137 104 27 114 40 0 72 116 27 119 77 48 42 0 0
0 46 42 52 30 77 0 38 92 0 56 63 58 0 50 48 51 0 35 1 49 22 16 16 0 38 0 22 0 83 12 122 49 70 24 0 0 10 0 74 63 40 32 49 0 71 0 77 42 204 14 66 6 61 28 69 15 22 0 16 74 0 64 5 0 21 24 35 35 20 0 90 53 56 48 23 8 45 3 35 14 42 0 15 0 21 112 19 6 30 18 49 46 24 0 44 16 72 40 0 77 12 0 9 0 19 14 75 59 10 60 5 0 28 0 0 37 28 6 15 11 0 48 14 30 30 28 66 20 0 11 83 61 86 92 17 25 22 22 23 56 111 30 81 33 76 0 54 16 61 130 137 64 5 45 35 6 18 8 30 27 54 136 72 25 35 0 19 21 47 0 56 0 14 82 0 56 0 24 0 12 122 40 46 8 28 63 63 6 0 0 51 66 20 14 79 0 12 21 14 20 72 44 2 24 69 0 8 20 55 20 0 113 69 80 0 37 50 30 8 0 28 54 0 79 76 46 69 56 6 22 15 0 53 51 81 77 95 0 146 57 24 34 92 70 21 61 98 24 5 7 0 54 7 15 10
0 57 55 66 30 109 70 170 122 18 70 100 0 9 89 0 0 0 56 32 88 61 173 83 41 83 0 35 157 0 0 30 8 0 2 0 8 60 103 29 49 81 20 6 66 74 53 38 32 165 94 7 77 115 15 132 48 48 0 8 122 18 14 105 18 3 10 74 0 0 8 135 0 116 0 45 111 7 14 20 12 44 63 99 7 5 72 101 30 16 61 35 38 135 72 104 0 7 0 28 14 30 125 207 0 35 116 105 28 36 72 46 27 45 42 114 13 98 12 5 0 24 73 3 56 0 98 10 63 71 14 8 0 0 36 59 0 40 114 16 130 0 46 56 28 4 24 42 92 8 1 40 15 57 54 38 30 9 8 21 48 24 145 99 67 50 122 19 180 99 132 9 30 96 18 58 101 25 0 72 72 74 32 69 0 54 33 3 40 0 77 8 21 82 88 140 64 66 36 78 54 52 56 0 3 55 82 7 66 24 13 56 86 82 37 44 31 30 14 28 53 28 40 13 14 22 10 0 32 0 222 59 0 49 147 40 104 33 136 7 40 45 0 6 114 0 18 21 0 87 133 129 9 31 37 0
27 160 7 108 0 93 96 75 65 0 73 74 135 75 153 26 68 65 0 102 36 36 36 64 227 144 28 48 4 72 17 174 142 120 236 18 0 74 76 56 21 161 25 74 109 37 22 92 15 114 125 6 72 182 90 70 90 45 5 4 117 42 10 44 4 0 12 82 0 61 49 53 111 1 82 79 24 35 71 17 44 40 58 0 18 0 77 43 14 144 29 75 0 112 65 63 9 65 161 134 77 28 46 89 12 39 77 6 94 81 0 86 6 112 136 36 44 34 47 33 10 10 66 109 0 90 52 0 9 115 53 96 21 6 86 79 0 61 127 49 85 36 0 76 95 23 70 9 166 35 51 46 0 3 18 74 91 32 49 116 63 7 123 153 5 20 155 64 78 88 112 68 40 18 42 58 86 14 51 24 45 96 78 42 57 15 6 165 25 40 48 135 67 104 2 0 86 50 105 34 61 189 56 49 4 160 6 0 108 48 0 12 96 137 42 0 3 94 14 10 15 56 66 30 18 103 58 0 4 82 24 40 42 158 55 44 87 72 30 92 20 35 42 102 30 138 10 78 52 0 0 16 46 102 92 72
8 48 32 2 28 16 0 2 14 24 148 41 0 9 42 44 22 12 50 18 16 16 61 12 21 177 4 74 28 25 0 91 46 6 37 32 16 36 0 38 64 86 55 22 4 28 20 8 0 16 18 88 51 139 99 4 20 56 30 0 14 76 32 32 8 21 0 109 45 125 50 83 14 8 18 53 66 72 0 30 0 132 0 1 8 16 0 65 95 64 92 8 96 36 0 6 24 42 112 0 0 54 0 112 43 2 8 0 102 39 62 45 97 115 43 81 24 12 55 74 0 94 27 27 16 10 59 34 24 61 7 48 5 75 24 155 24 60 18 0 85 7 51 48 8 0 0 4 26 6 14 1 0 0 45 45 25 25 22 77 51 56 73 29 101 11 20 124 43 3 29 18 56 17 64 53 24 0 42 63 9 27 112 72 91 49 27 37 0 8 12 0 32 40 21 123 8 21 8 8 27 60 23 114 42 61 0 2 77 4 42 16 12 44 43 0 40 0 46 0 9 60 10 0 17 173 24 42 30 14 14 59 65 44 124 56 55 113 39 92 0 0 67 54 0 35 6 72 0 7 0 19 15 49 79 28
20 69 51 64 90 28 36 15 56 78 27 26 58 52 58 36 27 0 0 83 55 2 170 68 58 51 22 69 36 15 0 69 20 90 25 59 16 182 6 24 58 24 9 31 45 29 50 118 0 64 62 0 0 40 69 61 16 109 34 33 32 93 57 28 44 0 18 45 99 12 9 26 9 15 15 110 0 4 35 70 24 24 36 62 82 0 3 16 18 27 27 80 0 99 64 100 22 38 27 38 32 161 12 24 0 25 22 8 34 18 167 93 63 77 75 30 48 32 110 71 98 18 28 37 21 80 21 0 0 169 4 32 78 12 67 108 20 10 4 41 82 0 44 0 36 117 16 28 66 60 26 48 4 17 10 52 0 0 72 4 4 51 0 22 20 17 18 33 8 42 8 36 6 28 18 21 101 53 32 32 56 65 0 0 12 0 25 0 28 14 127 9 59 86 83 62 111 0 16 68 54 85 98 99 0 87 40 56 21 32 23 88 41 5 48 20 60 0 23 12 0 64 18 43 68 44 67 28 145 69 98 81 24 67 95 60 98 24 3 0 51 4 82 28 54 68 0 109 82 25 120 0 18 0 88 24
87 83 102 81 83 0 40 123 0 48 149 87 99 0 147 18 60 106 65 16 105 103 176 120 72 55 35 9 69 73 18 64 24 0 63 101 90 24 88 123 106 80 15 45 72 68 35 154 71 168 81 67 0 82 105 227 70 113 46 0 153 98 60 126 0 143 119 15 111 3 235 27 66 63 74 12 84 56 40 49 122 8 20 64 72 12 35 12 30 65 18 9 87 103 0 63 101 76 97 0 30 119 77 94 0 96 101 55 57 55 173 108 33 7 15 21 54 15 24 49 114 115 110 11 0 27 70 6 0 142 47 0 16 64 42 15 76 118 48 84 58 47 97 30 103 20 57 21 148 56 6 39 15 145 81 24 109 60 71 95 30 0 121 8 63 76 98 200 163 60 249 6 97 85 42 160 115 56 0 0 60 152 72 17 84 117 51 25 55 54 48 110 88 90 14 21 135 131 45 168 0 101 48 8 64 0 96 0 64 43 115 112 40 30 40 48 44 87 51 12 36 136 24 26 81 36 0 135 74 126 127 151 81 112 27 44 128 23 150 84 85 248 28 117 6 0 18 7 18 8 58 110 0 149 58 59
41 12 12 40 20 185 0 2 63 81 18 73 60 45 138 0 49 25 0 28 54 48 121 45 123 93 0 0 63 45 0 247 184 0 0 110 39 20 82 12 27 84 8 60 4 6 25 39 0 220 9 97 69 85 117 152 15 80 7 24 21 30 30 91 0 0 16 8 30 0 67 88 39 21 0 32 25 47 0 164 64 47 42 79 105 40 58 10 36 90 45 74 16 126 102 65 32 111 60 12 85 77 32 54 83 8 86 61 104 155 81 51 0 154 18 162 24 86 10 0 0 0 117 89 0 66 74 0 80 78 0 79 39 40 0 88 46 9 10 0 81 77 36 66 8 18 73 87 56 82 143 204 108 23 70 6 0 14 48 53 20 94 70 54 110 62 63 2 56 62 51 78 0 118 60 63 131 27 0 39 35 168 16 64 0 63 90 83 2 0 2 63 15 0 90 37 102 105 10 84 32 117 72 42 0 20 15 10 14 10 62 72 24 49 25 28 22 9 42 59 36 10 15 45 58 47 0 68 88 59 60 20 30 34 123 14 117 96 105 77 106 92 89 157 79 96 65 141 16 12 59 16 47 82 36 0
25 79 0 116 20 51 43 108 4 66 47 62 54 8 48 41 48 63 20 57 85 63 66 62 0 24 6 0 35 9 51 19 42 72 63 92 0 162 3 35 28 35 72 39 107 154 88 40 12 34 90 48 0 51 115 90 79 58 63 84 0 12 24 19 138 34 18 66 0 58 75 12 45 31 0 2 0 46 24 34 30 2 42 5 0 7 0 119 0 53 0 107 28 7 0 78 60 65 79 24 0 77 0 129 86 12 51 46 35 216 56 145 42 64 43 18 24 0 54 4 34 12 0 76 24 90 46 40 45 26 12 4 82 42 18 157 30 27 63 94 25 108 0 34 14 75 91 117 42 57 12 221 20 0 25 8 77 33 84 67 36 18 74 137 0 24 18 2 0 41 63 52 8 54 33 0 152 106 90 93 82 37 22 40 35 0 14 54 40 0 6 74 45 148 142 4 92 18 56 30 10 8 102 32 18 40 18 39 32 24 10 150 18 4 0 4 14 90 42 0 18 138 25 32 72 46 54 10 84 26 109 84 44 73 36 41 48 0 24 82 54 139 107 60 10 47 7 237 112 67 77 29 70 63 48 71
2 46 72 52 44 150 39 121 56 95 94 31 36 32 102 50 20 18 32 122 38 16 68 4 27 41 5 30 20 90 14 155 105 24 48 6 35 41 14 20 165 60 0 24 51 104 156 42 12 57 97 96 71 47 76 70 94 63 48 4 105 76 24 72 64 91 37 78 87 123 66 107 54 62 3 20 49 50 105 2 0 56 26 72 14 2 19 52 6 81 58 86 48 36 75 0 24 82 0 1 4 16 5 73 14 77 65 0 0 48 28 22 16 58 21 8 28 5 25 0 46 81 56 36 69 20 130 12 0 102 0 16 172 61 18 55 107 25 42 5 116 41 38 56 156 32 8 81 16 30 40 83 119 86 58 24 0 58 9 10 53 0 80 3 42 14 2 33 25 147 119 54 72 40 27 108 5 32 0 45 25 86 0 110 46 44 35 8 6 12 42 56 90 53 0 108 42 57 19 89 24 89 38 42 15 48 4 56 47 15 16 74 0 14 99 0 16 40 104 48 24 120 43 41 125 88 8 99 87 105 42 24 18 32 54 60 112 99 72 0 74 74 45 51 39 44 6 42 8 81 70 13 34 39 0 48
36 63 53 119 0 49 64 130 56 2 101 71 34 0 15 131 0 80 65 129 129 177 138 27 10 226 9 145 6 36 0 60 73 0 21 54 0 67 18 68 6 4 36 4 84 88 89 50 70 83 91 94 28 21 287 86 23 3 105 35 75 77 102 170 64 35 25 50 191 10 30 64 0 30 53 115 7 2 6 49 13 96 8 28 35 83 49 58 6 0 8 63 6 71 86 0 18 61 27 76 80 77 23 35 3 84 64 14 98 87 88 58 4 1 66 0 116 76 61 18 68 16 34 36 66 160 10 112 0 51 0 96 69 126 78 24 42 5 153 11 80 132 0 12 56 21 0 63 56 36 51 141 18 49 70 16 61 63 0 98 45 0 123 43 4 64 66 0 72 18 32 0 36 21 40 8 32 69 82 9 98 134 51 2 61 13 96 59 28 63 6 12 0 0 76 66 84 10 48 85 0 0 80 7 5 36 2 0 0 14 66 119 67 0 31 0 105 18 96 0 7 119 91 102 27 52 78 144 35 36 150 61 20 28 49 30 119 35 0 175 56 22 17 49 23 24 24 87 8 112 7 0 80 71 36 78
34 57 22 40 63 64 66 22 79 50 91 72 27 49 110 73 100 34 39 35 42 84 68 71 39 107 56 42 0 84 45 110 93 114 50 60 37 73 0 67 25 46 43 15 108 24 12 26 4 162 18 100 24 131 111 84 27 122 29 54 17 16 96 160 24 61 0 24 8 0 133 28 97 112 144 37 60 93 38 69 57 24 3 53 70 137 10 14 25 116 7 78 80 2 21 32 8 44 73 42 21 13 30 42 0 69 0 44 84 47 85 6 74 91 23 25 46 71 1 48 0 48 36 100 41 37 40 105 0 47 7 95 2 18 37 42 72 126 32 56 83 39 45 151 8 76 123 10 101 50 30 102 10 0 13 17 28 106 122 111 86 1 139 81 45 40 30 35 63 0 18 56 50 79 64 21 57 74 3 12 1 78 71 54 7 4 90 18 7 15 54 11 58 79 48 40 20 0 27 118 0 9 48 110 0 40 32 11 41 16 33 15 70 0 30 0 72 20 72 0 73 52 61 6 47 96 126 47 6 101 8 125 72 70 91 169 93 68 20 159 166 92 179 5 14 42 9 56 18 21 24 16 60 2 32 20
37 97 19 14 21 51 3 101 90 96 2 21 5 0 66 28 14 124 39 48 92 153 46 51 59 27 25 0 0 76 118 22 6 86 4 75 124 31 4 122 2 40 23 73 25 17 138 15 40 42 0 0 63 34 76 117 23 12 49 16 54 66 28 9 177 159 76 164 42 7 27 78 57 20 61 9 0 35 64 42 0 0 35 12 0 24 48 86 46 108 25 6 28 66 20 6 60 20 24 79 96 22 6 26 63 24 46 0 42 141 70 0 0 95 24 85 31 10 14 14 51 112 36 54 127 98 15 110 24 10 48 102 27 0 4 0 46 16 18 8 3 84 0 4 10 12 34 39 12 57 120 109 56 22 62 116 49 68 9 108 87 48 42 40 21 31 48 1 0 6 30 135 104 53 42 173 41 8 0 44 42 65 56 39 0 7 4 0 53 58 0 37 0 21 40 0 72 54 45 70 66 32 6 63 20 130 75 0 0 42 6 104 46 31 19 34 102 53 21 76 110 43 76 76 76 67 26 77 22 100 46 42 4 67 33 52 51 9 16 82 12 123 48 24 52 100 90 20 36 14 0 45 74 105 8 36
12 169 51 20 0 0 23 64 30 6 201 87 0 59 72 52 72 55 6 0 63 18 42 54 61 100 30 0 105 0 81 176 0 0 14 103 49 211 8 6 68 129 52 69 48 14 49 126 35 58 50 140 2 75 79 64 90 70 102 14 76 176 81 70 74 155 19 37 194 110 0 28 38 191 28 29 116 122 6 0 127 36 21 29 69 5 103 0 120 67 183 6 64 52 82 64 38 56 56 50 53 8 70 67 0 26 16 35 49 27 131 45 0 19 53 25 98 0 39 6 30 56 111 13 0 6 108 39 27 113 0 2 75 51 20 39 91 0 96 0 98 18 23 102 101 73 6 39 7 115 0 23 16 71 66 90 89 78 67 50 0 37 45 0 0 108 63 7 55 48 120 56 0 8 107 24 104 57 37 36 42 81 65 38 49 0 34 147 30 0 5 0 0 69 45 0 6 40 13 106 21 127 55 62 0 8 21 42 28 10 145 4 12 0 65 48 0 18 38 36 162 114 48 0 81 63 45 18 42 157 77 0 3 89 48 128 208 3 99 74 75 105 165 44 11 18 60 56 20 26 37 57 7 19 0 36
85 40 14 49 6 61 75 156 197 66 14 36 49 55 43 59 20 0 8 101 212 0 98 80 0 57 37 56 59 63 63 42 140 63 60 193 39 193 28 56 104 97 48 68 78 151 226 14 24 69 70 103 49 6 96 162 21 181 72 8 35 48 68 65 35 30 74 167 160 28 37 48 82 31 59 88 28 5 34 88 49 108 26 38 0 24 6 92 0 54 11 51 38 14 79 146 129 125 152 45 5 81 85 0 0 64 19 24 46 45 189 47 84 122 89 33 19 9 132 4 65 10 0 71 49 132 83 9 44 86 0 48 41 21 60 123 51 28 42 104 148 64 39 54 36 83 40 0 10 70 75 33 0 72 19 40 119 56 35 3 81 92 56 109 0 19 9 13 54 41 13 18 25 73 83 81 90 46 110 36 99 96 8 50 38 6 34 0 17 83 101 52 38 72 162 0 81 53 17 76 17 36 46 56 20 144 6 3 54 31 7 86 54 74 40 71 130 0 73 30 0 17 181 75 87 157 7 59 18 85 96 157 35 2 105 48 79 89 15 84 158 102 0 18 60 97 124 81 54 134 61 32 92 87 204 106
89 0 6 4 30 0 39 68 32 39 41 35 23 59 45 65 18 25 20 57 22 67 53 67 71 26 6 47 40 89 32 115 28 16 32 18 41 36 42 38 10 54 0 2 19 42 87 10 3 66 72 0 8 98 102 22 30 0 0 10 11 20 26 53 17 32 44 10 0 10 45 42 39 0 18 1 9 36 51 27 33 15 3 7 20 25 16 9 3 66 18 11 22 0 12 0 0 0 52 47 37 0 6 51 64 0 3 32 27 62 27 101 25 40 6 26 76 19 60 24 94 31 10 55 62 15 18 53 13 23 0 28 15 16 19 7 51 38 12 29 0 112 39 12 3 27 20 13 61 34 42 3 0 25 24 13 0 35 29 33 47 0 0 22 12 16 42 0 26 106 67 62 124 32 26 0 3 54 11 14 7 0 2 0 0 59 18 14 82 37 63 0 0 0 0 63 82 10 28 17 7 100 59 99 4 10 37 1 8 0 18 13 0 18 16 7 6 0 31 36 34 4 19 14 91 86 78 40 38 68 10 22 32 18 48 1 46 25 45 35 0 41 41 63 10 43 140 24 45 16 27 50 51 98 0 30
72 84 158 78 0 104 158 33 0 56 115 96 117 90 205 63 0 45 217 3 32 110 104 112 88 195 14 72 0 27 35 167 0 93 61 16 5 73 24 18 0 30 30 0 55 59 84 121 21 38 52 108 104 71 113 18 54 24 82 32 118 91 43 133 87 155 70 32 27 17 22 45 107 7 43 123 155 16 14 21 71 12 8 28 3 59 63 225 21 48 33 122 52 72 36 72 0 49 40 70 151 43 110 72 52 65 0 38 61 84 0 142 8 56 18 24 150 0 68 30 0 63 18 52 0 175 2 51 26 127 38 86 63 54 61 41 36 51 84 56 32 111 16 56 104 15 27 4 80 72 74 34 0 32 150 72 33 32 7 14 0 24 6 63 91 28 154 80 1 87 24 40 8 63 24 89 28 56 15 27 110 99 40 25 100 0 88 36 29 0 20 42 91 92 87 16 50 69 98 104 133 100 20 32 20 92 81 20 54 46 42 66 37 103 63 71 0 42 67 35 36 33 172 56 43 70 186 13 0 18 144 18 119 117 168 79 75 64 124 80 51 144 26 78 8 137 2 57 98 7 32 95 24 107 49 42
91 56 39 183 36 132 66 23 66 0 45 37 87 153 63 114 0 38 24 27 93 24 84 111 5 0 27 22 21 12 46 69 31 35 85 96 68 24 114 12 95 75 0 0 63 95 0 65 55 28 66 133 100 40 114 72 8 28 0 0 102 37 43 66 76 28 57 116 29 84 91 129 92 72 78 0 0 73 63 25 13 42 137 36 30 52 7 12 32 110 72 62 26 0 139 42 65 0 0 12 58 128 47 57 65 7 88 91 69 50 146 171 36 67 27 52 54 40 20 18 145 45 42 20 8 150 0 24 58 72 36 114 141 0 16 3 0 12 105 0 91 41 0 14 5 79 69 120 60 59 117 45 46 109 20 20 0 79 57 0 49 36 111 0 111 61 83 72 0 110 112 55 19 44 165 63 30 51 83 59 187 0 12 96 0 89 113 36 15 118 4 46 151 59 160 0 93 0 114 158 12 117 75 41 8 109 51 34 115 19 251 70 177 16 0 99 85 14 75 114 12 121 0 0 36 12 78 110 35 40 149 56 71 38 119 83 30 155 39 146 117 71 156 45 42 92 78 81 32 12 73 84 3 108 75 124
18 122 70 0 0 72 127 188 104 125 38 59 45 82 12 95 90 12 45 76 43 120 9 77 99 69 0 48 20 71 125 12 133 88 70 0 38 6 40 81 56 81 30 24 125 55 15 43 8 113 14 47 42 78 98 86 117 54 11 40 33 17 2 137 53 103 29 41 7 23 53 7 102 75 64 35 132 109 56 55 82 42 39 34 30 63 32 73 98 64 4 44 45 58 24 90 25 14 48 30 39 55 12 79 34 87 53 62 25 88 146 167 14 47 68 57 34 12 59 52 30 0 33 240 32 96 36 138 16 27 0 71 46 62 36 50 30 0 77 59 134 38 15 32 90 52 135 54 175 77 28 65 10 0 41 82 21 93 63 74 130 87 207 82 28 105 27 0 50 62 137 25 85 209 128 40 117 54 7 9 0 21 54 24 6 142 48 94 59 20 41 126 12 120 40 4 84 24 15 185 40 6 32 98 10 55 51 12 20 76 23 56 66 47 14 12 82 36 67 51 3 11 95 93 170 60 122 10 31 8 103 118 0 105 20 88 115 15 56 32 40 70 35 74 28 46 173 49 28 28 30 30 16 82 47 91
77 100 92 98 0 0 56 14 91 26 58 157 45 55 221 55 30 71 99 151 64 70 124 166 252 141 30 113 140 73 18 155 95 72 121 123 60 48 96 97 56 24 22 67 89 191 18 202 84 188 21 155 22 67 101 150 51 137 28 179 156 93 148 56 48 28 147 131 181 71 211 189 111 38 20 82 22 84 10 211 22 7 64 38 101 95 104 107 58 24 83 83 132 153 72 31 94 72 87 131 76 121 80 38 36 23 128 162 66 232 75 89 60 262 48 172 120 183 34 125 100 156 44 209 24 49 140 12 8 169 98 101 23 122 127 91 8 81 113 209 199 49 114 147 121 79 155 129 74 75 41 176 113 98 34 26 6 104 35 20 83 37 170 81 200 19 180 129 141 6 155 36 179 171 139 194 99 20 70 188 60 387 0 83 168 115 116 104 120 40 97 172 98 90 27 117 265 98 0 108 80 19 75 219 34 94 154 24 46 79 106 150 109 52 39 49 97 152 88 77 42 56 198 135 133 85 167 194 50 102 106 189 129 74 66 63 184 127 117 164 138 223 84 90 123 78 26 119 80 41 75 53 37 54 107 10
35 137 0 24 24 88 82 11 88 0 18 126 75 55 81 37 84 0 99 0 0 18 6 92 16 114 56 24 24 28 50 47 99 0 211 74 9 58 75 0 8 66 0 0 24 27 102 0 59 133 66 79 10 22 151 16 108 42 0 30 68 39 61 28 130 7 73 48 0 4 94 7 32 0 164 0 0 10 1 117 8 26 0 0 9 123 82 84 29 42 27 148 2 100 37 32 6 31 138 51 10 250 0 3 38 0 45 20 41 117 203 37 157 3 21 56 5 86 54 12 8 0 4 42 117 59 45 8 78 21 35 9 104 16 43 15 54 141 48 64 16 63 63 6 0 99 108 2 213 16 12 27 0 30 53 110 16 117 0 75 55 2 51 93 96 0 72 18 0 12 0 82 27 79 28 0 57 34 8 121 18 41 26 145 61 85 39 84 141 27 6 87 39 0 174 0 114 16 132 28 54 123 43 61 33 24 9 14 0 9 0 88 18 129 10 43 166 102 57 75 14 75 27 20 76 90 48 63 6 105 54 29 28 66 118 6 88 78 87 12 96 64 53 66 36 51 6 16 68 43 4 53 72 102 18 77
1 80 44 88 0 0 216 0 64 0 0 60 42 102 106 101 49 82 0 16 126 76 83 177 111 129 40 99 42 16 86 119 21 24 74 100 79 0 0 209 122 3 0 75 13 126 72 63 50 195 21 28 0 57 104 60 126 71 81 35 121 62 76 81 292 103 64 124 0 145 88 120 216 60 45 97 100 61 0 0 8 71 88 28 95 57 105 153 78 0 74 136 85 79 45 0 105 38 153 116 40 123 81 112 98 63 49 59 86 97 46 46 82 230 33 81 116 21 21 117 32 88 106 48 120 59 0 111 30 107 126 119 86 79 78 7 35 215 49 54 0 105 70 104 177 88 36 170 72 53 243 37 95 148 12 18 0 178 68 56 173 43 115 108 57 93 56 128 76 24 60 107 132 100 127 215 110 120 165 152 117 97 72 68 125 77 109 144 134 0 38 12 18 24 30 33 63 78 36 10 28 24 46 182 0 30 101 60 60 30 80 73 78 66 21 101 142 81 12 159 56 184 72 64 68 113 72 0 0 100 37 169 86 164 96 2 78 92 103 45 5 78 80 37 98 100 24 112 0 106 151 32 40 114 0 49
29 0 205 158 34 24 34 47 72 25 0 87 9 49 6 73 2 8 59 31 20 20 10 78 0 57 4 62 0 19 24 48 48 93 16 3 81 89 2 20 74 45 39 16 36 24 20 84 0 103 14 36 25 24 43 0 53 6 14 20 0 108 48 114 45 49 82 64 96 2 61 52 25 45 16 149 41 99 12 156 55 27 24 28 27 12 0 86 0 50 80 40 71 116 84 30 37 51 79 0 44 173 9 30 7 10 0 3 12 45 104 27 0 36 50 44 30 64 20 64 8 2 12 27 47 18 64 0 0 141 0 66 8 26 24 35 26 0 14 0 129 90 0 0 3 89 16 74 8 0 54 138 20 24 18 74 98 79 98 9 60 30 52 114 0 20 78 54 28 1 42 0 38 154 2 63 59 28 101 12 12 47 0 20 87 0 94 0 113 6 25 0 6 76 132 68 123 24 6 0 15 109 8 66 24 20 48 71 27 60 37 24 25 58 24 3 92 43 125 30 0 105 87 0 42 28 2 107 56 54 28 0 46 1 95 9 36 0 38 102 12 52 61 0 18 28 28 0 10 0 75 18 35 0 67 56
45 40 15 74 36 34 31 2 42 72 7 20 45 79 0 67 10 0 56 54 79 16 48 48 72 126 0 37 0 53 4 2 0 0 73 36 48 5 2 55 0 84 32 30 63 16 88 5 61 7 29 72 50 25 26 12 56 48 0 0 48 103 5 79 0 65 0 60 39 4 0 69 8 0 23 12 9 7 46 0 10 10 37 0 0 12 96 56 27 6 20 6 41 82 96 61 54 3 20 41 50 41 38 110 0 10 24 14 72 22 23 0 55 8 75 20 56 24 40 0 54 41 42 2 18 62 0 36 13 118 0 0 0 12 0 0 4 32 48 53 51 53 6 16 64 31 0 78 80 56 34 1 9 36 4 106 15 56 0 0 7 5 47 0 10 6 103 12 9 42 55 84 64 80 32 47 34 30 14 0 36 115 37 2 55 0 25 17 0 0 0 35 0 92 45 0 78 40 61 84 20 2 56 36 0 39 0 5 64 15 56 4 0 100 40 70 47 35 110 46 20 55 0 5 76 101 16 30 0 130 52 5 9 152 34 41 5 38 0 57 17 12 64 48 5 35 42 76 20 2 94 0 10 54 24 79
62 143 7 16 24 0 0 64 83 86 26 9 54 0 11 49 18 45 55 72 27 20 119 26 12 11 29 26 0 63 51 73 0 0 25 44 89 35 0 6 20 74 80 42 0 53 93 5 62 14 36 12 0 42 71 39 103 22 61 66 48 0 91 0 53 50 42 23 45 66 0 30 10 29 0 1 0 93 16 42 18 28 50 31 36 0 76 28 76 46 23 100 43 35 35 45 65 24 98 49 19 87 24 26 24 29 29 8 35 34 76 45 5 143 25 0 0 0 64 28 0 0 12 45 14 34 47 83 28 0 88 41 5 26 57 40 3 17 62 13 18 106 0 7 8 33 4 25 67 50 56 69 25 40 0 31 98 48 45 52 63 27 104 15 16 9 18 1 15 51 96 12 70 0 80 83 45 113 0 42 67 24 47 27 20 0 60 10 71 0 4 8 36 64 87 32 128 0 7 155 14 85 53 167 48 9 72 33 4 47 4 0 78 37 8 36 7 52 39 0 65 81 20 146 107 125 60 32 34 21 5 67 17 133 30 79 115 44 62 7 61 93 4 16 73 89 57 44 18 30 27 99 48 0 0 56
25 105 35 13 18 60 112 145 40 176 48 51 86 0 0 7 98 9 42 40 136 132 95 76 136 45 0 29 0 110 0 45 14 50 86 117 101 132 80 173 72 86 114 54 88 140 81 30 24 64 99 31 16 82 233 181 121 111 164 6 68 82 221 81 140 73 8 40 32 121 70 76 152 146 47 42 44 44 0 200 0 56 86 5 4 50 0 94 3 61 96 6 7 99 12 0 70 6 14 0 87 68 58 84 0 44 114 40 132 0 148 97 136 53 24 106 118 66 49 77 42 101 2 12 21 5 159 0 0 115 44 96 114 66 0 0 0 64 133 45 76 121 98 18 60 44 40 76 76 58 74 55 34 9 75 102 27 42 15 24 36 101 93 0 95 28 149 62 42 156 95 36 0 75 155 85 93 71 39 15 0 140 64 45 0 0 16 0 32 36 16 131 84 121 110 56 111 117 49 41 0 63 0 29 0 66 0 39 81 138 12 79 20 78 51 94 59 24 71 101 44 35 25 15 0 65 86 91 32 93 246 94 17 11 139 60 216 0 24 16 8 67 174 42 61 12 0 87 115 38 18 92 92 111 16 56
10 138 172 123 86 34 15 30 147 285 159 0 54 45 123 140 18 4 125 18 47 19 209 47 15 54 7 70 56 64 34 31 25 85 105 148 79 133 6 39 126 42 118 125 40 85 30 146 72 8 151 156 44 102 178 42 38 0 4 92 78 86 89 139 71 121 45 148 88 0 19 95 98 85 101 172 47 100 40 97 79 30 93 108 63 67 6 145 69 54 33 102 88 36 97 63 51 42 69 43 49 45 97 112 130 29 60 21 157 150 138 176 2 36 45 103 52 11 57 9 94 25 10 66 28 63 12 44 24 239 55 124 75 15 44 235 58 99 33 130 96 131 76 63 24 92 32 120 81 54 59 101 65 43 20 50 84 27 88 0 0 21 14 20 72 59 81 80 118 93 179 81 47 31 79 94 65 151 136 162 149 181 11 64 36 32 20 54 72 27 193 68 163 20 218 0 68 52 54 82 60 59 56 70 31 54 56 33 8 50 143 157 81 8 54 22 116 16 101 0 110 149 35 67 195 131 121 152 32 53 194 56 97 98 138 27 117 110 94 183 147 90 215 126 113 35 0 20 110 24 160 13 163 35 71 45
88 52 57 113 135 76 195 196 149 98 0 155 36 105 77 197 4 4 45 195 90 53 112 72 48 98 63 81 32 124 4 116 24 81 62 126 56 67 108 40 142 152 0 49 87 167 142 103 8 147 112 130 24 88 37 56 60 64 12 28 36 44 83 216 141 129 69 194 0 35 9 175 114 158 76 95 51 26 126 64 26 19 6 30 114 0 8 85 32 127 31 58 0 124 56 235 98 162 44 40 27 43 44 92 0 6 38 45 31 9 215 94 12 65 30 5 18 44 30 61 20 45 32 16 118 70 0 30 108 37 16 14 59 54 97 102 18 28 27 68 69 159 51 123 1 34 10 44 119 42 6 47 45 151 158 99 20 30 36 60 20 0 46 137 54 72 96 72 105 84 45 40 25 72 36 152 68 24 94 9 123 175 104 62 97 52 42 0 53 81 78 88 80 9 161 0 108 74 39 208 65 64 99 26 9 95 2 33 151 29 50 132 63 103 0 22 82 16 42 109 56 55 191 5 13 77 0 50 18 28 185 41 40 72 133 72 85 115 198 43 99 18 63 102 42 64 15 72 68 63 76 79 40 155 81 75
0 126 137 82 19 36 109 27 59 31 90 27 100 22 15 22 12 121 24 122 27 80 51 64 93 81 60 155 18 16 7 48 57 186 97 1 39 144 8 27 42 0 68 41 57 78 30 20 0 15 27 45 50 8 146 64 134 66 77 30 70 14 71 12 15 24 18 50 41 62 56 170 54 59 20 18 99 10 0 6 21 53 0 0 176 18 77 42 69 93 57 0 0 3 161 58 12 22 54 94 126 51 127 96 28 12 110 40 0 55 41 56 42 84 77 39 203 19 82 39 84 120 26 56 99 90 9 0 66 55 7 12 63 15 51 47 161 23 59 59 5 6 33 74 62 145 52 117 17 60 121 83 85 73 103 7 15 72 67 23 52 59 28 63 16 24 92 78 31 14 14 114 68 13 157 85 26 54 58 35 158 39 28 16 20 71 50 188 70 13 104 13 26 48 24 8 99 87 158 8 153 7 97 60 31 21 20 2 80 35 40 41 45 117 24 57 94 73 107 22 39 6 32 45 9 46 35 8 40 55 47 145 82 66 69 140 23 12 25 117 28 194 42 21 48 123 14 110 93 0 44 18 125 135 85 85
12 67 29 68 53 14 63 72 133 33 14 145 194 116 40 36 99 0 30 191 123 73 42 68 73 67 93 156 111 128 96 114 42 7 60 87 49 36 45 213 7 30 0 39 186 96 72 83 109 104 102 36 18 29 132 38 36 0 37 30 115 80 75 114 181 67 72 109 78 40 36 37 66 41 62 24 72 69 9 56 72 66 18 59 49 23 44 96 0 33 157 112 34 35 6 88 39 8 30 65 63 38 3 58 89 29 100 5 107 190 52 50 57 14 47 91 49 30 58 13 30 109 24 65 74 55 114 2 48 9 12 45 112 65 112 23 82 165 18 54 79 150 72 59 22 5 34 85 0 67 130 84 45 70 16 28 11 88 26 41 66 10 12 90 64 143 184 15 48 84 63 65 25 52 15 0 32 91 72 137 0 83 222 49 61 21 21 149 85 35 21 185 18 45 58 82 78 60 117 30 58 9 26 67 24 39 0 10 75 27 32 136 73 72 40 49 109 63 68 118 97 0 161 3 18 15 108 154 0 57 71 107 64 51 69 37 136 18 0 27 105 127 83 48 30 62 34 71 66 96 71 0 14 157 63 70
0 40 9 6 17 30 5 8 0 18 32 1 10 8 12 9 4 0 28 43 45 78 58 12 51 0 7 7 36 14 4 59 0 7 78 0 6 58 21 0 23 0 40 8 44 57 20 18 22 59 43 0 0 13 48 49 23 37 32 6 52 56 2 48 9 0 10 4 18 30 18 40 24 35 6 6 0 27 12 2 4 10 15 12 15 0 0 0 0 90 0 2 0 0 54 17 37 9 30 12 25 0 51 28 48 5 0 12 12 0 37 108 28 0 0 0 0 1 27 0 0 23 9 71 15 9 3 0 0 28 5 2 18 0 0 29 52 0 0 24 0 59 93 0 22 9 0 18 0 104 68 0 26 0 2 15 0 0 24 15 24 0 32 15 15 14 82 38 62 0 15 32 28 38 35 22 101 0 0 0 25 16 29 2 33 28 0 45 45 0 4 20 0 56 8 0 64 12 11 1 0 24 47 66 0 5 16 28 7 12 48 16 0 2 20 18 45 6 0 39 0 17 0 58 21 0 0 40 30 18 59 65 49 31 15 20 14 45 31 9 31 10 23 0 0 126 49 44 19 14 62 0 25 51 8 0
65 138 146 110 32 133 66 147 96 109 8 112 101 32 116 21 8 103 81 14 57 156 167 116 112 106 1 39 72 68 18 19 87 22 73 150 30 290 42 59 24 132 81 58 60 23 115 35 44 78 25 65 15 58 150 51 50 64 45 0 61 66 5 168 211 0 155 28 24 54 48 184 159 3 4 104 87 25 21 126 14 18 31 12 6 12 0 47 42 67 44 84 2 26 57 35 10 54 84 95 139 67 15 203 135 94 43 40 26 253 6 47 14 175 81 91 38 12 28 0 104 61 28 0 31 80 8 58 106 17 30 126 66 0 0 21 54 18 108 148 62 132 62 70 9 18 12 90 130 74 101 70 8 70 131 79 63 141 117 11 72 109 0 91 105 38 115 56 0 9 46 72 35 66 119 72 111 12 89 107 43 36 43 60 61 62 105 82 24 99 65 53 75 47 186 28 48 59 127 0 6 81 118 117 30 109 0 43 10 27 43 144 77 180 0 15 19 198 24 66 0 73 80 36 47 81 72 93 60 26 99 10 84 104 123 73 173 55 84 78 84 110 82 6 59 58 2 69 165 127 87 25 125 108 9 112
68 93 72 138 58 208 130 142 81 189 58 43 155 39 132 92 119 70 191 35 22 78 43 33 126 83 14 122 42 17 94 55 46 72 150 134 65 112 64 78 80 176 78 86 147 108 148 76 91 176 102 124 88 92 231 10 150 36 57 32 147 120 58 41 148 140 72 150 55 61 93 31 147 141 126 97 96 51 65 181 34 44 4 58 22 42 42 51 24 91 30 173 94 61 21 9 67 21 57 96 12 259 114 69 35 39 155 72 34 95 213 107 88 44 56 72 88 79 4 58 49 124 9 150 143 134 64 102 97 65 215 49 137 28 32 78 55 175 233 74 83 130 8 0 180 125 25 174 141 36 71 57 58 82 115 5 26 228 7 82 188 0 112 27 65 19 120 0 63 89 99 17 32 40 2 88 209 62 0 103 102 101 86 159 81 16 66 50 35 52 108 93 0 85 138 106 81 148 78 105 92 119 128 68 50 45 11 7 12 9 18 74 73 58 72 48 84 49 110 98 4 126 97 36 199 55 90 0 77 95 86 75 39 25 40 60 155 83 27 28 90 71 122 32 171 64 0 213 75 137 86 114 134 48 59 112
55 48 45 80 66 8 47 64 147 74 27 42 156 131 27 27 56 91 49 83 100 32 91 99 52 37 42 39 81 20 31 93 94 90 0 160 6 108 54 90 0 15 4 36 28 97 133 16 110 145 72 162 42 101 78 128 127 0 59 28 60 56 86 110 164 0 37 108 44 35 153 12 56 96 18 0 18 10 24 21 1 28 65 66 2 92 93 21 38 47 52 77 53 63 163 0 28 111 124 52 161 46 9 227 0 7 15 65 0 51 108 72 28 101 99 40 109 60 9 36 10 138 42 62 23 76 42 95 0 91 15 156 91 123 15 15 10 34 74 40 14 66 28 176 52 83 155 20 127 0 74 81 97 15 59 44 56 16 64 42 8 47 80 177 55 12 9 24 58 83 59 16 140 97 26 20 190 63 117 73 4 35 171 52 88 35 39 147 41 191 16 90 54 34 199 54 56 55 20 152 47 7 103 133 0 40 12 0 63 27 0 24 99 2 0 0 104 118 55 54 69 64 29 20 115 81 2 2 58 80 22 62 81 138 82 161 94 32 26 32 40 90 56 50 64 12 14 71 39 80 28 10 8 75 7 0
10 99 107 54 61 102 103 198 54 66 96 37 71 0 58 65 0 0 43 90 68 122 52 35 74 166 7 90 0 105 24 48 24 46 145 8 81 163 23 110 42 153 48 0 31 50 103 20 0 109 126 125 50 44 184 7 230 0 3 16 48 125 74 117 74 114 64 14 153 70 56 76 127 71 79 48 122 65 60 0 20 0 0 13 7 41 0 42 15 115 9 19 32 0 110 16 0 0 0 164 14 15 12 88 56 80 127 79 0 106 68 59 81 29 0 109 176 4 87 20 163 144 14 47 79 90 75 0 8 40 32 33 139 115 19 9 41 92 37 47 141 117 37 10 112 78 34 77 100 26 80 86 22 39 75 44 4 74 0 10 138 25 17 45 10 26 58 29 25 158 80 14 48 22 27 0 159 72 48 11 7 23 36 155 54 85 13 130 112 83 48 11 28 24 34 40 98 4 63 116 59 18 130 31 22 86 0 17 0 8 0 60 0 66 4 0 56 40 94 112 1 6 92 79 97 73 4 14 88 137 127 69 35 69 204 113 93 44 35 85 42 89 19 33 54 75 2 14 17 79 46 4 35 3 18 108
10 84 102 40 28 63 40 0 32 37 41 66 0 18 63 70 54 14 77 0 8 81 100 79 27 117 20 10 63 45 12 81 21 0 85 18 4 0 18 20 0 0 52 49 0 27 24 49 77 2 21 23 0 144 56 163 21 31 99 11 66 20 38 75 0 0 56 47 7 0 38 0 45 92 0 0 69 14 25 93 5 13 14 2 48 10 0 28 0 42 68 57 62 0 49 11 10 37 12 17 63 43 55 32 3 129 51 27 0 69 21 12 11 87 34 0 64 0 37 21 49 52 0 16 0 5 32 105 80 7 28 45 71 20 49 14 28 72 53 91 18 84 79 22 49 41 18 18 24 82 0 30 95 43 160 35 0 0 127 0 28 2 46 29 63 15 3 56 12 55 80 0 50 156 50 9 36 44 40 0 45 147 0 14 9 7 78 28 101 27 0 83 65 0 186 58 35 164 79 11 0 40 32 45 58 5 0 24 120 92 43 45 90 106 0 75 52 59 28 0 15 0 79 6 25 152 52 164 78 63 49 25 75 61 8 20 42 68 42 0 54 134 74 16 0 2 35 67 0 7 20 83 70 0 49 21
100 159 64 4 0 0 35 90 27 27 51 68 108 16 42 0 63 39 52 83 0 80 85 80 85 63 20 35 79 25 62 75 59 81 75 0 4 138 64 0 49 93 32 118 0 9 57 146 113 134 22 98 15 225 119 54 78 0 145 16 77 97 7 148 65 91 0 15 78 0 10 18 101 77 0 44 30 92 36 80 16 98 35 22 32 45 117 37 3 53 84 140 0 43 38 13 56 81 28 185 0 84 0 59 60 16 28 46 10 101 72 103 18 0 25 32 0 47 117 79 0 32 0 4 0 52 0 85 87 137 73 205 120 45 0 64 58 15 130 14 35 157 30 87 45 32 5 86 136 70 197 0 52 70 45 40 49 32 64 77 9 40 72 0 56 74 6 64 56 2 16 45 84 92 63 18 168 0 35 25 80 129 6 56 136 15 56 141 72 0 44 48 0 30 103 10 64 8 30 41 0 77 35 158 44 0 64 119 41 0 66 180 88 99 8 3 0 34 0 88 48 0 40 43 44 89 48 0 0 74 90 15 108 24 10 23 118 4 9 33 70 89 123 21 103 73 16 39 44 0 93 68 0 107 0 71
16 0 54 36 16 0 148 5 146 0 10 219 5 5 90 90 24 20 0 35 24 45 36 42 0 72 6 70 24 45 0 91 75 61 0 0 0 30 24 75 0 71 0 0 0 24 174 0 5 72 101 113 18 27 169 64 0 96 0 5 1 9 4 59 74 19 56 0 98 14 69 62 33 56 0 64 20 103 24 45 32 69 0 58 60 68 1 64 27 0 24 0 0 20 0 0 0 24 109 0 79 19 44 27 0 1 18 20 0 25 72 85 35 106 12 27 77 65 90 32 0 1 87 36 39 0 46 121 35 0 37 92 8 51 56 43 89 7 6 112 79 21 18 65 8 51 0 54 98 16 54 48 2 110 81 27 0 9 4 56 0 58 44 132 138 30 25 28 28 69 40 9 23 27 10 72 48 78 55 0 18 71 40 62 30 85 48 61 24 35 101 4 63 40 18 36 128 16 27 0 4 67 9 3 33 109 130 0 60 0 14 1 52 60 20 0 49 46 30 0 59 8 0 0 45 5 14 77 0 83 82 58 49 6 55 0 36 0 135 54 32 72 0 0 36 12 60 8 7 28 0 3 16 21 105 136
61 70 42 61 0 111 0 98 87 6 35 61 0 34 94 36 2 43 76 50 104 3 34 50 48 21 48 12 91 58 70 94 60 87 60 9 5 120 8 84 24 22 42 6 76 89 45 67 84 146 70 36 25 0 84 46 81 18 0 57 58 0 0 30 70 26 42 6 91 15 35 84 70 97 63 25 65 117 28 44 16 0 54 0 0 55 70 36 0 36 36 36 116 24 47 10 3 54 12 47 111 57 8 0 58 41 33 8 48 9 2 18 31 72 46 38 62 28 69 27 142 14 27 6 18 21 50 0 16 129 0 30 61 54 143 0 0 18 109 66 63 0 42 50 42 34 118 99 60 5 54 102 45 4 36 42 0 48 0 42 109 44 52 58 6 30 4 33 20 46 194 40 0 0 30 4 60 117 24 41 47 66 0 69 72 6 50 48 18 15 44 41 36 68 56 94 86 86 0 5 33 42 51 57 84 5 24 47 110 54 4 6 27 54 84 25 21 42 58 0 0 4 4 76 51 101 24 118 36 89 72 0 9 110 104 6 0 64 0 106 16 64 54 39 100 87 56 87 50 63 30 5 125 72 112 27
109 68 0 12 46 77 115 60 57 147 20 127 28 68 8 69 67 9 4 42 44 32 36 40 10 80 27 61 18 36 0 121 50 0 98 52 76 90 36 64 74 35 66 42 62 92 115 0 70 87 81 97 28 0 99 84 42 46 48 6 0 26 96 184 78 101 8 0 39 41 180 4 68 1 33 12 20 0 72 99 0 36 5 48 36 91 27 5 24 42 5 55 6 64 28 42 12 18 38 0 74 1 0 19 0 0 4 65 42 89 37 90 107 56 95 8 0 87 33 0 74 123 12 128 21 35 67 0 52 29 48 46 117 88 106 0 96 22 14 85 45 254 27 14 130 0 103 108 103 84 8 10 70 0 44 6 0 0 75 95 12 0 31 72 133 28 74 16 14 112 0 32 72 0 0 145 146 50 10 0 53 15 75 68 67 60 54 61 50 36 0 22 0 62 70 29 6 68 94 6 0 18 58 4 5 6 81 0 127 16 32 46 23 48 60 33 84 47 0 10 16 113 60 64 55 41 0 102 50 53 65 91 86 2 59 27 87 3 60 36 28 49 0 112 46 0 36 125 0 141 8 68 46 78 0 0
8 28 57 126 105 0 245 1 121 126 84 212 35 49 135 125 81 130 25 16 145 58 164 99 82 160 4 68 45 19 0 56 29 0 30 90 86 70 0 135 32 126 30 51 31 87 124 74 63 52 106 199 24 106 65 48 97 0 108 61 35 54 43 188 262 87 21 124 99 24 33 109 55 0 44 94 0 63 0 56 15 24 0 101 28 0 54 8 0 80 32 55 95 182 169 81 14 63 109 88 16 66 16 174 0 48 11 76 145 39 133 81 67 126 101 9 138 32 44 12 21 30 61 12 98 72 0 153 0 59 17 217 48 14 90 0 3 36 72 0 105 31 93 97 119 36 15 12 48 42 90 54 12 220 137 67 85 43 64 14 43 0 0 68 85 14 133 87 9 184 10 117 52 59 44 94 92 81 151 46 192 87 36 12 96 32 0 12 0 113 41 0 77 102 200 35 68 0 75 31 99 41 158 18 11 63 35 65 0 21 179 5 151 18 30 103 92 0 69 69 9 225 75 40 170 49 84 134 38 76 142 60 35 122 161 59 113 40 143 164 190 34 33 26 158 56 30 28 74 113 94 132 63 146 100 56
53 235 59 111 42 73 48 133 70 170 66 72 136 33 58 49 73 37 24 52 96 6 88 109 145 138 11 58 92 98 24 69 90 8 207 221 83 262 0 130 267 56 40 86 145 24 231 145 42 95 54 64 20 124 172 56 57 57 63 10 21 104 113 119 144 99 9 26 84 28 68 52 240 51 107 88 26 58 145 111 69 0 25 134 3 4 148 99 91 99 95 154 6 87 49 70 65 27 52 10 109 164 151 116 39 66 56 24 66 153 7 63 106 100 118 109 92 64 55 76 41 156 79 42 0 12 31 40 14 44 8 56 158 76 69 8 54 139 68 91 180 96 57 60 117 39 46 54 125 49 29 143 7 37 55 223 148 167 90 5 56 66 96 53 18 18 157 11 22 62 59 107 26 111 47 68 62 53 91 40 184 157 101 94 57 16 64 127 74 23 65 79 0 159 125 0 307 125 195 51 79 107 40 69 41 136 8 13 56 87 49 119 104 157 213 86 67 128 27 119 6 123 40 5 214 219 83 0 92 90 169 104 98 147 108 86 182 16 48 59 139 127 124 118 111 0 49 127 100 135 115 53 68 72 147 164
66 5 0 93 23 38 0 12 139 43 35 70 35 83 59 46 24 58 103 54 111 48 36 143 66 45 0 37 20 15 10 31 16 0 0 30 56 18 46 0 81 48 72 39 40 54 20 106 57 106 0 99 46 10 73 2 0 30 172 0 33 65 54 28 200 64 12 50 113 59 175 63 54 79 2 44 18 47 25 197 20 6 20 0 3 131 15 52 26 63 128 5 76 69 112 24 57 36 150 42 27 68 0 195 0 107 5 8 28 40 62 45 76 89 60 15 6 48 6 81 50 63 46 35 18 20 52 17 4 69 0 111 0 0 12 30 0 101 54 0 184 56 24 63 6 38 61 35 56 32 2 131 0 66 25 62 100 54 0 28 0 149 42 30 155 33 73 49 0 10 47 10 109 50 83 78 34 4 65 12 6 182 4 22 228 82 38 18 50 12 62 93 96 42 126 0 79 48 41 81 25 57 36 88 0 0 40 0 94 6 78 82 0 72 35 70 6 69 87 0 0 197 6 0 58 74 49 109 0 146 62 42 45 94 63 95 44 10 42 114 74 88 40 88 38 28 28 36 51 6 52 16 60 40 72 5
67 34 91 76 131 0 164 64 36 140 114 57 105 16 139 35 16 152 35 109 89 24 44 153 183 100 40 20 4 0 0 9 64 27 14 119 62 42 4 126 12 7 116 37 85 102 201 0 25 38 54 18 0 16 179 42 137 4 138 12 78 44 84 49 38 72 42 126 54 82 79 0 59 37 18 2 78 103 0 24 59 50 2 42 64 36 0 0 6 54 0 0 54 64 159 49 12 0 25 197 70 102 24 52 16 60 36 36 52 81 80 6 15 72 133 102 175 34 76 118 188 280 44 45 92 66 56 53 48 89 10 16 64 7 72 18 71 24 36 16 9 84 62 62 31 0 18 70 96 54 20 30 122 56 190 21 31 0 27 18 70 7 75 44 8 12 117 59 33 76 0 0 72 78 104 70 75 24 40 27 128 4 16 4 76 99 49 36 36 154 110 44 8 35 78 0 28 27 86 122 182 9 111 16 5 88 34 1 67 0 30 56 0 42 7 42 100 0 54 65 36 32 169 48 95 143 66 109 90 30 145 28 32 64 6 79 88 16 44 46 50 194 71 72 31 94 96 23 73 61 32 56 93 145 27 121
64 215 259 120 38 136 102 20 0 53 119 133 36 67 172 47 74 124 92 36 68 74 154 49 38 150 81 32 0 45 0 99 36 32 169 16 122 84 108 24 28 104 44 34 25 145 12 24 79 96 57 185 44 61 79 199 40 123 106 51 77 80 126 56 41 0 63 133 32 65 108 97 143 67 24 85 109 81 79 12 142 12 48 51 200 70 63 93 73 109 60 129 44 77 72 99 71 48 92 0 0 88 115 290 0 38 122 118 7 82 106 36 154 136 120 36 21 16 59 27 130 210 113 98 32 94 87 36 30 136 29 27 27 96 58 153 137 96 44 113 188 141 190 227 83 152 83 67 63 86 0 145 64 38 64 212 0 132 101 144 117 117 170 108 154 131 60 156 103 73 123 53 50 161 127 81 124 30 5 126 153 28 51 113 110 276 147 0 28 48 83 44 27 12 78 56 52 12 33 124 184 24 18 0 0 87 144 16 8 22 69 87 64 58 40 88 203 111 56 75 0 143 64 44 76 6 38 96 56 87 261 80 18 98 227 117 200 135 247 7 40 157 132 162 18 78 45 36 61 57 82 74 19 204 48 90
47 0 55 0 9 21 36 60 15 59 34 110 64 126 12 49 0 63 150 68 45 72 3 35 8 82 6 32 0 63 24 65 42 179 18 24 26 9 11 90 30 35 27 16 83 120 9 57 0 99 8 0 114 42 99 124 21 92 0 0 4 0 0 0 0 45 24 84 24 27 33 36 24 3 24 64 72 0 3 30 47 36 8 16 0 40 146 117 9 54 33 0 15 21 0 12 0 48 0 52 239 0 103 41 77 50 71 4 10 27 22 0 32 56 32 32 131 0 7 4 17 86 4 6 18 72 21 35 81 8 15 0 49 48 51 0 82 114 0 6 138 149 18 0 15 25 75 100 92 72 65 37 0 25 40 19 12 123 0 23 21 51 48 90 54 12 77 0 38 67 142 35 120 6 108 72 15 0 0 87 38 15 27 0 76 48 54 56 56 17 39 87 15 0 18 54 35 59 97 5 156 77 64 70 0 16 36 0 8 126 0 24 18 69 126 60 51 48 18 56 21 30 10 56 87 74 102 82 21 12 72 33 35 12 9 65 0 0 0 0 0 132 0 29 75 79 114 76 75 48 0 68 99 28 42 54
47 62 29 87 34 44 124 28 152 15 16 42 100 21 195 47 22 63 48 0 44 94 104 15 89 20 0 0 72 26 0 90 4 40 0 104 8 33 22 72 0 96 23 0 0 0 72 15 70 48 2 36 154 116 152 110 30 24 0 0 87 58 8 26 35 4 32 150 0 17 53 83 18 26 6 24 0 10 42 38 48 73 0 30 0 0 18 18 88 166 0 8 89 0 25 18 31 96 0 75 94 0 0 72 99 79 12 16 82 99 0 12 8 121 9 118 43 0 25 0 151 16 36 60 0 162 56 62 20 64 39 25 53 3 74 102 65 66 118 133 56 44 48 4 40 36 68 57 168 59 6 76 86 30 0 24 33 178 5 113 56 118 91 0 72 0 60 24 12 31 86 12 16 74 24 45 4 0 7 20 18 34 54 128 54 67 12 0 0 44 0 51 0 30 8 40 39 157 45 143 84 18 137 43 32 226 15 18 41 30 29 60 115 8 64 72 7 79 77 70 54 36 36 16 28 45 52 85 94 96 33 40 18 145 113 58 80 58 0 31 0 54 45 7 0 63 73 0 48 0 6 55 88 56 131 99
52 103 60 24 140 21 62 87 87 186 24 48 34 72 81 22 111 0 59 32 2 97 43 0 72 63 18 36 19 27 42 30 0 57 10 0 44 40 78 45 9 110 0 54 76 96 42 130 47 0 77 88 0 90 14 95 12 0 72 135 65 115 70 167 74 107 18 23 87 21 88 32 55 0 5 27 54 42 42 110 43 40 0 16 14 0 0 29 7 127 41 70 26 49 0 15 11 7 108 73 48 20 5 37 3 5 12 4 206 23 66 18 33 10 148 59 101 0 4 4 9 9 6 24 65 125 113 1 12 78 26 150 32 39 12 42 0 145 4 64 27 36 74 18 90 16 101 52 0 0 36 59 0 37 6 24 56 8 75 36 6 41 54 44 69 9 18 77 10 73 61 0 151 20 4 72 16 125 6 35 28 151 36 0 53 0 36 18 46 7 60 54 28 115 156 80 36 0 93 104 5 18 40 103 43 0 108 3 36 36 74 120 72 36 27 80 76 59 41 13 72 60 90 8 12 0 5 4 0 8 9 55 119 42 87 2 97 67 0 88 194 89 24 47 0 8 18 23 0 0 36 108 49 0 8 36
115 30 27 72 68 18 0 64 0 63 121 42 0 103 237 44 35 136 82 60 68 0 79 74 66 21 0 53 0 15 0 174 0 1 23 63 86 77 24 28 14 88 103 42 88 62 90 65 0 183 97 51 31 68 140 66 3 72 0 15 128 60 95 32 24 93 18 174 201 35 51 2 168 88 69 153 40 37 38 163 91 34 16 62 78 7 0 27 16 66 18 49 56 102 35 0 62 95 51 9 183 69 32 26 0 0 74 103 110 9 35 218 27 20 40 54 0 36 103 0 152 51 62 8 21 104 14 7 0 40 86 38 0 28 16 72 64 29 6 10 135 74 89 8 0 37 20 43 33 72 3 8 104 18 20 0 8 0 0 55 28 48 0 13 72 28 48 4 198 40 6 55 16 26 88 58 51 59 19 0 24 72 8 29 123 64 5 0 45 5 115 40 64 44 16 32 96 0 9 0 0 6 12 116 0 40 122 0 46 38 64 16 16 44 46 112 36 0 38 0 56 24 74 56 21 104 0 15 51 80 135 72 10 112 123 7 123 16 48 40 64 57 12 147 48 124 192 27 12 63 57 8 83 152 16 15
0 158 63 104 54 71 26 70 156 117 20 40 258 48 87 126 7 56 138 0 0 61 12 53 161 88 0 115 22 24 18 99 84 63 173 83 34 107 65 18 0 169 0 115 54 132 75 35 31 48 142 114 36 273 148 96 101 23 0 88 66 21 100 41 120 36 114 258 47 66 6 27 15 150 131 37 29 100 5 49 39 74 108 76 13 43 69 41 54 58 161 105 117 56 0 102 41 112 245 97 160 93 76 54 78 78 62 77 25 69 150 7 83 50 89 112 156 21 68 72 27 37 28 88 0 58 85 12 45 171 92 110 102 60 70 89 14 112 62 0 96 57 96 16 86 77 54 48 80 82 10 0 107 99 96 44 118 24 35 124 129 102 34 84 140 0 24 79 114 131 41 0 0 44 30 48 24 43 41 80 30 138 0 158 0 57 28 36 80 128 16 90 40 98 316 88 67 33 141 60 49 72 6 45 37 86 31 22 158 103 0 48 0 112 57 76 126 28 16 85 0 0 98 0 67 135 90 0 41 63 132 116 69 144 95 50 25 0 54 90 54 197 127 59 91 123 35 0 156 14 68 86 24 137 211 0
59 8 12 102 28 45 0 40 0 47 35 0 7 48 155 46 5 0 1 5 62 14 0 18 63 73 0 24 23 13 0 75 40 1 12 28 0 4 66 26 36 7 18 30 133 0 41 0 35 105 73 111 20 58 50 80 39 20 9 2 36 24 56 92 0 44 45 84 32 12 82 7 12 74 20 47 45 23 0 0 30 38 8 9 18 47 4 28 27 30 0 0 64 15 0 6 36 9 25 18 198 92 0 0 21 8 52 8 125 7 114 72 4 9 0 52 15 28 55 42 81 35 14 64 0 34 34 9 1 99 27 15 0 4 20 106 0 61 44 20 111 3 63 71 2 3 27 9 40 49 14 29 115 32 25 17 23 0 26 45 2 43 71 52 0 60 0 53 57 84 64 14 0 14 69 50 15 117 36 3 0 60 0 29 10 97 34 36 10 47 81 5 22 49 0 38 39 28 33 69 52 9 0 66 0 40 83 0 45 10 34 4 7 32 0 26 28 36 6 0 36 16 82 4 16 45 27 0 7 21 35 116 63 36 2 66 6 21 38 74 21 23 35 25 41 31 140 0 28 0 48 16 0 137 8 0
27 82 27 4 52 49 160 59 36 146 45 74 35 96 35 24 42 123 22 33 50 0 30 18 7 129 0 18 8 80 16 23 0 0 30 76 18 19 109 75 72 151 56 58 51 112 64 75 49 24 70 102 43 193 50 84 47 0 147 36 65 66 64 53 121 94 5 119 36 75 12 68 23 1 20 2 34 0 24 9 17 0 81 91 93 76 9 79 48 49 0 140 10 90 61 27 54 12 75 32 0 15 33 111 6 96 0 82 65 39 8 87 42 8 18 36 46 0 30 8 0 60 31 41 38 30 39 42 0 85 56 137 9 0 99 0 0 0 87 21 53 20 23 36 43 91 79 105 203 61 111 1 8 28 62 17 103 91 64 0 39 91 75 72 16 45 14 67 15 119 0 108 0 20 21 52 30 35 52 7 70 22 0 8 36 0 0 8 39 37 0 32 78 79 144 18 21 16 119 2 32 137 20 72 0 21 86 32 63 28 107 44 80 24 5 43 35 5 10 15 15 50 167 58 119 125 48 3 0 60 48 42 12 19 28 0 158 15 40 28 111 23 48 121 89 39 113 88 24 8 144 63 52 26 30 4
88 16 29 0 74 28 24 4 33 64 25 0 85 4 69 186 77 18 52 94 3 62 0 28 132 20 14 21 0 72 8 88 57 24 49 27 37 98 0 0 28 10 45 8 0 0 0 72 18 29 0 78 28 148 24 8 108 0 3 42 72 55 98 0 104 65 16 84 0 22 64 150 73 32 79 46 4 12 38 69 19 28 18 0 66 50 0 24 11 142 94 16 24 30 63 0 0 2 110 8 90 66 100 70 24 27 0 3 56 50 53 78 40 117 16 12 125 0 18 4 72 91 0 4 24 97 0 64 66 40 48 148 18 31 54 0 27 71 122 49 0 64 28 0 0 145 87 47 38 0 0 4 0 0 9 4 0 68 0 27 35 36 59 3 56 59 3 0 0 19 24 48 134 4 92 118 0 24 6 103 105 64 16 111 0 40 2 54 69 130 123 30 136 43 53 104 40 30 43 20 49 154 0 115 5 0 17 0 60 18 7 44 0 0 0 26 79 0 38 10 24 5 45 0 124 68 5 0 0 0 32 109 32 90 24 44 42 64 0 9 0 50 42 0 137 36 110 36 52 123 0 64 115 14 42 45
0 58 21 21 67 9 39 91 49 24 63 38 0 0 55 0 32 82 0 78 24 194 63 12 90 35 16 4 123 115 79 91 20 75 71 8 81 76 36 121 0 47 43 9 6 1 151 0 30 157 98 120 11 40 120 54 107 0 37 12 45 52 123 148 57 141 80 14 63 16 117 50 77 50 84 8 44 73 0 0 68 45 39 64 27 22 0 102 24 149 53 20 14 79 21 63 0 63 158 18 137 18 90 151 84 52 29 28 48 35 102 5 0 7 42 0 63 24 75 101 23 65 25 52 77 115 42 97 28 35 21 39 57 100 12 17 66 0 80 96 41 56 102 74 33 86 6 35 0 63 195 39 78 16 28 85 8 24 84 54 50 4 58 25 35 52 42 41 138 119 44 91 33 45 77 58 74 156 66 18 56 90 44 41 0 146 1 24 134 5 19 0 0 25 0 8 70 36 30 49 6 95 39 147 0 69 63 4 18 40 16 6 39 37 30 33 35 27 6 28 91 46 35 24 59 4 66 30 0 42 121 30 128 93 45 74 20 17 166 0 49 210 44 42 9 88 73 32 0 52 123 66 52 143 3 105
16 106 47 0 0 56 90 95 56 12 4 126 0 0 144 35 0 66 32 47 52 50 72 25 10 126 7 95 148 0 51 83 59 61 129 46 8 28 77 64 64 86 18 46 5 6 94 153 61 36 145 61 54 136 98 45 72 40 83 8 104 82 70 157 16 52 0 35 95 30 15 109 88 110 38 92 22 35 57 14 75 71 0 35 32 25 101 142 38 133 87 20 17 69 22 40 56 31 66 62 30 68 8 116 20 116 56 120 82 9 127 46 60 67 47 35 80 46 163 64 125 7 24 76 64 60 21 188 108 24 34 82 7 49 99 95 98 48 60 62 168 12 72 4 56 0 3 12 52 50 66 137 13 113 98 26 39 2 8 34 12 56 8 139 30 39 0 0 129 123 66 72 34 74 8 13 60 115 124 8 18 220 18 48 139 45 15 0 5 0 73 92 27 86 47 9 118 35 25 66 20 77 120 69 24 31 87 72 32 2 112 111 72 32 66 16 130 0 16 29 90 40 0 25 113 52 153 113 0 39 102 28 31 0 0 38 114 120 83 0 73 63 128 58 65 0 147 42 66 93 0 59 15 11 28 87
70 170 30 135 18 12 62 64 35 138 38 32 81 0 23 57 83 70 35 24 56 0 139 22 0 77 98 33 0 8 16 144 14 20 34 104 78 67 81 87 85 154 36 0 0 0 0 51 20 136 12 85 12 36 122 29 90 40 36 68 0 48 96 12 12 6 32 48 102 0 27 199 129 56 20 42 18 0 0 108 0 86 93 66 14 32 65 101 10 120 66 143 0 126 63 70 68 12 16 82 82 91 83 6 20 13 45 40 54 32 239 135 11 127 9 41 52 34 36 18 20 48 24 59 111 106 41 90 16 42 33 3 56 0 45 56 1 106 90 66 42 24 54 64 120 120 50 114 253 90 12 51 0 58 82 72 138 129 86 38 56 57 114 74 6 114 43 70 52 62 24 63 3 20 138 149 10 75 28 47 175 10 22 36 53 88 123 0 30 5 16 105 40 70 81 18 117 6 2 144 0 150 52 28 4 16 176 0 72 20 58 69 12 63 17 38 110 35 69 24 12 211 18 91 65 70 36 37 71 7 84 74 0 225 94 84 177 139 23 68 81 60 14 84 0 108 81 89 34 69 180 36 96 42 12 48
16 24 20 0 36 0 18 56 14 36 0 130 60 18 56 8 0 50 38 72 12 72 93 0 7 28 0 0 42 2 32 58 0 42 224 68 0 74 24 0 28 24 0 60 72 110 0 36 58 84 0 6 0 44 56 56 75 152 18 15 0 0 60 168 10 88 62 16 0 140 114 20 68 23 0 0 40 93 0 25 52 0 28 104 64 32 24 0 56 26 24 20 8 66 98 10 12 30 24 14 8 55 0 100 56 10 0 18 40 33 0 74 34 165 126 24 70 0 24 6 6 8 0 80 0 36 42 32 32 80 0 88 6 18 24 22 56 0 50 120 0 152 124 86 31 9 49 15 12 145 75 36 47 2 6 8 0 0 48 0 91 3 60 51 18 24 50 46 104 22 24 0 104 111 8 72 77 21 10 0 48 21 48 0 62 21 8 104 64 82 56 18 0 0 36 43 48 0 32 15 56 18 24 112 0 82 0 15 3 28 42 0 24 0 0 0 42 24 0 80 18 0 0 106 69 60 0 0 20 0 43 48 143 12 12 66 50 48 56 16 24 69 40 80 60 152 12 91 8 0 115 0 94 42 30 64
78 144 0 58 42 0 54 63 49 18 26 0 69 32 75 171 98 105 41 100 23 6 48 51 90 20 36 0 12 13 12 90 58 58 21 94 10 43 14 146 0 87 36 85 36 26 77 0 30 92 115 152 32 36 2 89 163 6 21 8 6 32 42 18 27 109 28 96 0 50 143 138 90 12 12 15 11 26 78 63 25 46 22 0 24 3 12 40 0 108 80 93 47 54 56 2 6 36 247 87 40 128 96 174 8 3 27 32 54 39 111 12 16 8 68 81 174 4 45 48 68 74 0 70 104 262 107 116 60 28 73 120 39 27 63 105 24 81 12 107 8 27 18 22 83 136 103 34 93 10 75 20 0 37 75 0 0 28 18 18 51 0 40 24 95 29 51 0 26 32 76 48 96 43 92 24 86 75 12 33 60 51 185 119 27 78 24 144 45 72 100 105 0 27 9 54 77 49 16 82 16 82 86 92 0 59 30 0 104 3 58 24 27 18 0 21 0 76 84 47 24 96 187 6 96 128 12 52 0 57 36 98 36 128 78 88 78 40 52 54 32 41 131 58 87 0 118 90 39 153 85 56 155 26 8 128
6 68 60 6 12 16 30 72 28 0 146 32 0 52 6 0 12 8 93 37 32 58 21 41 38 32 39 0 30 71 25 21 26 6 54 41 79 95 12 77 90 56 16 45 72 140 22 0 26 91 95 12 8 0 123 78 17 26 35 0 130 6 36 47 16 26 0 0 121 38 71 56 21 143 73 1 56 9 0 40 0 42 3 35 0 48 0 53 113 63 72 33 8 52 18 0 0 40 24 36 0 91 114 28 24 18 74 90 80 21 57 63 28 15 18 0 93 122 32 80 72 27 12 0 48 91 70 78 30 0 50 36 36 0 12 16 3 8 4 0 56 16 93 5 16 58 52 90 60 69 51 42 24 6 98 9 16 110 72 32 46 0 135 42 32 113 84 33 32 36 14 111 12 108 20 0 77 2 0 9 0 64 35 2 14 39 112 38 33 8 0 54 42 100 85 48 0 4 83 43 0 91 18 57 0 28 20 12 4 116 103 10 56 30 24 39 23 0 18 41 24 21 55 4 4 101 58 46 52 42 84 0 35 5 21 71 58 8 32 58 25 0 32 87 4 41 6 77 10 0 115 14 1 108 63 62
8 32 197 68 18 28 129 68 118 84 81 49 44 115 45 196 14 17 101 44 24 78 92 18 175 40 0 81 30 125 22 49 62 56 0 8 83 39 64 69 45 72 63 51 91 166 24 94 131 44 13 3 67 60 57 40 82 27 51 36 66 48 73 31 100 18 72 117 211 101 8 13 85 187 0 113 57 156 12 53 121 54 72 51 0 0 42 76 74 40 39 98 52 46 157 84 38 36 0 25 96 33 24 110 81 72 12 93 0 101 8 153 64 8 76 67 90 22 0 78 115 99 24 102 82 54 9 182 0 120 148 42 28 14 46 20 5 29 33 14 110 96 108 113 54 166 86 72 0 105 101 104 129 48 174 45 6 137 4 3 48 26 87 0 98 119 36 68 164 18 80 24 121 144 102 0 46 40 38 17 72 73 0 87 139 116 32 69 90 0 70 96 0 138 136 0 24 80 0 62 32 42 79 56 18 20 140 4 17 52 141 114 8 62 32 18 27 24 8 69 0 0 177 0 57 45 60 81 46 56 160 54 78 58 18 76 102 21 82 15 134 64 20 92 73 36 127 74 21 5 62 42 27 6 35 36
41 10 134 157 64 114 142 101 164 1 61 45 48 40 115 45 82 36 116 97 126 61 30 175 56 51 8 55 64 40 34 19 0 203 39 138 75 103 78 0 105 18 16 16 70 62 16 99 125 93 10 117 18 52 0 90 123 0 105 35 16 107 44 308 130 155 40 88 8 84 75 131 86 85 16 65 69 61 100 98 53 7 42 0 0 147 70 63 35 108 23 36 78 161 79 25 113 31 99 121 90 105 90 111 51 81 49 83 54 223 209 77 46 106 125 31 142 74 16 64 39 88 0 107 195 26 16 5 74 145 84 121 0 40 45 78 67 222 27 34 158 132 32 108 28 32 116 93 27 127 104 269 31 50 82 117 14 220 48 54 71 72 177 179 42 37 44 62 140 54 115 5 135 20 0 33 229 39 81 0 69 152 57 52 129 83 66 0 9 14 68 124 192 108 18 48 105 21 24 217 78 105 19 184 52 110 2 52 92 34 36 131 83 130 27 32 42 182 174 45 14 176 77 81 43 89 104 38 76 48 108 98 66 173 116 87 124 36 22 239 124 191 12 89 33 122 20 72 66 48 39 0 175 56 0 106
85 95 99 47 8 144 21 144 92 67 31 42 144 90 34 68 40 72 63 160 10 36 8 26 103 54 0 14 65 22 0 124 96 117 174 72 42 33 0 72 102 100 0 12 97 126 77 45 0 56 16 223 83 200 61 55 40 45 48 58 22 96 16 60 106 93 78 109 27 65 14 48 117 151 35 113 111 79 81 63 0 80 6 9 108 2 0 60 159 88 36 71 140 0 0 0 65 96 44 57 102 41 169 132 54 3 153 28 58 59 38 135 60 144 54 72 86 0 34 0 85 83 119 40 0 84 154 102 78 155 4 30 0 16 0 93 0 62 108 52 185 73 74 88 31 129 85 109 152 79 24 9 38 40 72 97 0 60 54 91 25 64 56 33 144 0 54 86 27 97 86 0 0 103 28 0 27 14 93 57 139 95 36 124 0 145 47 6 9 161 199 18 0 0 144 88 60 33 8 50 66 54 15 9 18 40 24 0 145 24 0 146 9 0 0 18 72 0 32 42 0 83 109 0 165 27 30 0 55 36 80 112 3 136 108 9 54 75 127 79 33 3 115 58 79 116 45 32 57 156 46 79 96 142 173 45
24 66 117 0 0 8 82 6 146 40 123 50 7 48 14 99 56 110 60 24 51 21 112 0 30 15 53 5 119 36 71 42 120 56 63 0 23 8 20 35 72 32 56 83 6 63 108 63 6 119 14 133 39 53 7 82 71 0 111 28 113 74 95 51 36 6 42 95 9 131 71 45 27 18 0 8 121 21 49 80 20 18 28 66 77 0 0 50 15 74 171 45 18 0 188 149 6 81 36 0 5 46 27 173 66 42 12 0 54 25 74 98 12 21 90 22 56 0 75 117 14 81 70 36 0 53 18 16 133 39 0 19 123 21 63 165 103 83 9 119 75 0 89 0 0 20 76 35 0 10 24 51 56 73 120 49 24 0 36 54 36 0 89 3 61 68 7 6 8 30 77 5 73 126 96 7 103 78 63 156 139 35 65 48 0 45 24 111 72 0 81 70 24 4 93 49 60 117 9 60 146 8 209 129 12 100 0 1 35 12 16 73 217 8 0 104 54 113 67 57 91 32 83 0 24 63 0 49 56 24 0 24 54 2 190 174 77 29 39 0 32 99 92 168 21 73 97 57 42 43 14 59 0 130 8 152
28 14 93 0 0 45 3 124 68 136 45 32 92 34 126 0 147 8 63 56 35 122 32 42 105 101 110 8 210 56 144 112 81 64 95 61 57 40 21 27 70 52 32 5 94 24 56 176 72 32 128 24 64 120 298 0 49 18 104 52 202 144 63 63 52 121 52 2 149 42 48 48 30 58 30 10 184 72 41 88 16 0 50 14 0 74 0 71 33 52 147 63 81 0 63 63 6 36 20 54 148 0 18 72 92 98 0 6 7 83 57 99 91 77 54 40 37 29 0 30 63 201 52 72 0 73 62 74 32 43 35 35 48 27 49 4 82 35 16 100 35 7 48 8 66 26 121 53 184 99 51 24 10 5 18 112 56 64 166 32 18 99 16 0 24 26 20 52 71 26 54 5 33 72 67 86 99 83 27 94 74 170 0 70 32 72 42 119 74 0 16 39 63 103 0 54 67 138 114 36 107 109 23 42 28 45 0 30 67 67 92 2 0 24 49 0 58 2 28 0 95 56 130 7 250 49 58 102 45 153 58 9 77 161 97 34 107 48 8 35 62 161 58 0 18 8 109 161 0 14 16 153 149 18 53 28
63 30 81 129 20 75 120 159 2 129 58 97 0 18 143 108 72 35 0 78 25 88 77 45 167 29 54 63 16 20 54 18 99 20 59 15 0 72 40 0 50 45 12 45 40 44 126 8 30 20 121 47 27 98 128 72 25 23 0 66 43 51 12 40 166 114 119 79 40 84 45 30 43 135 53 18 77 40 183 77 0 5 27 30 47 10 40 36 27 30 0 35 8 0 89 0 31 87 48 26 22 71 31 82 56 116 12 40 0 113 113 70 0 48 80 40 0 0 9 99 20 13 4 127 0 0 46 100 0 77 71 70 48 0 45 136 18 8 46 0 0 18 48 0 43 57 134 36 69 52 25 116 35 141 208 137 0 0 104 67 64 30 75 9 0 29 18 70 46 39 1 92 33 133 56 82 134 64 63 37 75 45 97 48 117 64 24 15 110 25 64 34 202 48 0 82 128 0 70 76 0 72 0 87 83 63 0 94 53 43 36 155 45 32 18 1 46 25 48 122 5 133 72 24 152 53 68 81 58 78 69 83 36 56 60 93 116 0 108 40 48 115 74 51 65 39 87 30 0 31 16 49 96 24 48 112
51 149 108 0 42 44 56 172 96 182 35 3 34 31 111 3 36 159 96 142 111 0 49 64 73 92 48 78 57 2 15 141 24 108 174 48 33 187 6 151 122 73 84 2 44 39 40 57 34 35 75 48 25 15 153 72 64 71 30 97 49 13 83 45 93 0 15 110 138 0 56 134 199 41 29 133 24 13 43 74 0 33 48 33 189 49 82 141 16 12 60 72 34 47 97 6 54 25 33 124 0 138 49 48 0 10 7 39 70 0 93 82 30 199 143 64 61 55 145 108 129 46 20 26 11 11 0 138 15 85 0 30 94 0 70 97 59 45 45 87 157 132 89 97 105 66 118 67 132 118 10 15 0 40 27 44 67 108 140 77 114 73 39 41 52 54 40 78 12 18 46 63 15 132 58 74 81 139 8 51 88 71 58 48 145 106 115 71 24 15 22 90 81 80 66 60 63 94 0 27 21 32 34 59 20 8 121 44 38 10 2 39 69 65 28 96 58 16 8 99 38 25 56 81 42 114 96 16 27 38 104 73 21 42 54 75 54 101 65 119 111 69 113 54 5 136 96 158 72 158 150 15 164 177 80 82
131 113 111 102 40 0 145 130 132 116 96 82 0 76 59 28 70 140 0 121 115 41 81 18 92 23 30 18 51 88 0 38 122 6 98 75 135 94 61 121 241 140 52 14 54 109 62 83 30 150 54 117 18 54 62 50 213 27 90 8 52 70 116 252 156 0 98 82 83 40 147 192 51 78 0 80 59 51 60 62 40 33 36 73 27 19 0 45 0 166 81 107 0 54 12 78 74 78 126 78 109 127 98 108 12 122 63 81 65 36 117 108 9 66 111 8 49 86 8 55 134 238 80 58 151 89 47 172 123 83 36 109 83 8 47 20 62 50 54 27 135 60 94 40 73 88 47 85 116 87 45 46 21 137 81 71 56 0 93 23 60 7 166 57 0 41 37 108 118 77 47 171 59 44 137 140 87 8 47 12 124 100 26 11 35 231 26 14 23 189 158 49 18 59 93 0 118 72 132 162 125 42 45 16 0 20 69 53 119 63 72 57 54 80 84 30 204 13 40 0 63 114 47 90 195 95 46 32 96 65 32 135 37 191 97 121 95 36 76 46 46 164 52 48 38 45 82 55 56 165 43 88 80 234 10 99
10 78 6 64 72 35 65 143 39 68 85 58 29 83 78 86 80 27 23 65 105 12 56 181 0 131 20 54 69 63 3 66 50 139 17 54 0 181 113 1 0 28 54 53 64 147 31 116 52 38 107 155 34 192 96 148 59 63 141 0 21 38 50 102 106 30 19 70 129 12 90 44 63 37 75 24 22 12 24 63 60 0 48 9 179 109 36 36 33 117 8 83 16 91 45 177 43 8 102 70 27 81 34 110 72 8 27 51 56 14 52 128 57 45 110 0 43 10 275 168 185 82 28 90 0 105 40 88 58 40 8 40 72 34 48 177 81 104 32 83 216 59 44 80 68 105 107 23 96 110 22 48 9 14 45 49 45 0 112 107 36 55 57 206 69 59 7 66 89 64 41 65 43 0 46 19 38 90 18 3 49 98 0 42 99 3 24 2 131 2 96 14 114 148 115 0 124 50 40 8 108 112 16 155 0 166 8 31 12 16 119 8 20 107 0 41 33 125 12 83 41 113 145 81 13 199 44 28 93 36 124 104 80 145 0 51 26 21 84 97 85 68 128 58 46 30 38 155 40 90 112 66 0 66 81 4
48 53 153 86 78 111 81 100 179 106 17 39 19 54 61 35 36 96 105 87 84 63 24 94 114 144 7 106 63 124 42 81 93 75 101 30 72 194 0 109 82 8 36 4 110 118 81 100 34 49 36 75 18 30 135 9 33 3 0 97 34 115 106 196 101 22 38 63 188 62 19 35 36 46 44 231 63 65 54 63 0 42 0 18 90 8 30 215 6 62 24 80 4 69 101 0 48 71 30 0 44 189 45 0 0 8 54 136 94 78 146 63 72 45 160 45 38 130 28 38 33 61 63 38 9 35 59 53 21 11 40 73 76 91 77 30 0 98 60 24 188 94 12 14 0 20 4 45 124 90 87 86 0 84 102 136 80 111 36 50 9 38 87 76 18 88 19 69 7 41 61 10 18 95 85 37 84 111 80 6 85 135 191 40 72 14 133 78 18 30 53 36 28 92 84 99 108 12 6 99 0 63 0 42 16 42 146 7 12 33 6 104 57 36 36 46 113 28 61 27 0 21 95 7 97 6 28 49 37 34 92 66 61 27 196 80 58 0 21 187 135 20 21 38 24 69 81 50 2 0 48 24 146 130 181 97
121 109 49 63 78 228 48 53 84 64 108 81 44 62 141 61 0 78 101 35 94 16 0 86 45 64 141 35 61 141 27 138 94 9 199 39 16 130 33 84 124 0 0 68 107 63 109 25 0 45 99 64 0 77 63 61 15 40 0 46 143 14 16 29 41 40 114 54 117 6 89 70 103 0 87 14 0 0 45 59 10 8 128 76 100 3 40 30 12 153 52 16 16 21 18 88 16 117 82 18 228 95 50 97 40 117 16 60 0 87 142 281 22 45 0 105 0 43 25 48 91 35 48 53 0 164 22 32 108 111 0 12 97 40 103 82 62 14 5 53 8 56 88 72 36 0 81 120 21 92 0 40 104 6 94 99 0 72 156 30 0 36 77 38 94 117 18 84 8 103 75 153 4 56 89 24 160 79 0 56 45 30 6 100 0 81 197 67 135 42 4 80 12 98 151 51 78 0 59 89 0 209 54 100 16 55 0 42 99 6 100 35 15 110 61 28 0 0 32 70 86 42 24 24 78 33 48 137 139 66 32 28 15 154 182 43 41 106 108 75 0 111 142 135 33 88 131 89 20 37 56 18 158 127 0 0
85 175 81 0 47 28 0 0 68 30 60 68 225 60 141 20 135 127 138 101 28 0 28 0 48 61 24 105 44 64 31 115 59 121 154 102 12 140 0 63 141 119 6 41 83 56 42 98 79 88 99 66 30 166 142 4 86 109 18 102 70 67 40 0 141 16 12 27 36 66 41 92 105 0 59 20 43 16 35 67 0 0 24 13 19 29 78 56 36 12 58 198 149 101 28 37 8 90 116 30 32 114 63 77 36 0 82 18 0 106 95 33 143 35 68 16 116 27 40 4 60 81 24 0 56 82 66 15 0 39 27 114 122 121 57 13 9 148 64 88 117 54 24 88 35 45 8 52 140 0 63 89 28 67 80 26 0 18 4 0 76 91 71 0 82 67 16 0 87 131 48 32 104 11 36 24 114 40 12 162 15 122 46 163 179 4 36 187 4 45 74 12 0 85 86 72 60 19 78 40 10 40 111 186 58 26 13 16 74 36 0 104 90 57 57 20 2 105 38 5 12 64 18 64 57 157 94 10 44 77 87 102 37 88 92 32 135 146 0 0 190 72 80 122 65 20 8 76 114 10 0 92 6 0 79 0
25 62 23 62 88 71 154 10 62 78 15 89 121 155 45 76 32 70 98 89 17 0 30 61 27 91 149 44 24 51 0 139 56 0 0 21 58 32 56 106 88 79 16 4 11 117 16 0 111 124 94 213 72 105 114 214 34 40 21 0 40 24 150 54 90 98 56 65 24 63 76 63 79 2 68 36 86 36 36 60 67 36 75 55 63 53 139 169 28 118 54 84 102 27 72 112 0 65 32 64 148 85 113 71 42 0 14 124 185 35 119 32 69 60 24 49 88 41 9 0 0 107 76 12 72 40 10 16 106 71 48 152 179 87 0 0 52 124 72 43 78 164 0 28 92 87 135 79 81 139 141 236 72 16 36 36 153 110 21 25 65 27 36 51 87 24 36 61 83 120 102 0 105 30 84 81 4 101 130 25 117 113 194 42 61 73 58 0 98 0 27 76 245 48 147 58 77 44 116 60 125 48 68 163 15 79 43 4 24 48 36 84 183 63 74 38 110 92 152 56 35 85 69 7 3 29 120 54 0 117 98 119 171 42 34 81 75 189 36 99 112 123 39 117 14 143 49 117 56 32 9 70 40 85 45 90
35 53 76 0 32 45 108 54 118 56 36 101 111 105 125 40 0 57 62 12 93 0 56 45 81 40 0 3 75 16 0 22 57 0 72 20 19 34 63 8 76 66 0 88 4 117 62 24 21 111 81 93 9 88 10 101 27 0 51 20 117 0 54 81 66 0 6 109 46 130 107 24 0 80 0 45 5 18 0 83 60 71 153 54 0 63 0 21 52 35 27 47 36 25 74 135 40 87 50 175 202 22 27 146 35 48 28 133 23 108 35 114 135 126 28 15 60 12 34 55 37 84 76 125 30 74 42 54 52 68 66 74 5 33 63 63 46 111 19 74 123 9 74 94 6 45 163 132 26 38 45 144 32 27 102 12 10 96 81 36 105 8 75 63 86 91 23 25 0 42 14 27 15 81 52 55 125 94 70 139 0 117 0 43 0 32 54 52 56 38 73 88 54 24 81 49 20 100 36 43 112 18 49 158 0 29 9 18 77 33 15 12 83 35 21 0 83 37 30 49 24 0 15 16 57 73 117 40 4 81 8 133 0 28 83 63 78 20 20 89 63 158 47 50 84 111 78 45 30 52 2 34 113 48 0 0
6 113 58 39 39 30 15 113 108 33 46 39 12 6 56 136 0 76 110 30 183 89 102 44 35 152 132 101 72 80 12 15 20 81 49 0 18 59 72 66 98 55 46 6 57 35 107 62 37 66 39 40 80 56 194 28 6 15 75 12 42 21 69 124 81 45 6 8 43 42 6 156 54 12 60 92 15 18 42 35 14 36 87 53 0 31 96 71 7 27 109 30 40 24 69 83 0 63 6 30 108 42 54 110 103 24 0 0 39 18 66 161 0 107 6 33 18 18 19 68 0 60 80 41 66 129 14 21 122 15 0 61 47 41 50 86 129 0 7 97 90 97 103 64 100 72 71 50 122 0 15 0 35 109 85 44 6 126 63 121 63 51 82 12 83 162 12 114 51 6 85 22 23 54 168 163 84 63 24 129 191 32 52 36 43 95 138 0 64 10 0 100 75 3 104 127 4 69 81 80 83 42 66 85 0 56 54 6 114 54 0 22 69 92 53 32 94 0 44 45 42 56 0 9 79 63 0 49 0 25 62 64 26 108 176 46 27 14 72 31 9 0 124 42 40 0 32 98 0 54 42 0 144 51 20 82
17 64 40 5 84 14 43 25 147 62 48 15 0 37 106 84 14 0 0 39 45 18 105 133 0 88 40 94 59 54 48 90 25 49 0 1 9 22 0 66 42 25 30 64 16 84 0 69 31 42 25 0 40 63 67 0 69 14 29 7 72 46 8 40 0 99 3 6 51 10 69 30 18 78 0 25 21 110 52 38 3 40 6 90 43 0 30 139 9 12 7 36 10 56 93 14 49 43 128 0 16 192 6 45 68 0 78 62 0 126 96 171 14 110 84 9 22 0 125 89 36 15 144 17 40 9 13 30 26 35 56 184 75 19 70 24 39 0 22 45 57 30 59 99 69 29 28 41 16 78 65 42 73 74 54 1 0 73 60 10 84 44 32 45 133 96 0 47 60 45 71 0 45 24 84 90 53 130 40 57 127 88 68 106 41 60 38 163 87 0 36 14 38 150 65 101 14 71 18 44 59 53 84 79 0 74 78 35 105 54 132 66 54 84 0 19 114 39 3 30 27 56 50 0 104 63 10 35 54 30 86 79 12 25 58 41 72 0 66 6 62 1 0 9 177 22 72 64 63 80 161 27 179 21 69 34
13 123 33 87 2 57 99 32 104 14 66 101 98 57 45 30 76 124 31 2 16 185 130 9 49 125 9 4 76 84 0 21 42 81 23 83 57 48 61 121 14 12 4 18 18 124 133 0 95 170 27 82 43 129 100 106 54 32 187 11 26 65 54 217 63 0 42 76 0 123 41 20 82 16 123 0 0 58 36 68 5 24 96 6 20 83 48 20 36 106 56 45 57 0 27 39 14 0 109 48 38 2 27 178 154 6 55 95 36 64 73 117 135 42 22 4 19 0 25 10 15 113 0 17 61 6 9 27 16 0 56 45 14 35 0 115 24 74 26 75 45 63 118 32 29 46 120 158 146 125 142 113 0 89 66 9 4 137 40 72 24 112 28 52 0 52 6 17 144 6 99 61 10 48 33 36 81 121 67 9 12 20 86 24 33 103 22 23 143 63 28 63 0 126 19 56 102 37 54 0 0 115 16 149 31 32 20 35 8 0 85 90 51 70 43 14 78 66 53 2 0 185 68 3 152 10 0 0 54 16 135 78 29 45 62 0 136 4 72 37 54 10 94 0 48 91 19 92 0 49 96 119 80 60 8 71
8 7 36 0 28 56 126 2 112 24 13 12 54 28 18 36 32 52 44 52 27 0 0 30 0 12 6 24 12 113 44 12 42 72 18 7 28 81 74 30 30 20 9 0 41 45 55 32 43 40 4 24 18 64 0 9 12 9 33 0 58 22 59 50 0 27 0 0 56 12 48 0 2 38 14 54 49 68 0 61 8 12 102 6 28 41 7 93 6 20 22 117 42 0 0 0 56 0 0 0 0 18 40 8 0 9 60 27 28 36 0 44 20 18 66 6 4 45 0 0 0 0 60 20 32 22 0 18 4 47 0 79 15 12 6 0 0 32 101 0 36 51 12 40 0 32 73 0 32 21 48 34 0 44 52 42 7 36 32 0 0 18 92 0 124 14 9 6 25 84 0 0 32 44 76 0 0 4 6 8 7 42 48 18 15 8 96 35 12 0 0 0 24 0 50 32 30 0 8 0 0 49 0 20 6 57 50 0 51 3 12 44 39 0 0 71 4 0 54 58 18 9 42 25 14 55 12 60 2 45 75 18 8 0 28 10 16 60 7 21 82 15 76 26 8 0 0 0 20 3 3 118 9 0 28 0
34 183 21 105 8 193 27 79 72 88 193 66 23 27 113 34 88 50 0 50 60 23 24 9 74 32 21 100 122 30 20 87 27 14 14 102 123 94 109 50 42 162 88 76 45 9 76 54 64 19 150 64 29 148 110 79 73 56 54 16 98 93 60 144 54 162 0 72 180 11 16 138 110 74 56 66 12 110 82 6 84 72 80 67 0 7 92 2 56 30 93 6 110 60 20 18 0 10 175 26 98 11 12 86 21 0 64 50 122 62 85 80 8 2 102 92 42 45 83 2 0 51 84 29 108 111 16 117 39 152 64 93 69 72 30 47 45 32 16 35 0 24 78 40 40 54 20 40 80 24 43 143 63 84 82 70 145 11 14 6 98 0 202 0 44 92 103 149 154 102 125 54 88 14 64 173 36 143 69 162 51 137 90 92 131 58 0 89 18 0 80 36 73 129 123 87 78 18 16 43 2 174 37 64 8 2 126 0 186 6 32 85 9 20 52 14 69 27 52 0 34 193 0 82 4 154 12 0 169 72 79 64 123 134 117 138 45 58 111 92 38 186 32 165 0 31 106 53 0 16 48 54 22 155 38 25
18 79 25 64 48 0 146 124 177 8 45 191 63 52 123 124 18 27 16 0 72 71 48 88 28 63 21 128 0 52 16 27 110 0 57 193 40 82 16 177 32 87 52 16 48 88 177 4 50 46 118 21 4 12 127 8 30 36 99 36 68 36 18 73 181 51 114 124 96 16 0 36 164 15 0 84 29 17 42 28 69 64 16 51 64 9 21 34 56 40 62 15 28 20 30 138 16 148 81 36 34 32 57 107 84 66 92 49 52 119 206 84 95 129 87 109 50 0 0 67 133 16 18 60 0 52 32 0 96 81 15 0 12 162 75 50 62 66 67 24 145 96 70 32 0 28 8 120 64 0 0 27 36 85 67 75 77 132 68 42 64 160 54 131 54 14 79 16 18 78 0 0 22 33 20 48 62 12 112 114 18 199 24 0 79 0 12 21 75 48 89 0 21 101 115 40 174 16 0 14 32 21 175 85 48 77 36 9 30 0 0 36 21 22 156 0 71 99 30 104 0 105 45 0 24 32 56 56 54 57 80 78 43 108 0 54 98 14 70 36 96 72 91 48 56 0 62 24 36 126 39 18 0 0 74 32
0 20 87 48 36 91 128 158 79 36 152 20 143 69 89 70 36 56 58 87 90 24 16 85 116 75 87 57 6 114 92 108 95 99 136 49 94 131 64 56 24 66 130 106 73 166 73 57 52 101 236 119 10 36 125 0 15 25 29 12 102 34 82 65 111 126 56 39 130 115 167 113 174 81 81 128 8 65 96 93 142 27 56 50 67 65 0 87 32 56 57 137 73 41 46 81 34 139 142 122 92 12 106 59 100 29 118 121 0 69 0 289 81 90 133 109 60 69 90 58 170 116 93 145 0 36 0 54 0 68 142 57 12 73 95 44 16 87 86 37 173 116 0 132 56 69 62 157 72 78 54 159 64 13 101 118 0 28 63 72 174 120 41 124 72 14 57 28 215 109 69 76 23 47 68 46 153 37 61 0 128 177 168 115 54 23 130 89 91 89 117 21 106 132 64 24 71 0 0 28 93 63 193 61 27 53 0 30 128 28 60 71 0 110 54 110 0 72 35 198 0 48 20 103 18 114 102 0 133 78 175 97 12 80 117 49 78 31 102 165 49 128 28 133 93 67 120 199 93 159 25 68 16 105 73 21
49 126 0 48 16 51 82 64 3 57 89 39 0 53 4 35 56 13 14 51 16 21 27 79 25 153 0 36 114 24 12 27 12 3 115 89 8 124 36 89 56 56 32 45 26 34 114 37 42 26 21 135 12 46 127 38 65 50 109 5 6 59 0 99 83 32 6 63 20 63 60 116 9 47 47 43 16 114 0 24 28 11 0 54 0 83 116 109 36 79 6 23 83 36 12 40 48 35 83 0 75 20 45 27 0 0 108 81 107 43 156 72 0 98 84 72 27 58 56 8 9 40 0 50 6 0 98 21 36 4 17 0 101 49 31 2 21 3 13 89 0 123 20 109 106 41 69 47 133 40 7 57 64 16 39 28 0 0 129 69 18 56 90 36 39 12 3 24 72 0 43 18 0 73 92 0 34 68 63 0 42 0 56 14 61 0 93 76 12 42 36 70 0 145 68 20 140 34 81 2 16 21 21 21 0 56 132 28 145 28 100 102 98 52 31 77 67 50 0 0 44 83 86 0 112 60 42 46 8 9 162 72 48 62 59 71 167 17 56 103 89 16 94 53 10 2 16 38 40 75 22 57 57 94 76 57
66 124 18 0 27 55 45 154 146 0 102 74 35 15 31 90 103 0 0 42 41 57 69 36 24 45 7 25 45 67 86 102 74 107 39 28 65 103 27 156 2 87 42 15 37 65 13 33 68 0 57 74 34 75 72 7 64 4 30 40 43 49 9 101 35 34 7 49 57 45 27 88 76 112 19 2 0 81 100 45 59 18 5 18 0 0 15 45 0 159 0 0 16 113 44 40 75 23 97 72 25 71 0 19 136 20 34 15 85 39 151 177 56 54 54 55 56 4 45 57 149 69 21 58 18 28 4 148 57 0 68 81 8 56 64 116 31 0 22 36 108 5 74 10 65 82 77 62 152 27 0 95 0 3 85 58 36 32 44 61 16 86 90 135 89 35 35 9 187 62 77 40 33 46 49 41 80 22 83 64 0 99 126 120 67 120 10 105 63 97 72 98 33 282 8 75 119 15 51 45 0 136 93 59 70 20 0 18 94 18 119 116 27 105 71 0 51 35 39 60 0 66 40 32 87 50 11 49 0 4 123 174 3 20 48 46 12 47 4 54 64 44 33 92 90 2 189 90 23 211 1 0 68 90 54 81
4 57 6 4 18 93 42 63 21 93 94 95 64 34 45 44 105 87 15 48 14 42 43 86 33 0 0 122 50 8 94 36 24 0 79 0 0 30 21 69 21 87 8 48 83 43 2 110 111 96 40 35 43 80 96 4 6 70 0 0 9 6 42 87 74 29 66 41 36 0 77 103 70 41 16 18 57 58 57 67 36 6 76 24 89 61 36 2 19 18 54 72 42 1 40 21 26 46 0 24 5 0 58 111 60 36 19 132 0 20 52 162 56 12 18 122 32 67 64 92 48 0 30 70 27 0 42 81 1 64 21 87 24 72 54 77 66 40 175 78 0 6 146 64 74 41 92 3 68 39 91 9 70 46 113 77 8 9 0 121 61 63 82 24 14 35 112 117 184 26 18 144 5 33 83 94 107 21 94 97 30 25 224 15 96 4 18 30 161 45 40 88 0 103 22 120 132 44 39 7 0 6 38 74 0 6 0 66 5 3 86 81 70 37 48 90 28 9 69 166 0 2 54 58 57 163 10 14 16 18 108 105 32 10 54 15 84 76 0 105 56 54 59 30 69 54 0 46 48 8 57 22 42 57 17 47
14 72 42 44 22 71 9 78 89 80 0 121 28 0 74 33 48 135 0 102 0 53 6 114 155 70 59 35 44 9 0 64 96 134 94 18 24 0 45 153 44 139 0 53 49 34 60 4 75 0 70 60 57 166 50 54 46 60 8 36 0 114 26 150 54 130 60 117 88 0 62 32 97 36 55 80 0 29 12 62 8 22 75 7 56 44 67 40 72 0 67 55 52 156 11 4 100 4 126 40 82 14 8 207 12 76 110 101 18 201 0 54 14 119 87 139 46 44 18 18 21 2 26 98 64 58 70 83 36 158 62 145 0 21 14 94 42 6 73 60 50 109 70 120 28 16 42 152 48 73 92 67 55 103 75 54 20 42 74 78 68 125 60 124 159 5 44 32 76 15 55 144 112 55 40 60 103 5 63 0 0 79 74 96 56 53 51 68 173 8 28 78 0 39 53 126 160 50 0 53 9 68 62 0 16 69 16 42 70 0 83 60 81 64 30 70 48 89 48 117 80 32 75 94 56 21 46 129 8 4 64 48 73 0 54 6 44 46 81 113 40 150 135 14 106 94 37 212 37 28 64 40 46 58 54 0
28 182 19 140 141 149 145 252 56 152 6 67 85 82 37 64 24 69 24 72 73 72 93 130 135 173 72 82 93 159 42 96 139 3 143 58 116 97 78 92 70 112 14 0 137 43 270 100 64 157 82 167 101 159 78 14 69 8 79 14 62 58 110 144 149 124 0 82 56 8 23 102 166 139 187 149 139 35 107 16 80 28 7 33 149 29 96 96 91 109 24 49 25 24 83 106 49 45 16 117 18 93 61 152 0 5 90 224 115 56 81 94 104 133 115 27 32 61 37 79 52 202 127 123 118 48 62 54 72 127 28 106 143 69 37 112 45 193 138 94 249 96 18 59 66 100 92 40 8 91 67 81 30 224 119 74 42 36 32 86 103 0 48 79 60 120 54 98 69 70 79 81 33 66 161 62 141 75 85 20 139 115 239 193 9 106 129 65 27 97 125 56 107 122 80 64 79 70 10 248 216 131 45 62 7 221 56 62 106 0 103 36 110 100 16 49 157 68 49 74 89 59 156 35 233 88 119 0 77 48 55 109 90 96 185 178 44 56 42 153 42 107 92 24 166 68 65 49 41 36 86 67 12 66 99 72
42 29 0 144 24 20 20 43 81 28 108 6 36 0 84 141 0 28 0 54 31 0 124 62 27 1 21 81 35 9 11 56 0 39 0 57 2 35 6 54 80 69 64 33 0 0 6 64 27 6 56 105 45 103 91 29 41 13 58 56 143 4 31 9 56 38 68 111 0 56 77 102 72 51 66 67 18 21 2 0 17 49 45 25 58 8 0 33 63 16 181 11 0 15 42 6 34 8 28 4 20 106 72 175 29 73 73 0 63 44 85 100 6 176 56 87 114 3 0 90 63 47 45 18 8 169 64 44 26 58 83 0 17 21 4 110 14 52 44 20 49 8 28 0 38 0 11 52 22 0 26 21 36 86 16 42 0 41 8 49 27 64 148 0 68 72 54 43 94 9 33 34 32 19 32 137 0 12 7 120 122 126 56 74 16 103 20 24 5 36 72 24 64 0 51 29 99 58 72 64 40 4 86 58 21 39 18 6 18 6 81 23 8 33 80 0 0 0 64 21 19 85 9 1 4 56 0 53 2 5 56 107 8 111 88 48 40 53 48 81 24 50 0 70 72 13 9 29 24 5 66 0 22 91 67 17
40 28 78 0 53 2 28 19 58 83 82 12 5 144 27 76 55 9 31 70 46 14 15 71 47 85 23 24 64 15 15 64 19 36 53 0 7 16 4 17 45 138 24 55 120 101 71 40 8 0 112 96 81 69 58 62 37 70 31 17 66 143 6 133 8 132 38 43 45 0 26 16 28 0 35 56 22 3 77 0 4 54 18 26 27 10 59 33 8 53 102 65 12 21 35 105 49 21 68 26 70 69 60 36 63 76 16 25 63 15 64 45 15 71 29 57 50 21 98 61 53 55 10 7 0 88 29 48 110 104 48 54 91 40 30 39 14 30 0 124 110 30 75 18 101 54 31 45 22 76 73 0 15 24 48 111 32 74 82 0 20 15 74 5 73 29 35 73 53 126 200 18 66 27 120 81 31 67 0 13 140 163 8 68 14 38 68 121 14 0 106 8 77 107 111 39 41 7 36 28 10 72 56 60 38 48 33 13 80 93 71 35 21 29 54 69 58 48 0 38 50 4 24 67 114 14 32 45 45 58 26 73 67 60 12 20 60 2 4 85 89 59 40 12 59 87 147 104 12 49 73 50 30 2 88 36
22 184 45 0 18 49 46 135 53 107 167 66 30 93 80 157 9 85 75 68 92 70 98 24 0 77 86 42 27 100 91 120 6 35 170 21 3 204 8 26 12 132 65 21 133 70 66 51 112 115 98 23 0 4 171 38 99 69 10 40 30 25 51 114 114 90 65 79 96 8 105 79 3 135 40 57 99 131 132 133 8 48 72 28 63 124 2 28 36 24 101 183 88 66 49 40 20 132 206 24 91 76 96 18 54 59 193 89 104 170 57 144 123 32 24 155 86 18 77 46 202 10 10 28 36 160 83 145 16 74 42 60 64 16 134 82 48 107 107 117 105 32 138 105 20 139 112 6 53 74 28 200 0 21 172 111 30 33 48 208 100 52 164 34 82 228 75 78 68 122 96 94 17 21 187 81 77 50 0 154 83 57 160 127 135 183 30 152 62 77 117 0 81 112 108 60 76 71 38 18 47 0 56 34 25 52 16 5 92 32 86 132 76 22 44 54 30 56 33 150 20 62 27 77 36 145 103 45 28 75 153 175 46 165 126 105 47 14 22 208 59 55 77 186 87 32 132 57 184 145 34 14 32 105 61 3
16 98 99 45 8 32 153 142 6 78 75 136 12 54 85 60 16 182 100 21 73 120 18 4 51 24 0 44 0 47 46 7 33 0 20 85 130 49 10 127 110 110 59 21 99 104 124 0 32 55 74 53 147 72 64 32 112 4 90 16 36 35 45 43 79 85 0 154 37 50 18 18 84 17 26 164 18 28 19 92 163 36 0 22 14 2 64 68 54 40 105 75 14 70 35 42 12 56 76 91 16 72 16 106 114 34 56 0 33 56 9 88 0 88 56 52 35 52 42 56 0 10 54 69 0 35 37 71 48 90 23 32 51 0 52 78 0 30 132 35 193 74 39 7 0 52 18 0 56 48 94 88 0 145 90 7 175 81 56 71 4 76 25 49 81 0 183 69 80 99 118 14 55 141 6 96 30 63 64 3 106 6 8 40 112 88 115 90 101 5 60 45 74 170 78 8 80 6 38 22 17 138 64 27 8 54 94 10 80 62 68 19 56 85 30 80 0 16 41 36 0 119 45 20 18 21 98 20 26 0 0 26 38 18 18 124 108 30 120 186 65 156 8 26 0 64 130 118 68 76 60 78 8 97 101 66
4 82 168 54 36 167 130 88 58 34 52 0 37 0 49 36 44 0 72 128 53 24 36 14 112 60 47 24 16 85 70 158 58 27 24 41 105 39 32 124 57 13 135 5 9 111 86 6 34 52 101 7 61 21 59 147 105 42 147 0 54 18 18 44 120 110 28 121 99 9 36 38 116 35 38 97 63 116 74 40 81 114 0 73 136 48 57 200 34 57 12 85 18 96 200 17 22 80 24 58 35 40 10 70 21 36 34 18 125 12 14 0 49 23 94 32 37 40 0 36 73 55 90 16 96 62 77 36 54 166 0 43 105 91 36 0 135 65 0 12 54 59 33 58 25 108 36 35 58 60 66 122 188 132 137 41 104 0 29 5 12 7 102 87 66 12 19 163 34 97 54 56 61 30 87 28 19 87 42 9 60 78 85 54 24 32 31 66 67 0 80 65 129 66 43 63 104 66 29 20 0 149 81 0 20 67 86 18 65 89 15 85 96 23 79 35 27 127 54 38 58 76 95 56 35 5 18 105 79 0 66 114 50 51 49 39 124 29 118 10 52 97 40 77 10 43 21 71 24 117 88 64 88 127 27 71
8 159 55 97 54 94 40 198 16 135 0 207 40 78 41 42 0 0 74 106 12 69 105 131 48 87 45 8 176 118 36 98 28 117 60 9 0 90 46 111 28 78 0 61 30 0 110 149 76 144 14 25 51 110 0 178 144 150 26 0 0 156 51 64 0 63 83 121 82 0 48 31 114 0 72 62 54 45 10 74 25 72 16 12 63 72 39 65 18 111 28 44 107 155 35 263 16 18 54 102 28 94 16 153 0 111 87 27 6 0 70 28 120 80 35 96 51 46 68 0 71 62 12 23 0 59 72 52 91 65 11 0 0 36 61 133 0 100 45 186 133 137 64 110 0 109 0 0 128 25 12 25 34 64 15 24 42 0 34 0 63 39 5 0 0 42 55 76 24 53 128 80 100 172 41 149 90 5 74 27 130 34 0 0 35 83 91 69 168 15 72 39 0 66 65 2 113 109 48 40 37 50 2 33 38 91 62 0 112 14 113 53 92 100 48 77 109 57 75 0 22 18 177 7 40 183 32 128 105 104 122 99 53 177 58 66 71 44 147 35 15 70 98 47 123 117 36 96 26 18 10 132 3 8 161 159
0 0 0 0 0 0 83 65 20 10 12 52 21 77 71 82 0 64 5 25 43 80 27 74 85 40 8 42 37 64 30 58 81 112 38 0 0 4 6 64 0 12 77 69 34 112 10 60 28 125 0 86 0 36 7 8 66 34 33 43 64 0 139 171 45 0 56 4 0 64 31 105 60 55 80 60 35 35 0 34 0 0 0 0 0 91 49 79 0 32 20 0 48 48 28 7 4 39 18 30 14 83 0 78 6 124 36 63 48 6 61 24 11 92 67 0 39 0 41 43 42 0 28 39 50 0 66 121 52 0 21 61 0 18 78 37 0 48 47 51 146 0 78 77 28 32 30 52 0 58 69 147 25 168 121 17 0 39 132 84 57 72 110 0 6 87 0 11 0 99 87 35 2 35 77 18 24 35 42 0 12 135 81 23 74 0 65 0 13 0 58 63 65 103 30 61 0 20 20 53 35 93 119 87 9 41 28 70 22 94 0 15 113 4 48 0 30 0 79 0 8 0 63 0 54 0 133 106 0 19 31 54 10 8 22 147 63 36 62 45 63 35 101 68 0 14 0 58 86 2 0 20 81 0 42 22
43 146 35 0 90 72 34 125 8 91 77 40 35 20 189 77 0 135 71 121 107 6 57 167 100 31 40 0 102 128 0 63 24 46 104 67 0 121 4 30 70 0 0 89 61 206 144 11 48 109 51 154 0 48 128 1 111 33 30 123 46 32 86 109 72 94 81 78 48 167 40 155 0 144 27 72 135 89 78 63 43 0 57 70 51 244 9 116 85 61 12 54 114 111 56 91 61 0 15 144 78 41 18 20 45 132 142 86 10 27 116 7 24 144 65 43 151 33 10 146 203 92 157 47 54 81 108 67 0 37 1 40 0 56 153 109 19 98 123 174 112 115 45 222 15 42 153 184 110 46 75 78 83 1 169 12 0 4 84 100 30 45 126 51 18 67 87 42 28 32 100 0 66 10 23 24 24 7 263 64 49 250 77 32 80 63 35 24 112 121 87 62 129 138 75 9 86 48 5 75 121 67 161 120 24 43 39 47 24 0 117 91 119 20 0 0 102 27 66 52 120 41 136 15 96 88 74 177 64 54 34 130 129 132 72 113 41 9 60 132 61 86 22 132 36 66 107 0 99 6 0 32 153 73 82 32
66 28 16 96 107 117 21 66 87 117 58 87 12 28 97 24 0 34 6 89 52 34 81 83 34 66 28 14 0 3 36 10 30 0 12 47 44 14 81 34 7 64 21 42 21 27 24 56 42 2 12 35 11 30 32 32 10 4 16 40 65 0 18 71 63 25 55 63 107 92 112 0 41 103 4 9 0 117 0 48 51 48 102 29 77 26 15 10 0 89 9 24 65 0 97 35 111 7 12 20 93 127 0 6 51 2 66 67 20 77 59 73 21 113 172 0 34 4 29 55 86 60 49 65 42 103 24 98 50 107 0 180 50 83 10 127 35 3 86 0 71 71 58 0 16 83 81 9 0 32 0 122 24 35 98 0 80 9 18 0 0 31 205 51 163 49 0 84 78 87 2 21 51 78 96 44 36 48 68 6 24 22 105 4 67 100 106 48 17 48 13 68 36 72 228 73 51 0 32 142 43 49 12 96 53 19 85 3 41 12 31 3 17 70 21 98 14 15 12 66 32 78 60 59 56 14 31 164 2 3 55 42 9 51 16 32 24 0 24 37 48 67 99 63 27 74 68 76 11 16 36 100 87 102 27 19
126 42 115 47 26 109 21 69 119 70 63 6 81 24 77 47 0 82 69 44 124 88 103 131 88 83 30 50 117 97 47 123 95 159 8 148 42 38 59 86 85 54 103 45 85 127 24 35 112 127 54 231 34 61 72 30 106 79 195 24 71 71 126 210 70 88 2 0 29 26 61 150 91 7 32 53 81 53 12 105 21 14 19 27 106 36 27 97 0 60 30 139 89 121 159 11 0 0 70 56 59 40 92 68 56 9 73 87 76 243 117 69 0 142 152 117 72 127 12 39 24 28 16 77 126 0 20 0 186 146 64 9 103 39 24 45 72 88 87 8 0 119 42 30 72 63 82 138 78 69 201 56 93 112 151 63 0 124 42 81 36 78 100 128 149 4 14 20 72 62 6 15 75 62 60 95 154 33 36 28 36 145 32 4 92 29 118 74 62 0 0 14 56 2 39 0 120 33 2 158 72 94 56 53 36 17 81 14 248 6 68 81 0 164 0 0 98 126 246 55 102 58 126 57 22 39 68 40 0 108 82 40 103 67 188 14 56 96 47 185 137 127 10 104 36 180 18 0 8 17 85 82 70 125 49 56
