32 0 87 19 0 0 6 7 41 20 56 13 55 44 27 81 0 0 60 0 89 12 46 59 37 6 4 46 12 3 30 93 29 34 7 16 32 144 0 49 0 109 53 0 21 7 45 18 92 0 0 71 0 8 6 21 94 43 71 32 5 152 38 98 14 40 144 75 155 71 93 49 62 74 0 24 54 120 36 6 24 83 33 121 77 35 50 9 9 81 18 12 0 0 86 0 41 129 0 56 12 0 9 9 50 97 55 57 42 100 86 40 111 145 119 12 81 38 16 34 10 9 60 26 45 43 23 38 93 61 24 12 14 78 80 77 63 131 0 18 24 8 102 0 25 9 76 49 38 78 21 32 20 57 2 27 0 17 56 9 27 104 35 64 45 74 114 78 42 68 126 82 23 70 0 58 117 54 18 12 108 24 12 9 86 35 9 68 115 27 102 8 102 4 72 100 16 46 82 42 25 54 57 55 161 42 27 0 54 9 43 63 10 12 22 105 32 54 80 109 37 51 145 38 59 168 158 159 53 33 99 123 15 0 12 63 47 32 18 6 0 12 0 18 66 26 32 24 100 68 19 52 27 39 0 59
0 24 0 79 65 88 141 72 132 20 40 30 0 45 71 47 55 45 116 8 0 0 84 88 8 35 48 10 5 10 44 16 58 40 0 0 22 20 0 0 0 127 54 12 45 64 2 38 7 0 2 90 12 79 0 58 66 53 10 12 56 30 52 10 40 72 44 54 5 24 52 8 46 48 0 72 55 123 14 10 16 6 72 85 0 0 0 0 72 30 20 16 177 25 56 47 42 8 54 25 0 32 84 27 45 41 48 32 48 0 8 31 0 70 24 60 0 0 137 0 83 0 120 0 6 78 0 36 73 0 3 0 27 0 27 0 0 0 20 62 39 0 131 42 41 66 32 30 0 0 80 75 9 0 83 96 88 0 29 0 185 45 53 30 0 4 72 32 101 16 81 0 109 48 87 40 55 95 0 0 35 97 25 32 0 58 18 0 0 139 30 40 45 18 69 32 95 81 110 0 54 162 0 0 187 99 0 71 0 17 135 64 0 0 53 49 2 12 0 47 0 40 138 126 0 100 54 81 24 64 94 23 18 58 90 0 81 62 0 0 55 16 60 48 10 30 0 15 0 12 37 85 23 0 0 10
25 20 9 41 45 18 18 136 79 10 43 4 56 24 130 150 86 106 64 18 0 35 60 0 27 34 74 24 23 9 56 49 0 52 17 27 6 0 6 35 18 84 39 210 32 70 80 0 12 99 11 129 0 84 35 0 92 44 10 2 116 70 96 125 0 61 45 97 112 133 84 54 21 0 17 77 0 54 28 16 25 35 39 29 0 54 0 18 12 25 0 10 6 9 116 72 3 64 80 137 19 98 144 30 63 12 18 76 67 66 49 9 43 96 130 44 3 0 0 43 16 170 92 0 19 49 15 29 158 93 44 37 86 8 0 30 21 49 0 0 64 92 12 45 99 91 106 0 0 69 178 118 23 101 8 28 192 22 54 30 59 55 78 40 0 86 115 82 27 27 102 55 117 35 0 77 72 27 82 102 25 150 40 40 0 54 0 56 27 3 5 0 117 36 163 0 36 0 0 41 52 24 40 37 167 78 7 18 63 146 0 0 6 0 51 187 0 37 60 118 72 12 107 39 24 42 59 102 0 54 135 21 12 29 47 23 99 41 0 8 138 65 6 84 28 26 73 46 50 94 0 99 39 27 68 52
87 32 40 0 32 21 154 0 116 180 63 1 35 18 30 94 45 21 84 82 82 12 36 130 15 12 14 10 56 32 7 138 24 42 58 60 0 27 0 0 24 58 24 66 111 0 67 132 27 136 4 63 0 59 0 36 33 67 61 0 51 151 45 40 78 39 86 108 63 66 135 49 42 76 0 32 9 75 6 18 0 30 0 16 3 70 12 93 44 57 181 12 104 0 75 197 38 81 102 104 28 30 139 124 133 80 56 68 84 10 100 145 18 0 119 0 67 45 204 24 48 63 39 55 83 34 10 31 14 92 56 44 54 63 72 16 0 55 77 72 14 35 180 90 42 6 10 35 10 33 58 0 9 9 22 40 111 93 32 0 36 155 81 130 45 97 6 28 66 98 10 113 6 103 0 0 48 16 117 100 87 135 0 84 85 68 28 83 0 81 140 8 61 4 68 56 78 14 202 16 0 81 0 0 158 144 33 62 0 60 33 4 44 36 101 125 14 68 58 47 3 33 27 35 100 101 168 59 79 30 120 81 8 0 10 0 21 66 56 48 95 121 0 56 0 59 5 24 7 14 0 21 14 8 77 67
112 58 0 78 54 83 0 25 45 43 153 12 49 52 25 54 65 142 2 0 50 161 81 127 227 55 81 18 48 32 12 137 145 8 27 70 35 98 14 0 78 3 123 24 30 7 50 65 16 107 2 33 0 49 91 13 39 166 56 28 62 0 25 21 63 84 57 145 115 69 63 27 26 51 0 45 32 104 72 54 0 20 16 83 122 189 18 90 0 6 72 49 21 55 16 22 46 56 40 165 146 39 68 24 6 9 5 93 0 0 0 84 64 11 27 15 102 37 8 43 66 88 4 63 15 82 121 56 80 53 21 27 4 52 49 47 0 7 117 0 83 16 41 10 25 15 150 80 70 0 23 63 19 41 25 77 97 84 17 118 76 0 4 18 85 64 20 67 22 97 67 160 79 27 39 64 201 15 27 89 75 41 63 91 87 0 14 106 0 29 42 22 88 45 36 9 12 24 72 108 25 40 117 27 27 49 49 57 42 129 52 6 128 28 146 58 30 106 84 74 89 45 12 51 0 11 116 130 51 7 75 45 41 0 4 69 114 52 2 132 36 9 70 72 160 25 4 13 53 11 88 7 19 18 15 24
121 73 90 38 5 15 7 128 130 143 13 86 67 70 29 81 0 75 27 13 119 16 52 83 150 40 0 22 6 56 78 94 0 58 67 21 31 54 0 40 146 136 118 112 54 172 18 62 97 59 11 106 68 48 20 47 8 50 37 58 26 46 117 127 5 60 39 81 183 99 27 68 40 12 38 0 27 94 108 46 0 49 39 81 49 65 77 64 36 8 32 48 90 0 160 141 87 15 120 56 47 48 115 22 0 2 96 5 36 211 121 56 14 21 77 29 78 34 63 47 125 3 56 102 33 134 135 70 16 27 25 13 125 7 91 8 18 45 56 77 64 9 11 0 62 192 136 48 87 44 24 191 91 76 35 73 123 29 12 121 40 34 41 68 0 1 55 47 67 47 56 51 120 64 89 84 174 33 4 1 161 66 0 261 0 84 31 106 0 81 78 54 62 85 24 0 104 45 45 32 30 180 104 16 105 184 70 66 77 78 125 24 8 49 59 0 95 54 62 120 22 21 97 9 103 16 10 1 53 97 102 57 8 0 102 70 71 26 34 72 140 77 85 6 50 13 64 63 80 0 65 119 57 24 15 84
63 31 60 12 9 48 88 50 28 167 67 101 46 67 166 48 6 0 0 66 48 75 31 0 34 122 36 50 72 185 40 74 93 45 121 42 56 53 0 23 102 246 24 54 60 18 29 186 98 15 28 69 49 48 85 16 13 122 77 87 47 92 63 85 126 66 39 0 34 11 101 18 64 42 14 41 50 35 30 102 59 18 55 114 24 68 32 18 0 15 68 13 69 0 18 101 122 185 52 46 8 95 42 2 0 42 137 35 6 114 0 6 72 93 92 24 23 49 24 73 109 132 54 18 50 72 48 69 91 66 32 61 99 36 68 62 44 79 30 176 80 42 12 88 103 74 111 155 113 158 117 186 40 35 22 6 104 108 120 92 4 163 96 110 0 71 117 61 7 194 124 30 105 0 41 0 152 111 76 60 46 56 10 99 34 12 86 6 24 63 50 0 102 48 126 8 0 80 36 29 118 157 96 29 98 57 0 35 86 6 4 0 6 61 31 96 9 12 24 84 111 18 122 24 30 87 116 60 43 10 131 40 15 12 87 58 66 59 48 77 39 72 36 15 20 7 24 77 72 16 59 146 0 30 30 26
31 66 15 48 3 88 157 13 66 16 56 57 124 56 114 90 124 47 64 22 54 26 33 76 0 64 22 15 74 35 36 56 35 136 184 38 2 34 16 63 38 139 18 100 86 42 56 136 86 56 20 32 19 46 50 16 81 136 112 20 45 45 79 20 0 90 151 17 114 32 255 184 67 84 100 40 15 98 90 20 0 93 74 34 50 0 16 16 0 67 24 25 171 46 152 48 44 5 183 41 31 70 126 5 128 44 105 4 206 68 131 71 24 30 115 12 7 108 28 177 5 50 28 20 6 143 48 27 128 50 48 20 128 0 9 182 32 163 0 120 0 0 169 73 58 157 151 97 12 32 24 15 0 113 43 16 78 0 20 95 156 85 92 177 65 0 89 100 36 24 0 21 64 0 35 46 85 62 67 28 15 72 6 90 36 25 104 69 31 123 32 34 123 12 239 54 89 77 102 41 136 7 16 28 172 134 0 0 45 102 63 53 54 135 54 109 37 44 33 99 48 52 122 32 4 138 18 54 74 49 48 18 0 24 36 10 130 0 7 18 50 10 0 26 91 49 42 0 95 142 72 0 22 0 20 0
75 114 16 0 6 158 58 103 32 60 174 18 87 39 155 116 79 56 0 96 57 8 148 0 127 0 57 78 70 46 90 70 36 30 108 52 86 35 0 20 8 76 135 22 0 4 24 72 118 0 14 42 113 57 12 105 91 74 36 42 48 157 15 26 76 77 4 65 113 64 0 116 11 45 11 181 28 18 36 57 34 73 48 0 58 6 6 116 40 0 51 36 10 22 137 72 96 52 87 121 96 35 12 30 40 48 26 36 50 156 20 82 60 60 99 66 56 80 70 43 108 63 5 10 84 80 49 7 109 42 80 40 61 6 21 61 24 38 5 32 25 34 77 9 20 71 0 51 8 42 155 2 76 36 80 58 101 20 0 148 34 122 14 132 12 57 60 81 49 99 5 0 77 32 48 101 174 80 38 30 40 57 0 66 0 81 4 63 134 104 103 15 103 54 98 90 6 34 117 165 110 50 21 5 18 29 0 96 42 21 12 110 0 80 91 130 87 93 18 125 85 7 122 10 49 0 0 72 59 24 0 160 38 53 96 39 73 0 80 21 72 64 91 110 60 48 20 59 50 81 64 22 32 42 71 70
0 53 0 0 9 12 82 144 14 25 192 75 0 42 31 171 0 117 62 16 65 55 40 133 95 37 26 82 0 83 0 65 46 27 27 39 0 115 33 0 36 0 3 38 6 36 54 46 38 18 85 4 150 39 64 83 72 48 25 6 0 63 42 12 9 11 78 64 108 56 0 0 61 43 54 66 75 86 49 0 15 3 34 0 77 0 12 34 57 0 43 64 19 96 33 115 81 47 21 3 100 79 63 25 2 129 24 38 0 14 72 29 14 28 35 121 32 14 212 24 102 78 6 12 27 8 9 24 16 0 83 125 18 29 140 91 0 31 0 37 83 0 20 0 18 15 120 54 25 0 30 0 20 84 63 78 22 187 0 59 205 54 74 95 72 16 8 102 4 77 12 27 99 30 0 80 45 81 45 0 27 71 89 67 6 3 90 0 27 12 31 73 69 6 22 16 7 3 126 83 66 0 64 24 68 98 16 102 12 13 45 24 18 51 88 12 16 35 121 3 78 4 89 217 4 106 135 33 117 72 26 67 65 48 18 77 63 0 35 61 74 70 107 100 35 41 52 44 0 21 83 14 28 15 2 30
63 111 21 20 16 92 87 49 11 109 50 32 68 30 54 111 0 81 20 94 76 142 24 5 162 63 52 8 3 58 49 117 48 48 0 36 24 177 12 87 48 28 43 8 6 49 0 81 62 16 96 12 4 40 40 128 0 64 25 84 7 101 40 58 137 6 99 0 0 0 72 37 24 17 24 123 24 27 0 30 63 60 45 0 79 45 6 54 7 141 86 3 30 38 126 32 29 21 54 0 4 87 32 56 42 16 24 88 33 32 0 53 12 24 48 125 4 18 85 40 84 88 0 0 24 136 0 0 41 0 55 32 60 56 99 131 2 0 12 36 88 72 33 88 45 24 81 52 12 45 56 1 0 8 62 29 124 67 0 98 19 0 21 114 24 0 57 35 4 14 45 27 3 48 48 72 0 36 32 20 54 24 80 94 0 6 57 81 149 88 72 24 66 32 51 58 31 8 0 0 36 42 0 9 27 19 27 126 75 24 72 8 72 81 148 99 40 5 85 66 75 22 26 61 6 24 0 28 8 122 0 126 56 36 80 27 0 12 15 22 0 36 46 0 29 0 0 84 0 0 234 27 22 81 30 12
0 15 11 42 10 12 33 45 14 18 63 9 0 0 32 0 0 27 0 40 47 70 18 6 6 21 3 12 81 78 27 61 45 75 0 122 4 18 9 12 0 48 44 8 0 27 37 13 54 0 2 30 4 16 24 12 76 46 54 0 35 0 30 0 3 9 30 31 40 16 56 68 0 1 0 54 6 49 53 24 3 0 58 44 21 32 16 18 56 10 6 15 14 18 45 43 8 29 2 58 0 20 41 52 0 69 46 61 3 10 21 9 8 60 9 16 45 0 4 8 10 45 48 0 26 13 0 1 52 0 16 0 72 0 27 15 30 46 8 0 30 24 44 9 3 4 54 14 0 30 101 8 5 18 7 77 77 20 26 11 92 125 42 57 54 39 48 75 0 4 57 98 66 13 35 0 26 83 12 45 3 16 71 66 0 81 0 45 61 24 81 7 8 25 27 0 7 11 2 51 27 46 6 21 0 48 9 4 18 4 90 2 34 0 61 36 12 64 66 13 66 33 113 73 18 7 80 120 6 0 45 44 0 6 54 45 28 35 62 24 75 18 46 0 53 33 5 0 0 4 74 84 14 6 10 19
23 87 16 84 68 42 14 6 16 126 45 117 21 0 31 78 59 92 0 55 21 114 55 40 78 0 79 0 4 34 53 40 130 153 91 40 88 82 0 14 33 103 33 160 54 70 30 86 59 20 10 25 93 24 49 121 3 103 8 85 131 12 34 27 151 82 35 93 66 30 3 30 18 12 54 47 53 76 111 4 20 24 102 76 41 107 52 22 42 76 12 32 15 31 101 24 0 34 152 190 120 9 92 78 25 43 81 68 45 86 10 234 20 44 104 7 64 11 96 4 108 27 20 0 21 75 21 87 34 23 0 4 31 0 3 7 124 72 107 80 3 73 61 49 30 81 114 149 0 10 131 49 0 9 85 67 171 8 48 146 21 44 153 51 49 38 32 36 32 24 63 39 75 46 25 26 144 0 6 25 42 0 21 76 167 78 59 70 9 0 31 93 0 0 15 111 63 38 92 73 52 37 3 8 56 37 36 71 51 151 22 0 87 37 106 75 0 12 6 54 0 75 33 31 20 95 106 15 0 88 47 89 56 72 4 56 51 0 45 79 57 100 49 45 72 105 11 0 53 40 164 65 0 92 23 136
40 30 56 26 111 20 24 0 52 57 49 52 57 50 94 0 16 56 6 40 44 88 79 39 11 85 32 46 98 98 63 79 6 4 108 30 14 31 46 39 40 45 82 112 90 48 32 4 49 24 9 3 28 77 48 126 24 45 0 68 62 48 43 158 0 84 35 0 12 47 78 62 62 0 0 72 8 0 170 6 47 45 70 117 152 33 66 93 9 148 66 0 18 5 52 25 29 44 0 181 37 24 110 66 7 59 93 16 0 45 8 67 6 60 49 39 32 68 18 67 93 128 24 53 32 21 0 42 16 93 54 0 62 15 9 24 76 38 0 8 12 28 30 14 104 19 9 35 2 53 30 37 0 44 0 4 217 41 39 59 108 87 35 195 24 0 105 34 0 64 57 68 150 27 31 0 110 9 27 59 56 32 5 70 27 0 36 7 35 49 25 12 63 0 77 29 49 0 17 0 16 202 48 10 18 93 0 53 6 101 64 48 94 9 3 27 5 0 0 60 105 22 67 0 24 144 63 138 90 0 7 36 14 28 0 141 10 0 135 0 23 64 63 0 49 7 14 4 18 52 36 30 58 16 100 52
64 62 93 37 27 106 120 0 152 170 130 131 65 204 212 27 15 93 0 57 124 174 110 14 87 91 182 62 135 126 52 99 236 174 77 48 51 27 72 89 88 205 24 47 88 52 84 65 60 86 180 101 55 29 30 97 71 63 8 108 65 193 158 131 192 131 240 93 112 47 103 31 164 71 7 15 53 134 40 209 20 104 91 194 55 129 97 223 38 57 60 33 98 25 143 56 92 169 120 162 113 62 176 173 168 22 91 63 39 80 15 57 0 72 96 63 76 5 160 121 292 196 134 38 38 88 0 64 30 101 51 48 61 44 181 35 124 146 55 76 6 27 280 176 87 143 108 140 81 135 76 76 69 16 105 60 29 156 72 68 0 151 90 183 0 227 19 21 170 102 58 189 140 79 52 195 124 110 48 179 6 59 57 140 99 113 28 48 76 111 135 93 28 27 131 52 42 42 266 63 178 138 101 158 198 92 40 135 18 42 29 229 33 54 138 157 57 53 151 150 120 114 43 21 113 126 123 138 43 124 125 149 39 83 96 153 78 51 58 46 91 239 62 73 167 72 42 69 0 16 128 145 102 40 45 59
33 168 5 0 76 9 44 64 20 114 77 0 54 0 0 63 82 0 72 7 63 36 72 6 84 108 47 54 0 209 54 76 54 8 18 125 44 81 9 6 101 0 107 6 0 0 0 14 61 198 42 72 101 64 117 63 106 24 0 86 81 150 42 14 64 45 0 150 0 0 63 83 124 35 0 161 0 16 0 40 0 32 7 0 179 36 20 108 0 89 63 2 0 7 107 108 21 36 5 18 0 27 71 34 182 17 71 57 22 54 0 16 45 6 81 14 28 51 0 3 0 0 45 9 72 104 42 18 0 0 28 135 25 0 0 36 0 82 27 0 90 18 53 45 41 79 0 0 0 17 127 0 0 9 27 27 168 21 18 148 0 68 82 14 36 4 21 49 86 64 0 49 56 62 81 0 42 0 0 21 17 18 10 101 0 72 18 25 82 1 0 69 18 9 0 18 27 42 0 72 5 6 81 7 94 81 7 0 57 90 27 11 162 135 16 34 87 16 0 24 89 53 0 63 0 140 35 3 9 0 0 72 63 0 119 45 30 62 9 75 27 0 78 94 3 6 0 0 0 40 97 24 74 18 0 0
87 16 20 81 60 36 56 23 117 33 58 75 32 47 63 93 64 122 81 173 52 178 173 78 0 45 59 53 1 22 0 99 75 4 143 103 48 40 70 16 110 117 73 59 54 12 15 35 35 0 41 68 18 78 9 10 133 122 48 39 89 18 74 149 74 12 125 53 118 21 246 97 0 73 0 124 59 61 89 110 77 23 111 4 50 87 68 18 103 87 48 6 18 40 4 45 23 74 110 64 36 177 141 43 22 34 40 9 64 70 0 128 154 74 95 18 166 5 66 49 66 88 60 5 112 119 85 13 13 88 0 36 118 3 46 118 102 67 97 150 90 17 58 0 48 102 51 80 180 136 95 106 0 75 18 70 45 55 114 90 42 52 21 110 50 0 55 81 26 118 106 134 97 47 82 107 76 2 128 120 108 168 4 73 81 96 82 108 6 38 41 256 42 0 24 59 14 48 62 106 43 154 141 4 15 32 108 67 117 163 51 54 127 0 182 92 5 27 133 111 79 7 60 0 76 119 175 37 75 6 0 132 39 75 150 109 18 0 28 3 59 79 130 0 176 110 2 45 92 16 5 15 28 54 10 58
72 14 167 49 0 8 21 26 0 49 136 110 0 56 102 89 123 0 0 137 93 126 54 24 58 22 1 0 0 28 12 68 90 122 90 52 61 66 117 62 30 24 72 0 0 0 52 88 0 0 40 165 42 111 20 14 0 0 69 60 18 0 6 29 105 68 66 127 56 0 60 64 0 26 50 0 54 6 49 0 0 0 60 9 107 0 48 34 30 9 30 48 30 52 63 81 184 135 203 150 45 78 3 0 34 51 73 27 8 82 5 40 4 195 125 32 88 85 20 60 12 20 81 42 91 99 144 135 20 0 0 7 96 12 63 132 54 46 52 0 45 83 34 70 133 24 54 36 85 36 36 102 0 0 63 8 0 4 78 0 36 50 42 108 3 15 31 0 74 72 54 30 44 117 36 32 35 0 102 122 0 54 36 106 12 39 0 12 96 72 28 92 60 0 94 144 64 121 0 136 71 158 32 14 109 7 0 26 0 0 18 55 9 16 14 59 45 8 60 42 48 41 93 134 34 0 72 27 41 120 54 146 8 1 0 89 53 16 154 6 96 127 111 28 18 102 30 18 12 43 168 30 0 65 70 18
20 0 23 8 65 64 74 44 176 9 16 105 111 58 132 143 0 18 10 109 72 36 27 18 0 40 56 23 92 28 37 30 27 18 4 79 54 18 0 54 20 24 32 0 6 8 0 36 14 48 24 105 16 85 0 12 36 34 63 6 38 21 4 30 0 94 188 32 0 0 134 141 72 0 90 4 8 153 58 72 36 89 75 11 60 0 27 17 8 46 7 87 153 100 96 201 43 21 157 18 40 64 7 11 36 58 51 94 84 62 37 98 60 12 93 68 59 74 51 60 63 0 48 2 42 54 0 0 24 0 86 80 125 20 35 77 8 118 7 164 0 0 54 0 55 12 80 90 86 28 10 45 28 28 0 0 40 31 0 43 108 53 9 149 24 24 32 24 40 66 39 8 61 35 109 14 0 12 33 62 48 64 0 35 48 17 3 106 63 66 0 70 172 60 181 79 132 154 0 39 232 36 0 62 0 89 26 86 4 138 209 0 51 48 10 82 0 18 18 14 76 42 123 111 8 94 34 0 0 0 75 26 8 17 18 0 96 63 24 8 4 32 7 16 35 17 0 21 77 130 80 42 81 0 27 34
24 0 54 110 10 90 122 70 212 128 130 8 26 59 27 185 8 42 7 30 132 131 14 49 46 48 107 19 0 75 155 40 129 84 69 73 70 172 15 49 104 268 99 8 30 141 32 139 89 0 12 55 64 81 56 25 109 90 51 28 70 50 9 29 80 38 53 0 40 76 84 218 87 66 27 111 24 64 54 12 36 57 25 27 68 15 0 18 50 77 27 24 103 28 217 40 59 86 112 64 32 79 62 10 14 33 112 99 87 84 142 28 67 53 85 63 28 43 73 50 74 10 180 30 2 87 17 60 112 81 36 6 80 63 64 60 16 114 0 117 80 86 63 52 0 62 68 63 70 142 45 8 72 66 36 64 87 60 15 10 74 35 65 126 28 40 125 75 0 71 0 31 203 82 31 148 150 62 52 73 17 0 0 36 39 63 19 40 0 52 0 108 95 0 124 42 20 86 116 133 112 18 40 74 104 184 0 44 129 58 152 0 44 99 77 56 72 67 24 56 24 13 119 0 48 66 30 27 32 40 51 15 5 116 127 80 14 36 50 40 48 71 2 115 85 67 0 53 30 72 3 122 32 48 80 177
24 151 0 3 33 117 138 71 162 124 135 42 69 81 48 222 91 21 35 94 132 67 171 7 118 96 23 64 124 35 54 72 7 76 81 55 30 55 42 78 73 132 185 114 100 64 16 57 88 34 109 60 61 86 4 24 118 8 56 14 33 38 117 83 12 100 20 45 48 32 84 68 3 9 36 158 25 83 37 53 7 9 89 5 80 24 2 112 23 117 13 0 8 45 135 148 69 97 239 32 41 20 31 99 14 8 173 49 0 106 123 56 77 75 12 14 22 88 1 26 64 95 57 0 111 123 94 14 30 58 94 91 15 1 93 28 127 32 16 131 6 92 56 8 78 64 95 17 36 77 152 0 80 81 0 0 139 73 66 28 9 31 69 153 5 7 93 42 7 70 63 0 41 48 55 14 144 62 70 63 32 65 30 62 52 81 19 7 72 114 73 161 102 0 31 120 49 7 45 9 45 92 67 5 1 158 28 8 6 133 22 0 2 133 46 95 80 93 17 77 87 5 53 45 60 63 10 77 9 9 4 124 44 17 142 84 9 0 33 83 88 51 0 3 0 0 3 71 43 93 23 1 111 112 24 86
57 49 0 45 15 0 0 73 41 49 84 35 28 79 0 17 4 190 4 41 32 68 30 52 5 62 49 5 51 22 96 8 71 75 0 166 10 90 36 27 20 63 0 144 58 0 28 132 85 38 43 93 0 42 0 14 59 60 151 62 12 116 46 135 173 126 28 76 85 27 51 60 0 41 34 63 27 0 22 5 8 27 0 74 71 45 54 48 114 169 12 65 10 15 39 32 147 142 49 67 20 49 78 57 12 91 47 132 24 120 18 72 10 0 72 97 28 173 42 12 14 200 29 61 15 40 0 80 90 24 84 81 15 16 7 19 125 60 28 63 90 120 28 4 24 91 90 66 49 83 86 101 74 41 20 0 140 6 41 16 84 138 116 28 8 243 178 108 66 52 12 74 161 27 59 18 28 60 0 23 45 27 97 27 6 81 18 0 0 25 53 66 52 12 117 109 61 83 0 96 47 148 16 59 34 78 4 97 0 103 103 62 25 67 101 43 19 0 86 42 89 75 20 12 46 30 126 130 93 28 63 198 134 18 0 32 88 15 58 56 82 0 0 8 129 22 42 44 2 48 35 95 113 112 20 50
0 31 18 62 21 68 28 5 23 14 0 51 72 63 32 47 59 78 10 73 99 157 6 54 39 107 15 33 57 2 14 66 95 32 29 52 7 66 8 0 4 7 34 8 0 56 68 49 12 59 0 36 15 109 68 8 37 1 31 36 70 51 0 8 78 40 0 162 52 26 90 0 74 24 24 20 72 104 52 42 40 42 20 119 59 0 0 66 106 50 36 8 0 53 97 94 75 131 36 24 28 63 5 79 63 42 9 114 0 111 0 9 8 35 107 72 104 67 73 82 54 0 24 21 42 50 80 60 81 0 35 50 80 43 0 0 3 60 28 0 28 4 91 9 67 79 43 6 50 42 28 45 4 0 37 23 58 135 59 36 8 96 7 58 6 91 42 36 8 3 149 91 177 0 42 88 82 0 0 167 28 63 0 28 19 4 0 0 24 0 103 8 182 46 56 36 53 58 101 95 145 4 42 8 47 66 28 181 0 3 125 56 108 56 0 97 81 0 52 53 116 86 36 133 52 91 130 158 68 38 42 80 92 27 0 36 53 29 60 35 0 145 69 48 11 40 3 18 31 34 0 47 0 36 6 105
60 33 210 105 49 45 0 77 33 171 27 82 60 88 99 17 72 72 42 116 24 150 85 63 98 84 143 84 72 180 44 107 109 43 95 39 76 237 0 67 137 144 190 0 30 76 57 80 87 102 19 98 8 7 111 40 19 59 78 4 108 32 51 101 291 63 3 16 40 45 94 28 60 136 6 84 99 40 143 54 0 0 15 101 147 213 8 136 32 66 59 150 20 108 158 65 93 42 115 109 167 41 86 0 68 60 109 44 8 54 112 66 120 29 91 12 36 41 131 30 66 65 6 121 196 76 174 85 9 41 30 81 102 0 60 0 38 17 81 42 71 58 151 40 111 95 83 60 63 80 108 21 51 0 43 24 82 140 75 53 7 60 98 93 53 0 61 63 30 21 96 81 56 52 45 99 151 0 27 83 8 51 0 106 63 133 21 77 114 12 48 77 18 105 27 75 10 18 185 57 0 252 120 90 64 116 0 202 28 82 159 53 0 9 153 36 27 46 52 187 91 104 148 40 148 57 174 77 66 115 135 135 27 7 18 78 103 34 47 56 30 105 103 6 85 21 0 0 18 73 99 49 21 2 73 62
37 16 94 38 67 106 117 14 44 0 69 29 31 35 156 5 14 8 5 40 63 13 80 123 10 50 41 0 0 98 0 34 113 104 8 61 60 42 49 41 72 83 0 67 4 39 68 15 81 17 38 45 32 91 0 50 52 51 61 9 59 44 39 20 106 92 56 8 9 12 64 119 40 45 23 69 0 32 66 20 32 52 88 8 71 71 64 14 2 30 109 2 95 26 12 124 165 60 112 111 56 13 77 34 49 41 64 15 15 42 41 7 37 86 39 0 60 31 121 96 10 44 77 20 86 69 19 97 2 72 38 6 29 51 76 44 134 10 50 194 44 87 27 82 114 16 48 120 16 76 151 147 0 12 53 103 7 46 64 28 108 94 10 32 38 48 59 42 20 54 7 50 71 88 48 26 22 0 58 142 45 59 34 67 31 9 42 19 4 78 84 86 55 98 30 110 49 38 0 72 74 18 0 32 56 34 10 113 12 12 121 7 73 42 63 62 25 100 30 21 103 5 69 62 7 81 148 75 14 101 49 51 16 4 56 15 76 0 116 0 37 107 28 78 18 63 9 59 59 4 117 72 2 8 45 46
39 4 17 10 0 6 34 10 54 45 70 40 10 38 4 39 18 22 66 74 8 20 28 150 31 8 69 24 0 4 59 20 92 0 18 35 13 90 20 44 20 42 56 0 0 107 22 0 12 0 4 17 51 46 0 53 18 0 92 59 0 12 26 42 33 38 36 7 76 0 35 44 0 17 9 9 49 0 23 12 16 5 6 21 13 48 16 64 0 42 16 65 33 24 53 48 108 30 35 0 18 42 72 30 16 78 60 0 3 118 36 40 40 56 0 66 109 72 106 18 6 27 60 6 36 10 17 10 34 0 68 25 2 42 17 0 38 0 26 8 20 7 43 0 2 54 64 128 33 45 61 22 36 32 8 40 17 23 10 3 19 18 23 28 55 7 0 54 0 0 10 4 62 78 0 64 48 85 18 8 21 0 0 40 60 42 10 3 73 88 72 67 15 0 32 23 72 51 0 9 92 103 0 1 0 48 4 18 76 0 28 0 37 11 1 6 47 12 0 18 68 109 141 48 73 64 44 30 47 6 25 21 80 50 59 16 73 0 18 0 9 44 0 43 36 0 9 26 40 0 78 0 19 32 0 36
42 123 90 0 0 24 9 24 80 0 40 133 52 68 14 45 8 33 99 54 85 2 120 9 0 6 34 18 36 45 36 54 8 32 117 16 166 0 154 6 8 56 48 38 6 28 8 64 36 23 4 24 87 0 40 24 28 48 16 75 0 206 80 26 35 18 0 62 47 0 48 55 0 58 16 99 37 53 90 0 113 2 72 51 36 9 109 8 53 99 12 45 59 21 34 18 0 8 100 123 100 14 78 68 34 81 85 37 107 65 37 188 36 12 74 49 57 32 6 22 81 68 20 12 52 144 8 0 7 0 64 12 106 10 111 130 16 21 4 97 36 7 12 28 0 162 18 121 45 68 63 33 36 18 81 10 28 120 1 188 4 54 96 166 0 0 67 18 0 178 0 45 82 164 0 72 113 6 22 92 44 63 0 16 54 0 4 63 230 107 16 43 153 0 72 92 47 66 45 18 0 106 4 82 12 20 54 6 4 1 2 4 14 24 24 41 81 16 84 95 53 31 146 63 0 56 18 99 57 4 45 6 19 50 28 183 12 0 135 133 21 34 172 16 27 45 39 20 54 20 128 17 0 135 32 13
84 39 83 41 0 2 37 4 31 151 66 5 0 45 6 127 30 8 6 18 196 0 67 104 54 46 23 0 64 21 6 87 7 8 91 72 14 28 28 0 42 6 0 42 0 0 153 66 24 122 0 84 72 162 21 38 93 37 17 2 6 105 73 24 56 40 10 93 5 158 70 84 111 28 0 9 8 84 86 21 7 0 0 78 104 83 114 178 0 66 24 84 0 3 78 83 47 85 0 18 72 38 18 105 72 9 0 44 77 115 25 27 8 18 0 48 32 61 4 18 75 5 48 39 13 130 161 72 127 48 103 87 32 54 76 76 8 27 27 52 43 0 117 29 0 79 21 63 45 24 82 154 0 104 0 78 49 69 83 67 60 27 123 33 36 72 48 24 0 137 12 0 45 27 0 35 36 101 12 49 45 0 14 132 22 21 102 0 0 40 73 56 28 6 7 21 18 97 117 30 0 267 30 50 126 95 6 56 45 16 79 70 77 0 8 35 35 123 57 63 18 14 106 59 57 48 108 0 112 112 48 16 93 11 79 92 53 89 41 17 105 72 53 30 84 42 24 21 3 0 195 9 8 18 18 30
123 63 36 54 10 13 27 1 126 112 35 44 12 8 60 87 0 31 7 105 0 63 39 41 65 56 117 0 127 92 16 36 134 20 11 18 79 10 4 3 18 118 75 44 6 33 0 88 38 43 23 123 0 100 8 15 94 15 51 0 5 28 49 102 130 92 47 119 54 1 53 155 18 77 54 52 0 55 3 89 0 0 103 53 49 56 6 64 45 52 118 9 175 1 3 108 47 31 8 87 38 18 76 152 32 60 45 95 12 18 70 133 0 30 50 1 64 49 202 16 16 36 94 0 12 54 0 6 47 0 36 0 18 58 76 4 52 8 89 106 9 0 72 22 85 2 8 19 24 2 41 81 0 11 17 35 38 3 7 27 103 176 81 63 55 70 19 30 64 59 65 129 153 147 152 0 82 35 0 12 46 13 48 51 46 0 28 96 66 14 22 69 16 14 4 5 97 72 9 12 99 73 24 12 107 78 81 109 6 44 91 48 9 16 113 64 0 0 0 6 44 102 109 118 18 40 150 48 46 34 1 27 16 90 18 16 69 24 63 70 52 0 13 78 19 108 0 0 8 10 12 172 6 0 121 55
0 167 66 53 20 71 13 54 36 49 43 114 20 43 25 105 112 129 0 202 50 32 4 105 86 0 24 35 100 35 72 49 45 112 95 87 34 306 20 0 24 141 78 0 0 126 75 56 275 12 0 0 36 81 89 73 58 56 17 0 64 151 69 111 78 28 81 50 81 36 87 74 5 82 8 60 47 12 0 78 33 16 31 115 23 97 31 176 146 128 71 121 8 34 157 21 0 77 25 97 93 83 89 18 87 80 94 126 27 55 118 84 128 140 97 80 0 264 67 0 84 63 44 99 115 100 58 6 101 17 53 120 0 63 147 138 0 109 85 92 13 134 26 33 39 56 25 100 71 70 95 17 44 30 79 45 71 110 65 77 47 49 108 0 24 112 49 126 0 12 0 50 111 8 131 95 72 19 58 123 85 79 77 247 72 27 57 36 122 125 94 82 70 50 147 63 0 16 104 75 127 116 24 27 86 40 0 119 122 92 45 14 55 0 122 49 10 55 144 64 65 7 35 5 15 14 167 102 84 179 63 78 29 24 99 9 45 19 73 68 68 135 78 39 17 64 90 16 0 45 82 6 27 44 20 70
78 81 5 39 82 52 95 24 27 35 0 81 6 1 83 61 10 138 36 118 2 80 69 30 42 0 11 0 7 64 27 0 5 139 22 89 19 93 8 28 4 87 46 191 8 63 8 62 20 89 12 0 0 67 0 7 31 137 24 7 185 48 9 29 105 56 105 67 72 42 33 82 29 31 18 64 36 79 35 50 49 59 7 28 37 32 0 21 92 158 28 0 86 36 93 88 39 48 68 216 0 18 54 37 47 77 27 0 72 8 45 31 36 25 5 0 35 54 72 18 100 26 36 6 33 97 17 137 91 68 0 47 120 91 66 75 131 56 129 42 152 124 89 166 93 100 98 158 18 12 44 35 0 56 0 66 194 33 60 154 36 8 9 48 28 5 102 143 35 9 49 65 32 27 18 0 0 4 48 108 0 45 0 74 90 0 87 31 97 99 132 47 48 9 10 33 0 27 144 39 7 66 0 21 0 0 31 59 96 102 27 60 36 54 138 59 9 119 117 9 131 86 23 40 43 16 126 6 2 4 30 18 8 161 40 36 6 24 13 67 47 63 94 64 27 93 38 12 90 42 40 75 56 0 94 56
21 18 145 32 19 4 42 31 12 134 12 48 0 25 0 120 14 33 68 96 19 128 60 0 46 77 54 40 0 25 36 89 8 68 22 121 28 0 9 0 0 19 0 91 30 12 63 61 103 27 28 127 59 93 40 125 14 142 76 0 9 54 80 10 86 0 54 84 54 28 107 26 0 30 0 6 48 0 121 42 48 7 106 81 83 0 46 17 50 87 71 42 3 7 127 0 0 76 8 98 21 16 142 76 86 101 111 82 24 74 10 112 96 86 166 0 54 97 67 42 0 64 103 59 47 12 98 2 32 41 24 8 41 7 8 50 24 88 41 36 14 40 61 31 42 24 77 4 17 40 84 105 0 42 7 20 73 79 63 18 0 112 0 115 0 100 32 115 0 4 28 100 123 7 0 48 88 52 56 46 24 27 10 29 127 117 42 18 54 8 30 62 10 14 48 16 76 108 4 38 28 99 0 6 0 0 56 65 0 36 0 32 182 42 60 172 145 30 30 53 49 15 67 7 34 114 208 3 32 7 4 113 43 50 10 181 72 0 83 48 57 191 5 138 118 28 20 8 56 16 24 0 30 36 41 123
147 62 32 30 24 128 12 75 8 101 0 5 0 62 54 55 124 3 93 104 35 38 98 42 53 79 143 98 36 47 4 0 135 48 63 42 32 51 32 42 112 21 32 91 46 0 110 77 35 24 8 74 13 36 27 98 137 102 1 81 63 56 116 59 48 9 68 122 137 77 26 154 160 40 14 77 60 88 0 54 0 30 52 53 33 16 8 72 0 45 18 5 105 33 40 28 79 34 51 29 8 24 0 66 76 37 16 93 51 56 40 105 20 71 3 133 92 66 0 73 25 42 12 0 35 54 53 0 152 25 64 8 36 45 6 55 0 102 5 28 23 0 61 0 81 100 12 40 47 92 69 3 58 130 62 39 0 0 69 64 23 130 87 74 59 7 186 49 50 136 12 113 14 36 47 61 54 68 84 45 71 42 56 98 79 12 3 74 122 101 56 58 0 9 142 163 16 65 75 80 2 24 24 9 72 63 27 5 127 28 91 87 21 0 54 54 28 138 39 105 72 24 37 0 69 0 104 58 0 38 0 17 0 16 32 75 81 4 42 5 55 14 175 27 50 89 27 5 50 84 156 16 46 56 54 27
34 6 9 8 40 38 48 66 60 18 75 35 6 8 32 3 0 39 90 55 8 92 30 151 57 9 10 48 8 100 8 3 191 112 55 89 7 32 2 0 48 53 4 2 40 42 0 6 123 63 35 89 63 17 35 66 42 44 21 54 58 82 0 0 78 91 31 24 59 28 0 64 16 4 45 78 36 10 25 0 0 60 0 70 16 86 0 30 24 124 1 4 140 52 44 70 65 45 74 32 110 24 74 30 34 87 80 0 18 56 54 112 90 0 0 42 95 64 149 33 53 72 0 0 0 97 42 0 32 16 0 38 0 35 63 0 68 3 48 84 121 16 78 48 36 225 96 24 0 95 39 40 29 12 42 6 22 15 20 42 71 134 14 52 81 16 0 113 32 4 0 95 62 2 102 56 48 64 96 10 46 4 33 30 72 142 60 28 0 25 30 103 40 34 12 70 56 86 8 151 90 0 3 0 35 28 7 68 0 34 127 0 60 72 77 24 30 22 50 8 84 74 139 61 104 55 112 0 54 42 6 66 19 72 102 75 130 42 18 78 28 0 60 6 18 6 66 12 97 23 78 27 53 0 18 22
0 54 204 26 27 35 81 8 12 27 24 131 36 65 6 8 9 90 63 103 0 184 18 62 39 0 52 62 18 129 75 129 58 55 15 43 97 182 54 43 72 199 201 108 53 48 0 80 72 144 64 0 24 66 48 69 16 36 72 43 139 68 78 150 63 71 88 0 67 0 42 115 18 43 101 79 107 100 0 80 89 0 121 116 28 111 21 93 98 71 36 40 96 39 178 180 62 97 67 153 20 61 157 52 63 110 159 67 36 0 41 24 137 95 152 151 0 148 86 21 57 27 110 91 208 55 9 82 147 134 16 32 197 36 133 168 70 18 61 60 68 102 118 102 31 167 4 60 5 54 30 23 16 89 80 89 151 82 3 2 70 141 83 103 20 152 67 78 40 0 34 164 51 29 128 70 172 17 24 169 84 81 34 135 24 165 0 86 208 74 174 64 60 0 87 12 21 38 36 63 111 22 59 0 85 141 63 48 163 3 76 70 105 84 25 261 27 154 108 177 91 68 72 9 92 78 188 45 32 87 63 121 35 25 27 2 15 42 121 76 128 234 159 184 27 9 0 58 0 76 127 63 67 14 58 94
0 68 87 7 12 48 112 86 64 73 89 114 56 28 25 70 112 107 98 39 63 18 113 132 50 0 6 12 40 67 61 31 140 87 7 73 16 206 18 43 82 87 25 49 89 30 92 67 66 16 64 20 67 32 4 71 52 88 117 34 53 14 158 2 94 128 78 22 27 27 63 56 10 0 56 3 24 79 0 69 29 62 71 12 8 101 75 101 50 12 8 101 27 81 0 42 100 40 175 26 161 18 130 49 16 98 0 59 130 74 150 6 72 18 112 46 71 23 140 45 17 61 0 42 0 104 29 45 127 0 40 34 33 8 10 81 93 93 14 234 91 131 48 0 42 68 99 48 70 29 42 180 35 6 48 62 52 68 7 33 86 4 169 14 103 60 165 0 4 8 54 53 92 27 35 65 51 40 118 105 0 118 34 59 71 83 49 77 122 119 95 16 104 6 26 65 78 34 282 62 66 167 98 4 138 27 51 64 67 9 111 21 32 48 91 30 28 52 64 134 43 41 52 43 117 32 77 112 60 84 51 31 22 115 63 104 26 24 9 40 21 79 13 72 45 24 6 83 51 65 102 44 39 56 25 32
152 63 67 86 18 44 35 139 78 5 90 79 20 109 53 72 81 9 27 72 20 46 133 13 37 63 137 52 21 117 42 208 100 57 35 52 85 88 54 15 39 110 50 63 49 156 81 65 258 5 16 1 49 42 6 91 56 135 52 0 22 65 0 127 101 152 74 45 207 104 45 78 42 12 7 85 8 135 153 61 0 7 35 98 117 123 62 58 20 115 89 80 178 37 54 137 25 87 26 109 61 37 50 74 34 10 44 67 24 49 64 83 36 48 28 92 14 7 176 64 0 209 36 28 40 34 36 5 28 39 65 34 9 0 144 91 25 110 1 107 101 107 81 40 94 143 101 35 68 169 77 194 38 24 69 28 79 41 76 0 44 87 8 0 122 22 112 30 77 126 25 0 118 27 21 75 131 12 86 63 8 57 139 107 0 0 105 42 0 28 89 7 25 132 40 35 44 103 0 144 62 94 59 25 55 49 25 109 10 125 151 65 0 144 112 40 96 95 74 33 95 52 143 58 48 0 4 199 54 71 104 133 3 91 12 205 175 72 56 107 97 51 138 24 59 29 81 149 96 26 125 165 44 63 85 83
44 90 86 76 62 81 116 20 79 91 100 37 90 129 72 106 14 14 2 16 141 159 51 60 58 0 10 6 84 54 53 60 75 38 85 106 71 0 57 78 24 96 19 56 13 54 5 36 107 164 24 94 30 128 20 48 149 118 17 53 6 37 62 43 28 25 88 51 32 1 89 52 38 0 88 54 0 179 177 70 28 33 124 79 43 8 8 66 0 34 48 50 149 120 96 79 70 81 90 117 102 54 80 137 84 101 5 105 20 131 20 32 8 48 9 0 104 117 4 18 44 76 5 81 8 24 75 68 63 32 25 101 100 31 118 113 26 94 15 87 18 27 45 8 7 121 14 36 81 48 52 46 36 70 110 0 93 18 10 39 151 36 3 174 45 24 96 0 6 82 40 93 30 68 42 0 24 27 0 65 98 0 0 12 0 17 16 48 29 15 72 120 87 0 119 2 4 69 65 2 209 70 0 73 42 69 15 0 38 33 25 72 0 61 5 77 21 4 36 93 101 76 172 93 27 68 138 34 12 11 106 39 10 0 2 50 15 15 55 28 24 57 32 28 62 41 6 12 35 122 88 144 17 44 48 89
24 16 54 41 81 123 18 46 25 45 10 69 56 35 35 0 9 83 6 60 131 110 10 109 81 0 76 37 0 33 0 12 140 64 32 76 52 48 47 29 108 30 36 0 27 56 66 163 103 99 75 12 67 48 0 33 63 36 6 32 18 88 143 27 48 42 111 171 138 40 58 49 86 91 63 45 82 40 15 84 0 135 126 96 39 196 63 0 0 0 114 30 18 0 40 87 88 57 117 76 153 10 16 118 0 11 49 15 18 13 104 202 0 104 4 21 47 55 16 65 74 125 45 0 38 19 39 72 24 33 24 0 32 75 48 120 69 120 57 112 53 1 75 14 60 2 122 127 74 79 0 20 8 117 27 36 42 9 88 100 28 205 42 36 108 100 105 36 127 83 54 164 85 122 0 86 12 4 0 53 175 56 32 66 126 54 17 84 101 82 68 42 28 0 18 90 64 0 27 0 0 9 0 72 63 47 16 9 66 71 8 0 14 56 81 9 56 38 147 29 107 0 48 38 0 45 207 106 0 24 32 48 12 30 0 28 54 27 73 72 53 28 39 6 63 134 0 16 140 10 105 108 31 16 24 20
48 69 145 119 5 42 131 130 102 154 159 56 74 111 32 96 147 48 79 9 54 41 70 129 160 84 9 45 84 83 54 171 9 67 244 157 40 18 16 105 36 194 44 160 77 18 160 51 95 60 18 91 68 42 54 70 54 20 52 78 64 64 12 123 114 147 97 65 16 38 132 105 6 98 43 5 102 234 65 72 0 32 0 194 79 50 76 97 0 114 193 48 9 84 103 125 47 95 106 2 93 36 82 208 0 165 62 55 75 99 0 3 6 12 36 48 47 48 125 119 21 112 25 72 102 42 188 43 59 0 20 94 30 0 167 137 121 73 49 21 51 88 90 14 131 169 158 45 91 154 57 240 48 84 0 77 57 48 103 14 25 100 70 156 6 57 74 38 30 158 35 109 114 4 36 52 56 88 36 162 90 111 102 89 4 42 311 117 94 63 79 40 116 16 87 5 4 190 160 120 72 424 54 26 130 4 97 42 21 0 68 93 171 7 77 96 68 32 9 132 219 165 78 0 128 126 114 63 84 62 6 82 122 32 54 78 61 28 58 32 28 46 36 16 119 20 0 60 77 19 108 72 55 88 23 85
193 49 122 51 99 45 89 91 35 132 50 27 100 8 35 0 9 156 84 100 89 15 88 0 16 40 116 43 7 132 20 92 17 18 59 179 52 54 125 133 14 76 12 109 48 8 4 21 67 0 0 75 73 42 28 77 4 50 58 41 98 42 22 92 161 96 203 18 4 42 0 146 12 67 48 63 63 3 0 48 124 63 29 169 26 27 107 60 0 166 169 55 11 18 82 127 64 73 47 147 44 12 14 12 0 40 117 107 0 70 16 151 12 128 52 12 56 0 137 63 4 50 9 16 9 50 36 152 24 30 127 133 83 28 50 153 161 150 99 78 82 70 109 11 9 45 92 166 106 99 227 186 18 68 0 61 199 96 28 19 168 147 100 36 8 97 119 61 40 104 0 100 55 65 0 0 48 75 87 192 40 63 0 4 160 12 88 0 138 156 7 97 146 0 18 56 101 37 0 67 24 79 0 24 36 0 2 117 164 24 54 0 48 0 51 92 52 10 143 63 132 47 95 158 24 63 87 138 33 5 109 74 0 28 98 125 0 69 180 145 58 66 45 34 161 18 34 54 91 84 123 81 84 0 72 27
12 54 0 0 0 1 141 88 29 0 48 48 36 36 128 66 0 63 45 178 0 24 0 20 0 63 43 40 23 39 46 24 90 74 4 12 13 102 4 35 64 53 8 50 6 24 40 14 117 49 51 73 0 70 16 54 0 79 40 14 18 154 96 25 67 0 120 0 14 0 63 34 56 76 0 25 12 56 79 14 0 36 0 36 22 20 22 20 81 67 72 0 93 36 88 25 44 88 3 40 0 32 69 11 62 16 4 88 102 0 53 25 10 92 68 15 33 50 70 0 72 45 6 32 52 114 0 80 36 12 6 18 4 42 25 5 153 46 51 0 127 184 111 132 59 89 0 92 8 56 42 30 0 0 0 0 96 0 78 66 0 87 17 44 9 81 89 89 0 34 0 45 132 58 59 0 68 0 128 60 92 18 52 48 9 8 20 12 46 18 45 63 72 6 24 127 0 9 59 109 0 33 0 4 112 31 0 74 12 39 41 82 26 53 76 43 44 58 60 42 61 4 171 38 52 120 0 52 32 52 8 5 36 127 26 126 44 30 122 63 73 42 110 6 15 38 64 52 0 43 98 85 52 18 64 12
0 9 56 6 101 28 62 135 25 113 41 54 84 24 36 12 126 266 0 0 6 123 56 38 74 66 124 166 88 16 8 106 27 63 9 64 24 177 32 71 0 38 70 112 0 51 51 101 68 47 24 214 34 40 84 58 97 87 119 52 97 53 176 4 114 62 100 72 144 90 91 124 52 49 17 115 42 0 64 0 30 0 49 0 257 40 28 55 36 105 92 2 94 70 123 45 70 67 18 140 48 112 140 21 78 15 69 91 30 77 22 76 70 54 158 147 87 77 118 132 24 128 138 32 51 32 72 61 117 66 0 103 42 90 80 28 81 67 37 98 77 96 154 81 56 29 91 37 14 63 40 24 92 18 65 18 54 97 84 38 32 44 35 56 0 50 116 36 35 49 167 40 131 25 116 77 36 105 89 58 119 36 36 126 126 42 8 36 0 0 79 64 5 1 36 157 21 118 33 121 99 126 81 8 75 41 18 112 0 83 345 37 52 116 35 95 63 94 39 90 93 59 102 117 0 99 161 41 69 12 32 82 34 30 27 110 12 0 138 2 114 86 52 47 69 65 15 74 78 140 20 14 50 2 64 24
59 46 32 76 0 0 43 0 81 16 9 33 93 67 85 51 133 12 9 49 51 130 127 27 185 60 28 16 0 46 12 68 58 30 24 4 82 72 19 24 0 12 56 37 12 107 8 56 18 27 78 0 20 54 38 44 82 82 45 49 20 52 119 36 72 112 54 128 26 19 60 39 46 74 44 80 30 124 108 12 12 50 52 16 35 42 19 0 8 61 16 51 8 69 144 24 106 46 105 35 16 12 15 22 14 57 18 63 123 74 40 86 63 80 58 143 108 60 18 0 48 46 24 0 21 39 24 0 96 24 14 66 90 42 12 76 6 81 64 108 28 47 83 56 0 90 126 97 26 44 0 0 44 27 35 107 108 119 108 87 74 18 87 168 0 109 103 159 4 54 105 76 12 40 6 32 56 56 93 0 37 24 40 52 18 38 24 0 197 70 101 0 12 7 109 56 138 14 54 69 94 71 0 13 27 8 12 90 39 6 21 66 50 108 22 60 55 0 49 189 18 89 22 24 18 83 63 84 21 0 90 93 65 56 154 24 42 4 53 57 0 173 67 95 58 4 0 73 118 14 135 56 0 21 45 32
14 139 16 0 24 0 103 3 33 23 84 72 0 28 51 75 92 35 86 51 148 145 2 102 48 54 56 0 32 153 14 62 20 183 0 58 72 24 0 72 72 15 47 7 64 99 175 117 30 121 17 74 25 0 0 78 0 41 48 70 0 56 54 114 32 57 36 68 91 83 36 61 32 54 35 51 0 104 14 88 21 24 74 46 42 18 98 74 75 8 32 95 24 93 166 57 100 62 64 81 89 51 130 46 20 102 52 37 32 83 32 121 43 25 66 98 73 40 161 9 99 15 48 12 88 94 18 73 8 0 0 0 36 32 86 64 15 79 15 105 130 45 49 16 40 9 33 67 80 81 86 52 75 73 112 102 63 109 20 60 76 124 114 40 44 187 93 43 155 15 45 123 166 39 119 36 44 0 42 92 78 64 68 44 7 145 0 24 79 76 94 0 104 0 32 0 16 0 156 85 30 98 12 30 235 74 63 80 79 0 116 191 3 16 65 85 75 5 0 121 27 45 26 62 42 120 107 4 24 46 15 24 100 110 0 55 32 0 103 46 24 0 68 96 45 8 8 26 8 117 35 248 30 54 62 0
10 0 72 35 20 56 0 66 12 16 30 14 25 52 122 58 21 96 0 17 11 45 21 29 84 18 14 10 20 49 0 29 45 123 83 160 12 4 0 49 10 57 131 56 19 42 89 35 45 0 46 41 32 95 0 0 40 82 77 44 1 140 58 163 77 121 35 0 125 35 0 30 19 85 6 42 32 84 18 45 14 202 8 65 48 74 81 9 50 86 66 21 23 32 56 34 57 1 2 130 45 7 97 0 113 107 81 84 53 71 0 85 0 0 22 27 35 49 40 79 75 42 11 35 8 50 8 155 47 24 0 10 33 0 151 35 39 92 76 16 56 30 26 0 101 18 51 0 74 83 83 10 0 1 39 66 68 98 29 126 0 85 75 106 79 38 7 0 42 72 6 75 64 4 2 54 70 4 10 24 46 88 37 81 51 0 0 60 4 8 72 91 107 44 95 5 20 2 76 32 54 202 0 0 144 30 0 56 0 144 48 56 0 7 163 6 0 63 16 28 104 69 39 0 31 46 112 75 32 9 8 60 35 0 91 58 77 0 0 67 0 0 114 54 0 18 42 23 0 5 20 0 32 0 15 65
78 64 15 13 107 36 81 18 116 202 56 0 70 42 148 83 162 42 147 70 63 0 85 72 0 52 58 0 63 86 30 54 0 115 189 111 22 99 0 14 21 56 52 0 63 20 113 80 42 173 36 0 0 54 56 88 49 78 47 7 90 81 135 53 65 49 48 90 49 79 242 65 88 15 0 72 12 124 30 105 0 90 0 77 86 35 50 81 40 77 141 12 14 3 144 220 123 28 126 75 12 28 6 80 67 82 35 118 59 42 118 162 27 105 238 72 174 40 149 6 36 69 70 6 75 38 21 90 54 0 0 117 21 100 67 0 113 18 48 99 63 63 54 128 49 59 0 53 45 18 49 124 9 157 28 12 85 93 102 80 0 112 114 37 70 49 85 0 165 97 90 24 40 177 14 32 67 62 185 0 0 103 66 18 79 63 87 100 23 190 0 70 51 8 162 123 36 63 135 87 35 136 0 25 231 136 0 54 38 171 0 51 27 100 43 69 31 32 23 113 0 0 121 27 64 128 126 7 112 149 97 57 0 120 67 48 36 24 154 20 12 21 7 0 105 66 66 73 77 56 34 49 33 16 0 24
155 25 65 68 27 5 0 75 30 51 106 0 14 51 97 45 125 162 31 82 90 176 230 5 166 87 10 131 121 56 8 24 153 3 54 54 30 56 48 0 40 14 96 61 0 44 78 145 169 61 80 49 30 87 54 56 8 125 25 44 21 39 8 75 126 95 107 48 72 27 31 23 118 5 54 6 0 56 1 23 0 0 10 67 213 4 50 80 16 112 55 82 72 4 72 40 31 67 149 55 12 24 4 50 22 21 58 46 12 43 32 48 0 66 81 18 41 6 154 0 15 86 68 12 79 128 70 0 54 45 63 104 0 19 151 152 16 36 19 60 135 40 0 40 112 130 80 5 16 24 93 95 16 89 4 20 97 124 32 24 63 18 80 117 72 25 85 36 92 50 117 0 110 10 33 63 9 53 38 131 65 85 9 45 30 48 56 32 85 78 87 72 50 20 15 72 25 86 40 49 96 109 60 10 12 54 155 202 12 0 184 56 100 32 17 54 2 40 141 200 24 41 56 0 8 76 54 91 68 90 84 17 86 9 212 33 20 29 8 44 74 81 18 40 100 27 58 72 40 64 24 110 54 35 67 108
27 14 109 34 58 32 0 29 6 282 46 63 22 9 0 44 21 8 106 6 6 38 24 63 68 0 48 21 81 228 0 105 206 139 93 61 9 45 5 21 18 130 0 10 113 71 0 73 133 130 71 54 25 35 73 56 104 112 12 93 2 107 30 3 106 0 108 40 56 6 164 107 69 34 80 26 1 65 54 144 31 0 60 58 94 105 21 167 20 36 91 91 34 0 103 107 2 57 184 43 95 61 23 64 67 79 86 54 0 47 28 133 9 30 38 38 21 46 152 46 117 78 6 60 0 69 83 1 25 38 40 13 38 0 16 77 5 173 113 21 87 9 83 131 161 137 83 103 7 14 84 24 2 59 120 45 60 136 0 76 69 160 8 43 18 37 30 95 0 114 133 183 171 38 24 28 0 50 85 0 44 23 40 145 172 30 55 72 118 46 24 18 18 12 118 6 64 103 0 88 0 78 56 20 53 124 0 108 40 24 54 3 81 63 141 111 25 72 34 9 81 125 158 28 36 100 142 0 0 120 27 134 92 106 20 116 19 75 138 51 84 46 112 57 81 2 40 30 93 10 146 67 166 0 52 29
3 22 112 59 86 40 124 20 24 57 77 61 106 86 178 108 151 35 54 133 48 84 0 171 27 108 136 18 126 18 9 63 61 109 105 30 135 25 38 99 116 90 100 88 124 88 135 145 51 27 52 24 92 20 75 42 84 135 107 63 30 105 0 158 82 21 38 62 0 61 235 227 92 59 0 13 72 92 68 56 32 220 32 109 90 98 66 85 100 140 43 54 66 33 28 84 103 66 203 25 0 99 42 132 81 187 100 82 39 0 148 180 3 0 48 83 8 83 71 232 63 117 78 29 79 56 2 136 16 38 166 32 113 57 0 16 80 70 49 88 12 44 195 49 92 36 130 166 79 117 0 116 45 240 0 14 73 75 95 150 0 135 150 159 10 113 201 1 63 80 0 30 54 102 10 40 43 189 70 94 97 92 78 45 54 58 81 12 105 162 44 51 116 106 30 159 100 244 36 108 198 78 32 108 62 63 50 24 15 240 111 72 0 123 42 114 199 63 17 0 200 171 4 36 105 81 111 102 0 164 121 54 45 43 88 27 64 64 45 73 17 160 0 90 51 70 24 152 200 58 15 126 79 0 0 57
12 70 70 73 10 3 10 95 49 0 45 20 14 0 48 35 54 72 3 10 0 183 57 0 70 18 8 27 27 15 0 93 102 42 123 109 10 6 89 72 24 39 48 87 69 55 24 91 102 5 77 25 92 0 21 9 73 18 34 33 81 26 33 166 9 14 70 56 86 49 31 63 64 14 75 8 54 64 0 65 0 0 100 21 164 41 0 95 0 81 82 79 72 40 35 0 69 68 168 41 40 81 108 72 80 68 142 42 62 25 4 35 16 66 24 9 20 30 62 0 0 108 54 0 62 34 54 54 72 6 78 105 99 7 146 152 0 96 1 41 34 12 20 24 16 61 71 40 5 24 147 0 32 67 15 20 210 118 16 60 118 30 160 94 63 26 183 56 14 122 101 60 93 12 65 77 0 81 40 28 47 45 40 128 0 71 114 0 54 0 0 178 118 0 48 56 28 76 46 67 63 180 11 0 99 91 123 99 25 160 8 8 81 59 36 51 0 0 115 39 52 45 72 10 48 45 115 4 5 63 81 39 38 7 252 71 23 63 0 46 143 84 77 47 50 26 28 12 42 52 115 76 56 8 2 20
24 20 95 27 0 0 59 214 167 125 189 0 17 12 13 41 34 12 45 199 30 2 7 142 69 56 33 0 6 148 0 77 52 78 6 43 48 68 80 22 0 0 56 86 71 118 70 67 175 43 0 98 32 32 37 46 0 137 113 0 4 38 121 54 43 26 25 83 40 5 49 8 30 72 0 16 21 60 46 100 39 68 0 30 71 38 24 42 0 57 177 36 37 8 112 121 63 78 30 10 28 14 46 65 54 144 6 33 147 70 160 117 20 51 54 31 28 112 166 57 10 72 30 43 69 71 45 55 42 0 119 5 74 36 125 49 0 155 22 157 24 37 84 54 96 41 44 17 93 58 98 102 13 17 32 142 69 165 99 10 15 198 45 40 128 52 141 0 0 143 15 85 63 71 12 38 98 6 33 0 51 87 89 74 40 30 12 12 52 53 8 0 108 0 18 40 96 24 156 35 78 175 79 29 102 76 0 108 46 22 9 66 22 77 128 91 65 0 85 18 6 36 95 10 3 93 138 30 2 20 18 52 9 112 0 123 29 15 59 20 54 137 21 86 67 87 54 147 101 14 58 44 18 0 56 30
0 40 129 22 4 47 86 96 89 42 130 6 56 31 48 88 27 7 46 113 74 89 25 0 24 36 140 0 57 2 0 18 6 36 59 70 22 64 81 28 20 70 130 116 57 34 0 95 66 82 49 167 74 117 20 71 46 72 50 43 63 54 68 109 0 105 68 0 161 6 3 39 0 0 4 21 42 40 151 49 35 45 70 97 30 0 250 75 38 96 0 48 60 28 154 90 96 0 72 114 26 79 23 13 9 109 54 59 0 150 12 102 58 24 26 102 36 63 63 12 25 38 47 96 38 49 54 40 86 63 0 3 143 25 77 75 7 48 34 96 49 41 32 46 133 3 33 16 197 0 112 187 51 58 0 143 157 18 51 50 63 40 127 32 24 63 94 88 0 61 90 73 113 24 6 44 11 36 17 72 81 93 0 52 38 36 57 9 35 51 52 120 54 24 42 122 10 12 45 44 51 278 0 2 30 37 0 0 56 20 0 0 60 50 130 46 92 27 95 12 59 53 113 0 35 47 0 219 112 20 186 62 0 65 36 93 37 56 77 113 45 18 25 0 59 9 36 75 159 19 72 2 18 8 4 52
63 89 0 78 6 12 112 58 81 28 0 10 45 36 46 194 0 41 58 39 0 68 70 12 32 104 32 16 0 69 14 102 14 26 28 94 2 65 4 8 36 49 56 106 0 9 56 90 55 63 41 16 36 81 0 60 7 98 56 21 26 44 170 0 49 94 113 0 104 112 0 42 68 106 0 28 0 16 16 7 49 0 27 42 41 28 54 63 68 93 32 30 36 9 27 12 22 26 7 36 46 70 45 0 2 94 105 94 37 22 16 20 56 79 0 16 20 140 54 4 44 59 0 8 51 14 72 4 113 21 144 7 32 6 0 69 49 36 53 72 81 0 34 9 77 42 49 54 30 4 48 58 24 24 0 72 109 42 125 2 64 117 2 4 0 115 0 55 28 57 98 64 128 0 8 43 72 45 35 0 98 18 74 96 10 81 70 9 0 0 8 65 44 0 0 111 18 72 0 18 45 147 0 11 56 63 0 20 0 16 88 34 27 53 42 103 43 170 9 107 101 0 50 57 18 26 45 48 21 14 3 56 90 50 12 81 32 57 30 126 42 0 46 48 80 0 15 48 0 13 69 18 54 32 24 0
72 2 0 34 40 54 52 21 65 31 21 80 21 50 26 45 0 109 0 32 111 91 35 0 40 48 123 39 39 22 84 11 96 50 0 62 47 95 50 135 0 26 20 121 59 45 5 133 4 99 48 43 18 77 102 38 0 126 50 35 72 53 72 81 156 53 56 52 49 25 32 84 0 46 0 100 0 65 98 136 0 6 0 36 226 20 50 131 0 97 0 15 71 88 38 77 89 12 28 33 55 2 0 49 30 117 66 86 43 36 2 97 51 0 28 58 32 5 79 133 35 91 24 35 16 36 0 0 40 7 86 74 60 6 10 0 32 108 21 46 80 24 103 22 42 3 81 0 93 84 16 3 8 70 44 107 194 90 56 120 72 8 20 138 12 95 168 32 0 44 68 88 94 124 15 0 20 48 0 72 30 28 0 109 35 55 0 21 60 125 22 19 20 0 163 58 28 48 80 0 72 92 54 167 49 63 0 90 51 154 259 14 0 20 45 155 36 56 46 195 107 20 109 54 38 43 8 94 79 35 35 38 62 100 20 56 56 0 22 9 44 40 55 155 66 56 5 58 60 46 58 34 94 32 46 12
0 15 66 31 67 84 123 81 65 56 96 6 30 18 16 91 25 24 30 0 77 0 68 122 0 103 8 30 0 112 75 45 85 21 112 57 77 25 0 114 32 70 18 92 0 35 93 65 63 0 36 97 107 47 18 14 112 4 69 12 68 6 73 14 76 59 39 52 32 40 72 147 0 36 47 87 70 19 10 60 0 40 56 85 63 65 14 57 8 57 35 47 16 20 60 133 28 69 54 26 59 15 21 141 24 19 68 35 3 91 64 49 16 48 21 0 89 0 41 175 48 95 0 6 48 49 67 75 20 0 16 14 7 46 42 56 154 20 28 21 18 74 45 0 67 79 44 114 48 56 253 127 21 0 10 9 43 0 82 95 42 88 44 74 48 89 91 82 1 72 0 126 12 50 6 39 0 11 15 44 48 24 30 47 28 36 49 50 8 8 14 35 48 12 7 38 34 37 54 72 106 105 32 29 24 18 12 14 35 15 49 18 62 70 24 63 30 118 60 6 166 14 0 18 37 18 195 34 31 0 0 85 44 58 3 47 17 8 44 2 0 28 0 44 24 55 0 38 70 19 18 11 0 14 59 30
107 0 81 86 2 48 43 12 141 51 86 0 32 121 108 235 63 88 8 4 106 99 89 42 18 48 28 21 95 2 138 22 105 100 16 35 6 16 0 2 139 51 45 74 54 0 68 10 90 75 0 42 40 114 44 10 94 54 105 55 83 116 18 80 20 177 13 35 111 159 58 76 132 0 42 145 43 20 151 0 0 134 38 85 133 8 26 87 45 129 40 75 83 85 281 126 19 18 111 53 0 131 100 12 121 29 60 76 72 18 73 96 195 75 194 47 31 27 52 159 5 0 80 38 37 28 129 36 144 0 85 7 13 100 48 4 84 38 63 76 162 0 30 0 28 47 57 86 10 103 92 17 36 0 117 3 32 28 79 179 58 68 110 64 40 60 146 94 73 33 8 76 42 59 47 70 182 92 148 21 103 52 83 98 56 54 81 151 16 80 162 82 94 48 126 73 62 162 68 139 115 73 96 14 52 163 115 0 63 63 143 24 18 137 90 83 21 99 113 109 28 124 134 39 24 40 148 68 102 65 74 98 0 48 54 0 107 18 42 8 72 18 24 52 77 21 7 27 143 80 29 33 27 63 36 32
38 31 0 86 86 60 81 35 34 144 0 30 4 125 28 36 25 48 0 44 124 156 58 64 72 138 91 16 6 0 64 121 86 82 125 174 51 29 47 4 30 72 98 3 10 94 48 82 34 63 72 56 0 117 8 5 63 87 235 3 53 107 106 72 4 121 42 63 129 74 46 100 7 0 3 120 146 21 103 104 30 12 98 61 35 10 0 103 53 107 66 24 77 82 190 93 130 85 112 131 82 98 69 50 11 22 79 29 6 54 134 105 128 24 52 45 124 234 89 35 14 59 72 4 100 101 40 26 47 44 0 23 90 67 48 35 12 107 6 140 147 39 62 96 24 136 87 0 26 31 24 52 74 92 2 24 225 108 74 117 39 161 73 212 89 105 0 75 16 130 47 0 147 68 40 134 113 68 15 56 23 26 96 127 139 99 172 19 0 89 68 79 65 36 114 38 28 36 0 79 67 190 0 0 18 44 0 83 48 48 153 74 9 132 120 21 89 36 78 65 53 6 161 36 48 13 170 30 0 20 18 0 42 98 54 93 136 25 112 160 53 12 17 0 129 57 32 71 0 47 45 156 48 63 11 129
44 70 53 106 111 113 31 64 52 154 82 10 0 91 56 52 56 84 7 32 46 96 105 24 98 101 106 48 7 136 62 8 85 80 103 97 14 53 15 28 83 68 56 153 10 0 24 126 30 30 24 96 32 42 68 0 64 75 65 86 148 39 62 86 102 176 75 136 89 54 32 151 109 140 0 164 21 42 41 25 49 12 0 151 9 16 8 56 0 65 7 72 28 64 102 35 96 32 102 74 30 95 10 0 41 23 40 34 44 26 23 57 91 38 81 150 73 62 0 23 77 67 7 9 76 60 39 72 155 0 24 58 74 74 47 43 56 59 80 54 39 63 6 0 12 148 0 16 34 56 49 83 56 69 129 102 75 12 38 86 29 76 109 57 8 133 84 106 56 183 0 43 72 22 122 150 162 4 27 20 44 12 52 109 4 6 40 53 45 96 73 180 32 38 68 60 18 38 68 55 46 61 69 41 89 202 78 41 177 47 113 92 0 92 107 29 42 97 52 91 199 88 104 26 28 36 147 24 30 82 36 0 48 54 6 36 0 0 120 54 130 35 113 82 22 59 33 27 41 132 49 56 33 52 16 96
39 51 40 96 66 96 140 28 138 112 132 79 51 4 163 148 108 54 36 134 53 187 90 72 82 0 161 56 0 109 42 20 19 156 111 119 74 0 105 100 0 81 115 48 0 0 32 47 42 72 16 158 93 0 35 92 32 137 27 69 8 143 8 111 30 16 109 25 90 8 46 111 25 32 84 48 0 163 56 65 108 10 117 33 0 72 131 58 64 93 72 8 50 50 90 16 145 72 44 83 0 96 63 2 103 71 152 195 92 92 4 111 75 79 24 219 83 88 54 1 0 80 118 12 72 35 27 80 21 83 24 69 100 83 107 148 0 106 73 111 122 30 68 0 64 46 56 56 145 113 224 75 0 168 24 99 108 49 63 30 65 32 88 86 21 72 209 66 22 90 35 4 81 103 24 121 92 104 67 187 95 72 62 126 75 8 0 16 135 126 161 197 99 33 54 94 37 122 20 0 48 105 88 56 134 77 16 114 123 203 97 144 0 0 135 39 137 93 120 236 105 24 18 44 85 100 112 95 100 5 138 30 32 44 223 99 0 104 128 51 57 121 144 72 82 19 0 78 99 16 208 68 24 44 12 145
63 112 27 36 5 97 130 18 151 144 141 78 60 0 36 168 48 57 56 0 96 27 0 0 66 18 18 31 108 12 134 118 145 60 153 6 20 42 21 51 64 193 33 101 0 3 0 54 35 94 12 0 95 117 137 85 34 45 86 0 6 62 129 56 72 18 58 36 24 99 58 125 123 0 3 0 0 68 72 15 74 5 0 33 156 56 36 147 0 117 108 55 72 0 122 36 27 103 40 120 32 117 201 54 90 81 40 40 36 116 45 48 12 60 28 0 70 36 0 90 7 15 63 36 15 90 131 24 150 0 136 62 0 20 34 64 0 65 27 0 43 40 159 30 36 83 113 54 0 0 104 37 60 81 23 27 130 0 51 30 42 24 90 119 36 43 51 114 8 61 20 0 32 30 66 93 123 61 48 52 98 63 34 123 0 43 66 49 36 99 105 48 48 0 0 104 18 166 194 160 206 27 4 20 132 99 19 0 171 60 26 48 90 147 118 154 75 81 52 138 60 44 217 72 74 83 42 15 24 0 115 22 73 36 126 105 24 35 81 109 24 144 9 58 72 13 0 6 59 75 32 33 18 0 111 42
0 49 80 43 28 35 77 63 50 26 189 146 69 0 42 86 9 65 0 89 80 0 22 45 7 0 52 57 84 73 82 95 56 136 91 21 73 36 24 162 4 122 21 60 28 133 38 125 135 56 36 45 79 27 66 0 5 86 61 22 60 75 149 73 48 63 54 55 120 12 73 81 89 55 81 33 0 216 65 66 9 24 12 27 59 22 88 144 87 108 36 35 14 9 88 0 44 28 15 72 48 27 66 50 0 230 68 45 128 67 108 49 94 32 83 25 47 88 94 72 49 0 0 2 90 34 0 60 27 4 152 24 34 0 87 50 46 144 66 181 16 0 41 4 0 92 138 60 72 24 45 0 36 35 77 0 69 75 22 136 22 149 39 133 101 36 80 54 0 175 0 42 87 140 10 144 72 45 27 48 44 90 132 135 54 14 102 57 12 118 0 33 183 0 61 71 101 36 139 95 107 121 25 117 115 121 18 10 67 28 111 81 72 95 14 35 18 8 29 183 87 69 106 59 44 53 38 32 9 0 6 43 42 76 30 125 33 0 25 28 0 48 64 72 25 83 3 0 96 23 56 52 12 52 28 78
92 115 62 68 10 45 48 71 60 125 98 16 29 161 0 84 65 123 0 71 160 109 136 119 180 139 86 89 90 115 16 122 0 115 103 1 0 87 6 21 78 94 71 0 52 89 14 95 112 134 115 49 42 63 116 0 72 158 39 60 49 54 121 5 105 54 57 24 150 119 116 78 229 83 0 108 15 44 4 48 0 6 17 72 185 93 40 81 31 43 70 2 0 68 179 46 11 118 44 44 0 66 49 79 183 128 93 69 36 57 23 3 18 21 10 67 34 9 78 45 95 75 86 0 62 47 149 1 114 34 121 30 99 33 7 22 2 101 108 84 51 0 81 3 12 147 180 42 62 18 77 86 97 136 76 15 146 114 35 20 21 34 125 164 71 102 69 14 78 0 16 0 42 31 24 157 122 195 0 16 62 6 118 100 68 54 127 96 18 40 108 42 0 73 0 18 52 142 81 61 54 63 123 72 156 208 0 71 7 6 42 0 0 158 79 150 57 103 21 14 48 35 4 101 35 117 145 46 11 86 63 72 66 51 13 118 89 42 39 94 18 105 16 141 111 67 0 93 84 91 98 0 21 65 10 91
0 21 48 79 10 65 3 18 61 171 39 78 34 57 88 6 0 83 25 175 64 133 39 0 64 49 63 80 53 60 26 49 0 164 32 86 16 98 50 6 0 115 39 50 90 67 66 119 84 46 81 161 16 28 25 18 120 135 54 45 59 99 50 0 81 56 84 182 52 52 52 38 0 0 3 61 64 42 0 165 0 54 75 54 45 21 52 96 153 98 65 12 29 68 195 90 10 67 67 160 6 48 40 44 94 98 140 12 36 8 3 54 12 159 58 12 2 24 86 32 129 57 40 0 27 0 36 73 27 60 21 7 24 0 8 125 105 83 124 15 5 0 88 12 83 62 66 112 14 58 102 104 12 3 194 146 115 49 51 19 43 144 60 110 9 93 5 33 84 70 45 0 46 33 42 3 14 56 0 36 128 96 66 42 103 27 83 0 47 60 71 8 0 0 72 114 47 92 8 31 111 63 57 14 24 82 21 67 30 24 110 5 27 63 2 46 121 6 26 71 0 69 0 75 8 118 86 138 0 44 95 141 119 6 20 66 9 0 163 4 63 31 132 28 38 72 0 92 63 22 160 25 43 79 43 19
36 61 97 19 0 87 44 66 86 59 0 0 24 74 121 41 115 0 36 16 24 102 112 77 0 77 35 0 42 127 36 96 32 138 12 42 100 0 66 143 0 40 84 16 32 65 4 71 64 6 16 56 19 4 49 36 0 20 32 0 50 97 61 73 43 28 124 24 91 11 60 101 85 30 64 39 48 116 90 74 21 0 92 102 118 12 0 4 35 45 53 32 47 62 15 36 99 81 40 9 72 64 6 49 51 86 24 16 110 86 0 83 36 110 59 155 0 48 72 113 35 43 81 0 36 24 126 0 74 4 12 14 74 0 130 143 8 116 0 51 58 30 84 45 24 92 27 57 79 24 68 56 32 12 112 21 113 70 128 89 88 68 40 81 24 9 96 16 58 176 0 36 85 24 9 124 120 133 76 58 30 12 55 133 20 60 86 63 5 106 0 4 122 0 153 24 59 113 84 0 49 195 102 160 137 26 0 104 0 16 63 73 27 21 4 42 0 0 28 114 33 27 112 53 8 0 34 70 39 68 36 38 10 14 114 32 34 100 95 24 110 148 6 30 121 77 15 92 104 0 109 36 33 0 57 44
24 148 12 52 40 164 195 56 40 30 0 32 35 20 0 139 131 90 21 89 124 36 0 46 31 0 145 1 30 37 51 5 0 81 141 125 22 82 0 107 51 129 43 206 0 9 2 18 83 138 9 93 68 75 20 64 68 44 60 60 100 1 55 72 38 64 81 154 81 39 89 70 15 42 42 0 132 72 0 1 0 64 0 13 24 9 34 69 42 45 63 24 9 163 89 97 121 61 45 123 85 40 136 31 12 76 60 62 54 92 45 18 99 4 177 63 102 59 72 28 30 174 50 30 4 126 33 72 145 63 80 89 13 7 4 62 156 59 0 169 59 171 4 35 12 71 54 40 37 101 56 54 58 88 29 93 36 24 73 160 39 169 139 28 17 45 136 107 81 54 20 141 63 0 107 0 42 18 10 147 97 144 3 65 0 62 52 6 0 124 112 107 117 1 54 180 65 7 48 48 32 35 24 37 44 41 25 73 84 37 176 59 45 15 81 65 0 169 69 16 204 10 186 98 67 63 0 72 122 48 112 24 10 36 3 27 55 0 47 0 147 118 24 135 4 37 2 42 56 191 45 13 14 18 24 75
7 135 89 34 0 0 87 46 45 0 96 88 18 39 1 169 72 42 18 121 85 75 31 118 68 157 9 18 72 164 70 42 72 21 5 79 32 144 36 0 88 22 0 96 18 64 137 61 128 23 16 21 92 15 35 68 153 0 63 58 35 76 13 5 42 31 86 161 48 77 45 127 45 42 32 112 0 92 101 54 63 0 98 150 41 55 0 86 57 158 39 136 20 23 159 81 91 87 16 38 76 4 165 133 72 100 138 96 0 66 4 84 45 45 125 36 75 13 32 82 58 42 32 16 49 73 23 6 28 0 47 102 25 143 194 88 33 50 51 60 16 100 38 6 0 34 140 147 20 67 138 154 31 54 105 48 79 135 121 169 113 130 105 65 28 45 120 84 0 110 38 65 140 26 48 113 280 49 83 21 68 11 49 239 42 48 54 96 80 42 102 108 9 27 22 4 68 62 88 25 80 53 15 27 56 161 130 85 76 153 39 0 74 18 69 13 45 10 147 48 68 174 0 27 34 114 324 7 60 93 10 40 122 50 117 84 54 36 94 24 183 62 58 69 95 38 59 42 208 39 62 44 12 12 28 112
7 56 20 62 16 63 57 9 38 32 170 42 50 35 34 89 140 77 25 88 4 51 83 24 179 52 132 92 48 56 25 81 91 28 27 150 90 150 59 37 36 36 0 39 0 6 49 121 75 0 16 49 89 160 20 73 135 28 36 142 20 102 170 23 124 54 74 94 58 81 43 67 66 64 37 7 4 150 56 65 0 72 44 78 103 0 46 34 9 42 16 70 120 15 72 58 40 19 88 49 0 20 60 146 10 101 12 10 94 40 52 83 0 121 32 39 50 42 100 46 209 38 24 12 6 20 40 125 58 0 0 115 96 6 63 125 86 62 10 76 0 33 131 47 0 172 35 87 14 96 41 152 32 42 0 153 119 63 88 0 110 21 137 190 63 54 56 0 28 22 54 36 111 33 35 42 44 73 80 42 61 39 11 75 37 62 74 44 4 18 8 102 117 34 102 63 0 30 62 44 32 32 63 25 48 50 59 103 44 25 60 10 131 0 0 94 130 30 54 52 153 72 77 6 86 95 145 0 23 124 153 104 220 59 169 30 40 0 130 30 124 49 141 83 70 32 28 33 110 16 109 15 22 40 38 5
27 0 119 66 28 101 74 100 18 82 72 75 18 29 0 60 7 48 10 117 16 34 72 82 99 52 25 7 21 100 35 35 96 108 4 199 35 121 5 18 63 103 46 0 0 116 40 72 115 27 54 68 27 36 3 7 92 6 66 26 26 37 118 9 36 32 104 54 99 0 6 96 54 20 52 7 99 3 33 227 44 35 90 29 20 18 37 102 0 30 75 109 84 36 108 108 111 7 162 221 0 12 107 56 93 10 159 33 12 53 140 27 50 54 9 60 21 86 12 27 0 24 50 13 0 72 48 130 55 23 75 72 62 10 16 118 22 154 36 78 102 0 5 60 77 9 171 132 62 66 98 92 135 56 35 60 126 57 16 87 24 38 138 174 70 8 93 42 0 16 33 63 62 5 57 28 90 19 23 73 18 44 24 146 37 45 6 76 92 67 44 107 60 0 36 17 81 103 86 8 51 88 76 8 72 73 0 84 30 81 61 0 67 70 55 38 63 38 32 0 61 69 49 11 96 6 188 49 7 9 51 6 65 0 137 24 45 21 0 87 42 108 40 79 42 75 40 48 72 0 24 54 91 0 0 101
42 75 0 32 0 29 204 40 93 23 108 75 93 120 52 54 110 0 178 47 0 18 81 36 8 70 121 20 20 61 108 12 115 14 24 25 22 15 62 0 0 15 18 32 47 54 104 98 83 77 24 12 112 0 26 85 52 90 24 69 18 64 104 25 60 18 0 78 116 54 54 96 51 10 0 42 8 63 125 96 21 0 26 30 48 37 72 111 3 25 35 18 85 20 24 40 120 89 18 96 78 18 42 75 32 36 0 33 0 14 65 25 5 79 0 30 37 33 27 61 57 93 0 28 0 77 0 36 60 38 57 6 113 6 70 64 10 45 24 20 107 20 118 15 113 108 0 30 77 48 94 114 3 90 44 24 99 5 6 48 78 0 63 52 0 60 24 70 0 81 35 60 61 34 51 110 77 36 18 0 20 15 45 84 36 18 35 0 20 48 45 10 15 15 196 0 0 20 119 120 72 97 30 54 39 24 0 26 0 68 24 0 0 48 12 0 40 16 0 83 45 41 32 37 30 32 66 93 62 6 112 50 14 42 0 102 72 73 35 26 74 0 129 0 46 42 0 0 42 29 134 60 81 80 34 15
75 137 0 5 76 46 44 32 50 138 88 24 86 36 130 131 44 49 0 180 63 81 8 45 49 39 92 76 80 56 12 0 30 99 53 75 24 85 54 96 28 30 58 73 4 0 26 54 94 109 58 78 15 27 69 44 21 60 54 28 49 112 9 55 83 60 254 120 108 55 0 76 19 63 96 106 81 108 9 71 0 72 72 105 27 101 4 56 36 92 60 0 81 57 81 133 125 54 0 40 44 54 92 0 65 86 30 35 38 27 18 32 12 135 93 124 103 48 40 45 54 44 26 0 54 72 34 14 165 24 161 140 4 63 56 40 72 51 0 60 20 116 149 40 51 81 31 92 15 116 129 0 68 139 0 0 95 2 153 28 0 180 73 82 57 55 75 66 72 148 0 63 0 59 123 45 47 0 120 167 116 98 0 207 0 44 13 35 122 50 130 47 25 16 35 192 56 53 84 28 74 12 72 68 30 164 0 11 74 29 76 87 72 69 49 12 53 56 155 145 112 21 111 35 112 72 65 123 0 0 8 62 7 70 92 27 0 36 33 19 110 74 28 87 16 36 15 0 63 43 49 37 33 95 32 87
23 157 99 44 54 40 25 83 158 16 59 104 73 86 74 116 129 66 26 41 40 56 7 0 72 106 0 0 41 103 74 115 16 174 96 90 19 53 4 48 49 131 135 15 24 113 61 166 83 155 126 42 10 2 44 24 157 0 42 18 8 173 68 171 42 108 20 166 123 56 51 3 90 117 41 78 4 106 4 160 0 115 84 32 48 29 133 108 70 47 60 6 20 0 108 128 0 12 39 15 0 28 47 59 21 146 35 64 53 98 40 52 0 37 83 35 93 90 25 16 35 37 33 12 47 122 46 91 45 16 0 94 25 22 256 108 32 115 39 118 69 39 4 6 110 45 134 79 23 116 122 148 24 109 98 20 110 120 45 16 74 119 56 126 12 55 55 62 67 43 36 63 197 117 12 126 47 36 67 95 14 78 112 94 16 17 64 71 20 81 24 116 48 23 30 120 61 71 114 16 102 109 24 66 110 59 24 64 6 99 38 84 40 170 54 18 22 22 26 51 68 116 89 14 27 80 88 109 40 79 32 96 67 3 6 40 77 0 2 69 25 0 94 10 15 4 71 89 117 42 42 78 27 87 34 8
34 121 2 65 24 95 20 119 54 0 66 34 117 24 112 47 5 96 4 5 0 24 36 5 179 20 38 23 65 87 119 45 25 129 3 61 133 28 6 41 42 87 211 28 50 21 61 24 28 70 32 15 38 39 106 8 58 102 32 66 124 71 112 45 32 206 25 120 118 55 76 40 9 136 6 79 48 71 52 6 16 0 130 100 48 38 54 36 27 0 40 116 63 115 132 0 75 7 27 135 58 89 80 69 5 43 40 135 81 38 16 75 156 89 30 0 12 0 6 17 6 133 117 2 45 3 8 43 48 8 55 0 59 0 24 48 57 39 19 46 184 63 70 17 60 46 64 44 108 146 197 84 109 4 4 167 197 96 37 53 81 48 25 72 18 71 54 141 16 89 132 66 86 0 18 60 17 108 14 66 66 45 69 27 39 84 88 53 0 0 150 41 8 54 93 6 6 32 18 80 60 95 16 74 39 116 16 21 0 4 42 84 28 48 130 121 43 119 33 0 138 59 108 106 168 4 70 219 0 8 121 3 18 83 54 109 95 95 11 88 16 38 70 173 53 22 0 14 95 72 6 49 20 9 6 81
115 18 45 56 32 46 74 48 24 42 170 76 66 56 23 104 0 21 0 256 46 96 62 51 88 79 107 0 16 18 74 26 110 54 126 143 129 92 123 71 59 141 40 100 42 72 58 139 39 126 12 167 31 94 131 57 54 146 72 71 33 10 93 0 74 24 28 55 41 79 111 56 32 21 0 6 35 27 36 66 24 21 42 11 82 59 66 15 21 75 12 63 44 18 116 58 64 67 18 106 55 32 90 82 6 169 92 45 81 50 75 215 30 0 85 9 44 36 80 52 100 93 0 0 8 78 66 123 81 8 144 16 174 9 42 75 40 65 42 120 0 26 36 20 49 94 54 107 170 82 90 184 0 79 12 175 145 93 48 15 0 6 72 130 69 8 130 8 8 152 28 60 89 55 26 24 144 88 42 165 0 156 58 55 47 34 90 10 69 48 104 54 109 0 141 87 124 169 56 54 9 74 0 83 75 80 27 10 53 46 109 42 125 2 86 92 18 115 76 8 74 14 57 26 16 127 72 21 40 72 137 0 0 34 12 55 61 36 69 8 33 84 16 36 129 82 25 56 49 7 94 52 18 44 8 62
6 153 64 41 43 42 112 158 151 91 93 125 71 52 38 58 39 47 0 196 78 53 0 24 45 8 109 8 112 56 0 0 12 156 81 27 28 63 87 119 78 5 23 142 32 21 15 73 113 32 33 111 8 15 84 18 79 101 107 0 55 60 113 117 65 54 38 119 36 7 116 193 52 88 3 28 24 14 5 213 21 45 81 18 18 0 54 170 40 45 51 15 70 151 55 37 109 80 69 33 65 98 136 119 92 24 48 0 64 1 43 81 36 28 92 54 69 90 109 124 36 31 18 0 67 45 69 15 111 14 108 10 87 0 47 87 96 81 76 155 9 123 162 0 37 50 87 60 98 81 58 203 96 73 6 87 56 15 64 44 0 113 89 95 22 73 63 66 21 159 16 63 21 27 141 59 20 34 14 117 0 123 45 106 0 27 104 0 76 39 80 246 25 36 66 103 91 9 128 91 158 77 30 51 127 91 63 68 76 140 102 199 63 66 89 91 40 107 52 27 40 75 23 40 96 45 63 85 32 32 69 122 64 100 0 159 9 24 82 48 24 92 8 83 52 19 3 95 24 131 63 42 0 110 43 115
21 87 125 9 25 30 50 8 2 76 212 16 0 59 13 72 81 55 12 125 74 52 112 29 98 47 20 50 54 30 0 99 64 51 44 77 12 98 47 11 69 86 15 28 42 32 15 42 38 69 38 72 14 62 42 40 15 49 14 49 69 23 35 2 21 65 73 18 25 9 25 84 13 24 11 26 57 83 24 39 75 14 28 68 18 77 45 30 35 71 73 0 12 76 167 77 45 49 124 72 85 10 29 68 11 40 79 132 15 0 14 56 48 10 6 26 22 61 59 43 79 77 26 32 6 135 45 45 25 3 0 56 36 35 32 56 30 78 65 100 50 83 16 106 8 39 97 20 43 10 16 143 12 55 23 29 55 131 11 68 26 89 28 147 36 37 4 53 36 29 27 70 29 0 47 12 0 14 112 61 52 28 42 44 67 20 46 13 86 53 10 3 86 5 56 20 62 50 0 54 60 35 22 38 22 8 30 9 35 0 46 0 40 44 63 225 35 65 83 5 114 8 27 53 28 128 132 71 15 40 44 16 89 36 15 94 0 0 27 70 48 18 13 124 16 13 43 88 0 63 55 61 15 28 51 15
15 41 64 49 69 63 21 77 70 68 57 42 24 75 0 111 63 32 14 57 125 84 0 67 52 36 27 9 92 56 103 59 0 84 113 23 45 146 0 0 25 137 42 0 74 142 54 78 128 32 21 7 21 70 36 6 70 0 84 11 21 63 76 105 35 133 10 30 68 6 9 20 0 0 49 16 42 9 79 56 18 0 3 135 5 0 81 79 91 15 8 64 0 24 126 53 64 26 205 73 7 0 135 0 81 53 85 35 42 120 109 100 48 72 164 60 0 195 35 0 63 30 51 107 24 101 68 19 68 131 40 60 0 0 0 78 66 78 0 32 97 12 12 0 65 56 128 0 141 0 74 51 60 47 42 0 21 133 47 82 48 113 118 35 5 35 98 93 0 60 79 27 22 0 0 15 80 74 58 126 18 0 35 52 80 30 21 0 20 143 86 0 7 9 90 126 36 69 90 37 89 153 92 12 39 47 0 36 7 54 63 72 30 20 66 10 81 7 10 0 10 87 47 0 159 0 93 92 167 137 18 110 36 43 85 63 29 12 14 9 34 64 0 24 64 0 36 76 27 36 6 61 59 54 0 99
12 93 76 28 32 17 129 0 120 115 66 147 5 51 59 62 9 38 37 169 60 103 107 0 143 14 61 65 12 21 97 120 7 78 37 228 71 86 7 23 74 127 0 110 9 65 77 46 100 129 10 106 64 28 32 90 60 0 67 0 91 87 99 33 100 54 83 72 55 33 54 119 4 133 27 71 124 147 79 136 71 16 23 36 29 62 75 36 9 70 119 88 60 134 171 149 109 44 49 102 65 35 3 57 27 80 26 50 130 94 56 70 20 20 83 240 99 89 12 57 100 13 18 26 21 69 33 165 93 3 15 56 124 105 35 13 55 134 32 241 53 63 61 98 28 212 13 160 64 54 73 150 23 2 54 74 137 36 74 96 18 219 49 116 75 24 78 92 0 63 156 28 65 94 9 63 129 46 47 126 128 6 35 104 90 25 14 75 123 97 91 69 51 27 31 16 58 79 71 16 102 159 8 65 65 67 73 47 28 47 248 34 116 87 98 117 63 91 75 34 22 107 157 64 102 83 150 81 58 151 86 47 26 97 69 105 114 54 17 50 82 38 72 76 99 60 0 82 58 77 80 60 86 63 20 145
134 0 0 40 65 65 54 53 32 0 249 0 20 80 28 0 125 52 72 0 32 50 30 64 9 48 33 16 29 29 0 0 98 60 9 29 79 4 36 4 0 54 97 85 49 21 156 164 22 24 6 24 18 44 0 12 38 25 57 87 73 130 72 66 98 135 97 79 108 75 12 0 12 114 0 104 36 57 29 9 25 96 48 74 59 28 68 15 36 0 40 0 154 58 18 61 180 164 108 132 36 0 80 15 136 70 0 0 56 0 24 59 33 57 56 52 50 96 46 75 16 16 12 0 60 84 0 139 70 75 0 28 71 0 95 63 102 53 12 0 56 20 141 42 108 57 18 86 56 131 20 96 52 175 53 48 123 40 52 124 27 156 89 72 117 8 87 32 28 55 0 36 88 64 43 90 93 27 16 48 0 18 78 33 48 9 37 0 85 76 51 18 0 24 120 120 12 77 108 91 78 76 9 28 124 59 0 15 65 99 32 0 1 27 34 21 46 0 22 36 24 91 38 18 53 156 201 36 48 102 72 92 18 126 16 81 105 0 30 74 15 0 28 37 0 18 39 0 12 97 144 58 36 99 56 18
8 25 16 0 84 66 21 80 36 41 0 20 3 13 20 147 49 148 63 2 21 45 136 24 124 0 28 8 0 56 21 104 53 67 20 57 24 153 22 56 50 31 0 29 15 15 25 45 68 0 62 82 15 12 27 21 102 182 39 87 128 45 72 123 9 176 0 96 137 94 9 40 35 25 39 27 78 59 49 7 14 76 0 28 119 63 67 39 106 131 68 56 40 118 18 57 56 26 60 121 47 34 46 5 72 59 34 96 32 56 16 27 0 11 0 54 57 54 40 26 25 0 32 38 0 28 1 25 20 40 0 21 109 83 135 72 71 2 65 36 8 68 0 27 0 120 32 0 24 133 21 77 126 18 104 0 149 27 138 149 65 20 64 71 21 79 0 7 73 0 46 95 97 15 127 65 118 15 71 7 117 54 5 40 48 2 18 7 0 9 104 95 0 32 91 154 19 38 134 32 102 167 4 8 65 28 30 52 28 90 241 0 25 15 107 72 0 57 165 67 14 169 3 5 75 103 45 73 0 51 124 35 40 170 45 125 161 72 54 95 36 34 27 143 39 37 12 120 76 112 57 37 19 24 32 0
63 74 66 73 15 0 8 6 20 40 58 69 36 42 27 121 46 0 42 109 147 37 106 8 136 18 44 41 18 49 0 58 59 75 24 48 152 4 64 7 50 38 93 37 78 104 103 158 92 76 18 53 32 81 36 83 28 39 45 58 18 48 23 115 70 98 55 86 123 121 106 75 114 107 0 35 24 75 24 72 12 98 34 36 135 63 77 0 40 27 191 123 7 61 109 33 59 77 111 91 4 112 23 11 68 37 187 61 0 28 15 118 14 65 81 116 37 44 30 37 111 30 28 14 89 126 150 42 95 39 111 0 18 0 25 38 46 70 49 72 116 5 54 4 110 124 0 212 6 78 119 45 2 18 28 48 144 54 47 87 6 54 117 36 2 101 63 22 156 59 0 30 136 65 20 84 111 157 35 93 134 56 58 87 60 16 19 111 242 213 96 2 7 45 24 23 90 116 16 42 112 28 40 55 44 168 44 81 40 18 61 54 87 36 28 33 96 100 47 80 0 46 84 55 50 122 57 155 0 126 8 42 67 38 0 18 15 56 124 52 6 60 33 10 137 20 0 116 27 90 118 72 58 136 49 14
135 0 20 27 20 63 88 64 146 84 106 39 25 76 44 73 76 90 9 40 141 47 84 158 0 49 74 0 145 66 16 38 198 92 20 114 0 54 25 34 28 106 84 0 90 106 25 164 16 0 14 16 0 13 47 164 94 201 89 61 70 103 84 220 87 35 13 92 152 80 91 112 96 59 9 10 24 74 108 44 32 0 8 53 51 92 24 103 98 20 163 0 60 0 24 169 118 153 40 57 36 43 147 83 124 111 30 61 148 95 76 16 46 21 88 52 146 124 108 0 30 167 34 117 41 42 16 67 38 35 156 30 80 15 168 151 56 147 112 164 53 10 147 80 62 171 73 30 158 40 90 160 0 10 87 63 98 180 96 84 67 104 107 15 107 73 78 27 12 69 39 95 76 22 66 120 29 61 26 83 174 98 28 120 60 12 5 141 89 172 182 54 185 32 87 29 114 20 213 10 193 34 60 29 232 78 33 77 133 185 68 54 9 0 157 65 27 23 42 0 63 115 173 39 45 52 166 120 44 167 199 137 72 62 58 0 0 60 90 74 28 136 30 8 75 12 154 11 47 16 123 111 16 30 95 56
39 28 240 49 18 34 10 11 61 0 117 39 32 48 0 95 138 24 0 125 25 64 37 16 48 0 96 6 107 82 0 27 101 184 134 45 64 72 18 16 0 117 56 84 48 14 92 42 30 0 32 91 93 63 35 69 85 66 24 50 38 0 89 81 150 95 30 62 31 21 57 96 0 6 0 0 56 42 41 78 27 56 44 34 59 102 57 40 49 88 8 43 21 76 153 21 18 85 191 39 9 70 82 108 49 41 24 61 15 76 0 71 76 120 224 12 78 124 94 21 156 211 90 6 84 52 30 0 99 28 56 22 21 0 56 44 66 70 21 36 0 94 169 60 77 46 27 64 38 96 99 51 3 0 102 12 30 92 51 188 5 164 117 87 15 184 99 0 24 21 3 160 96 72 66 126 21 86 0 65 24 54 89 41 36 101 0 69 40 12 18 76 206 21 18 95 38 49 69 30 141 121 54 21 27 25 0 133 20 52 31 40 42 6 139 167 40 30 27 112 81 91 70 0 40 60 99 107 0 87 12 119 24 46 18 106 32 0 45 0 65 167 174 46 40 82 2 76 0 32 63 21 24 63 73 57
24 8 0 20 18 24 112 28 70 81 16 40 32 8 4 72 72 28 6 114 12 40 0 10 4 12 92 45 12 0 18 36 33 16 57 59 8 60 0 10 24 24 16 64 36 30 14 44 42 93 12 36 53 66 84 40 30 46 54 81 80 38 144 16 25 100 97 87 62 36 80 72 16 32 0 0 72 0 77 58 0 0 103 42 58 78 36 60 30 40 82 32 62 40 44 63 78 0 12 80 53 86 103 82 26 45 45 2 24 18 74 126 33 0 122 20 72 75 69 9 50 179 78 6 46 15 30 30 58 0 80 25 88 63 4 16 15 77 9 126 77 4 92 33 126 122 32 20 56 112 45 36 40 8 24 14 43 51 10 0 0 179 80 50 81 66 0 32 40 96 110 101 201 81 36 72 35 48 30 102 24 72 18 117 126 62 113 0 18 4 53 105 112 24 108 0 25 0 100 105 0 54 4 46 40 8 0 12 24 15 78 126 98 54 93 0 22 48 66 42 128 21 56 36 78 67 108 4 61 0 0 114 0 12 0 201 67 79 81 8 44 68 75 0 88 98 0 48 63 28 6 72 48 0 0 64
24 39 0 10 52 0 12 159 30 52 2 22 63 0 83 35 79 11 0 23 66 89 27 78 114 2 15 1 72 124 5 20 145 36 70 57 16 93 74 20 16 0 0 75 7 8 0 44 22 90 36 0 53 29 0 6 138 29 55 3 176 0 105 0 31 18 36 45 73 27 37 136 5 33 18 0 54 9 0 72 2 81 9 17 107 0 34 70 76 28 38 58 27 0 7 36 70 63 24 48 4 63 47 36 12 15 82 52 20 17 110 26 12 36 0 30 104 70 4 96 0 18 20 0 16 8 28 81 166 45 77 85 56 12 45 76 36 78 9 6 35 8 49 23 0 70 30 91 66 0 92 15 18 138 0 0 166 126 0 12 54 96 59 45 19 6 88 41 63 144 30 126 38 109 0 16 81 105 64 242 12 69 30 57 45 88 30 54 94 32 54 38 7 0 108 67 8 0 132 47 24 109 48 135 21 0 27 49 24 102 0 56 67 24 57 145 50 56 99 0 0 62 80 67 49 0 92 75 0 45 105 54 29 15 84 72 105 114 41 66 121 88 35 126 33 9 20 30 54 39 32 17 44 0 36 0
47 69 50 91 36 136 44 65 12 53 21 32 20 39 58 37 42 27 9 118 122 152 4 4 43 0 42 24 30 98 96 49 85 82 143 90 191 75 0 118 21 79 101 37 76 0 5 166 5 135 9 92 20 156 82 9 90 156 164 10 29 107 85 130 30 88 79 134 51 15 114 0 20 91 3 15 167 118 66 46 12 18 5 14 30 23 8 0 12 31 87 45 70 88 91 170 15 93 212 71 97 116 5 68 83 147 95 24 94 27 208 147 119 88 60 50 52 119 97 4 66 34 24 18 45 115 15 10 101 38 62 42 76 63 24 176 0 95 35 211 59 20 138 63 75 29 0 36 39 40 8 14 28 71 49 78 93 82 106 93 16 182 72 115 117 70 129 154 35 117 35 64 23 109 0 0 66 81 66 31 96 39 0 128 152 15 53 39 72 165 84 53 86 0 132 118 75 30 181 24 36 17 104 48 117 37 0 24 60 46 45 97 22 42 75 67 30 10 65 102 70 142 129 27 89 33 141 28 18 50 73 123 60 112 54 0 91 57 58 105 60 144 57 20 32 59 0 6 123 97 14 71 29 0 55 46
0 12 72 30 7 25 113 52 135 40 57 23 0 79 65 30 66 119 105 48 0 107 51 148 30 61 0 1 4 63 16 0 64 54 48 128 28 0 0 21 0 103 8 15 57 32 73 67 64 70 122 68 43 67 0 18 103 5 15 67 28 42 120 14 43 56 15 90 35 0 23 91 96 0 54 36 12 196 33 27 4 3 12 6 94 42 3 21 24 2 99 36 90 8 0 128 81 0 103 36 5 26 0 56 68 121 64 48 7 38 84 77 22 0 0 18 12 60 155 79 16 36 112 0 6 57 5 103 37 15 52 5 30 63 84 49 0 8 6 263 47 0 54 0 126 16 125 39 63 83 138 112 41 27 3 56 36 36 28 107 42 202 95 159 40 7 98 67 42 154 42 0 35 118 65 49 58 76 16 40 0 65 28 0 100 54 24 98 22 123 93 158 151 14 21 56 63 75 81 3 238 154 64 38 81 119 57 130 22 1 69 0 53 0 5 48 0 2 77 0 7 29 79 1 0 0 194 0 30 18 71 22 0 43 99 54 138 123 24 0 20 68 56 78 28 29 0 35 56 122 10 56 19 0 0 67
113 44 119 0 25 0 18 4 67 121 22 66 3 11 36 25 0 154 0 42 68 21 34 47 0 49 0 90 0 31 15 0 0 42 27 96 0 25 13 10 64 93 58 70 8 86 78 54 5 2 24 87 0 34 22 10 14 35 14 47 67 8 78 93 180 0 40 108 30 0 7 57 66 39 5 61 10 93 40 42 21 0 42 27 81 120 19 48 7 53 33 41 0 0 241 61 41 50 32 20 75 14 114 29 7 0 9 86 6 63 11 73 40 113 146 46 131 41 100 82 33 14 48 4 0 96 13 55 38 0 36 90 31 56 19 88 105 81 51 8 89 67 21 11 18 97 13 18 117 71 40 54 35 8 45 44 28 115 2 106 69 36 30 7 0 140 93 99 46 4 0 117 10 21 78 0 135 0 45 18 149 36 48 44 20 21 10 90 6 0 10 14 0 0 0 25 117 45 18 193 9 5 58 0 135 70 128 82 157 0 90 19 77 6 42 112 157 47 86 105 52 101 100 53 16 77 108 0 27 11 0 67 38 6 36 18 3 0 80 34 45 144 37 34 107 43 5 4 61 14 9 93 38 36 112 37
73 128 86 5 0 63 0 141 182 92 48 52 18 48 93 159 24 112 0 177 93 136 51 0 60 107 15 58 86 109 83 54 24 155 18 100 72 44 193 16 54 112 101 133 40 72 12 117 156 78 14 52 88 38 127 54 20 148 6 4 80 2 110 56 154 6 20 163 52 22 53 79 115 0 20 9 33 21 69 30 39 25 30 96 176 33 36 103 30 10 76 59 87 15 80 68 64 83 76 146 27 47 70 34 55 62 63 63 40 104 39 66 39 85 57 125 122 127 140 0 62 51 47 24 58 30 2 33 69 0 40 76 89 0 143 147 97 68 81 0 50 67 51 30 114 170 30 39 71 120 67 21 59 46 65 54 115 165 72 105 77 103 64 76 63 56 69 25 30 36 78 113 114 101 84 40 59 60 74 135 33 108 24 15 30 57 45 59 42 128 22 83 92 0 53 74 26 24 151 6 18 63 36 36 45 18 27 222 88 123 195 0 33 45 131 135 60 1 161 70 24 26 71 118 24 63 126 56 30 119 108 58 71 145 0 36 27 0 182 0 89 73 106 57 34 65 43 58 0 77 99 16 15 44 105 65
102 18 76 79 28 65 110 104 50 0 157 27 103 15 24 41 25 135 70 126 49 153 56 40 97 6 49 63 45 42 42 18 54 68 95 168 8 132 54 127 42 47 32 87 45 44 56 49 209 104 78 190 67 59 47 66 117 54 107 47 25 63 68 17 118 157 88 37 28 114 56 118 12 44 63 109 12 59 0 108 18 48 30 30 54 4 84 94 24 150 130 36 0 0 18 21 54 28 90 64 9 41 114 50 0 138 42 38 62 48 6 91 69 80 194 60 100 28 163 64 8 0 0 45 119 76 95 88 71 33 103 28 84 33 34 47 147 3 47 165 78 46 36 26 28 3 81 42 79 31 41 102 21 14 28 98 62 51 36 48 55 88 106 28 50 43 57 44 100 96 85 36 82 62 0 51 38 15 69 79 56 159 16 18 12 118 40 76 56 105 80 207 129 0 24 134 79 24 45 69 54 185 99 15 92 103 43 160 24 49 226 32 66 48 116 41 31 85 119 88 103 32 47 22 85 0 66 52 176 85 42 126 21 62 84 151 26 10 88 22 24 64 24 69 48 35 0 74 30 10 28 44 0 72 24 47
39 122 12 81 61 0 64 14 36 127 18 44 0 21 88 119 33 12 25 19 20 103 107 7 72 35 88 30 36 46 63 63 90 27 145 177 110 0 5 16 75 120 80 103 0 84 16 98 0 35 22 75 112 97 17 97 78 107 54 9 16 69 6 107 16 88 8 164 18 0 36 74 36 57 0 59 96 17 16 20 24 14 0 33 153 0 16 2 16 10 157 24 53 46 70 64 55 36 205 16 36 81 21 36 131 38 36 28 54 109 36 101 40 0 120 51 96 62 40 14 51 62 80 6 67 168 68 28 61 18 36 45 27 36 64 0 34 12 44 107 0 57 59 32 34 97 11 128 0 60 144 33 36 50 0 52 108 45 22 66 48 74 150 71 30 28 54 7 30 97 0 30 117 58 35 0 110 58 24 27 2 89 0 10 95 24 71 47 150 24 6 156 45 59 62 18 71 81 6 53 67 6 0 36 0 99 109 16 45 63 72 20 123 65 27 85 90 6 0 50 52 75 57 0 24 28 10 62 0 12 2 0 7 15 74 22 99 18 0 88 97 32 18 75 45 44 30 55 0 12 0 60 16 59 0 109
0 30 149 24 12 98 81 8 61 15 116 37 39 35 137 154 16 59 46 0 52 49 83 32 52 40 36 4 7 0 128 77 101 80 64 48 74 72 1 64 5 41 123 12 0 28 17 68 69 0 8 67 112 55 73 11 64 57 28 52 39 56 0 45 0 47 34 47 67 33 4 70 26 18 36 87 76 26 147 0 0 16 36 69 122 49 78 45 53 48 95 41 16 25 122 38 83 66 14 79 44 79 45 0 76 34 30 17 22 94 67 0 73 47 5 136 44 0 29 88 25 8 0 2 47 3 32 0 87 124 16 0 37 62 53 67 9 58 51 68 22 5 70 0 85 74 48 7 48 61 45 44 0 6 58 32 110 49 104 81 5 59 63 41 0 40 26 85 45 30 57 0 148 60 0 109 111 39 122 24 55 42 0 116 33 42 5 6 19 64 0 14 109 12 102 13 16 16 86 69 84 131 56 43 17 58 44 0 4 15 61 0 51 84 0 0 51 12 0 162 27 140 122 15 68 109 13 47 97 4 78 18 7 56 4 188 58 38 21 5 36 40 52 22 24 35 8 10 80 6 40 16 0 0 28 14
7 24 27 54 35 0 62 52 58 35 58 96 0 36 24 54 0 43 75 133 46 9 95 52 41 128 4 0 16 0 55 72 8 132 18 3 0 128 27 42 35 95 60 125 0 64 5 81 51 35 3 134 42 8 20 24 197 206 62 66 74 54 138 24 96 19 103 163 84 48 80 41 12 63 0 100 36 54 0 50 33 99 99 20 0 0 4 38 203 135 60 10 6 53 21 73 11 85 6 91 30 24 16 109 38 69 139 61 32 42 146 81 104 94 12 45 52 85 256 20 83 83 72 0 70 27 0 67 12 56 49 37 58 103 4 18 84 0 68 136 39 0 36 0 59 96 98 105 41 7 0 30 7 90 2 141 0 71 72 61 165 124 45 87 35 136 25 90 51 79 144 53 109 126 49 0 45 0 57 0 15 51 43 70 163 0 82 27 15 0 25 27 130 0 6 111 0 31 18 52 25 23 0 35 145 135 87 64 57 63 135 74 0 35 54 51 21 130 36 69 42 0 36 108 0 51 120 96 84 4 20 66 77 36 0 69 38 27 6 68 45 21 36 45 54 99 45 75 20 5 0 119 39 36 0 26
87 68 0 6 49 21 78 24 118 85 0 128 28 68 111 105 74 64 52 46 64 0 45 32 0 36 0 2 0 40 10 0 0 24 48 122 8 9 0 24 25 35 100 8 20 76 168 52 0 35 48 93 18 104 6 8 15 0 0 32 15 60 67 5 84 121 50 8 12 72 77 94 0 7 3 40 18 90 52 3 58 15 12 56 0 160 72 81 33 18 0 37 113 0 86 104 104 75 91 31 70 0 36 32 107 88 45 79 26 72 51 15 27 0 94 90 130 37 113 0 48 89 30 0 72 78 14 82 36 48 12 57 0 0 27 0 10 20 122 54 96 20 29 0 88 72 0 34 72 28 48 105 61 48 0 24 39 5 6 58 55 79 79 67 0 27 39 64 100 88 0 0 69 23 81 57 95 0 6 21 0 125 32 21 45 89 87 92 48 184 96 26 44 23 27 28 94 101 52 24 126 181 0 0 40 148 0 48 30 72 103 24 0 45 44 21 61 32 20 111 0 12 12 20 182 0 42 15 120 8 24 17 30 9 40 192 106 0 64 33 0 54 0 0 0 6 0 20 54 17 153 30 26 10 3 90
56 80 6 117 18 9 6 145 97 46 25 44 9 67 95 79 50 96 0 138 78 177 124 0 94 14 0 2 49 41 31 38 91 107 63 121 89 63 0 64 57 37 20 2 25 31 30 219 177 9 18 56 0 66 50 37 137 146 10 42 53 34 6 152 148 50 138 82 25 0 56 81 77 19 23 79 54 101 74 4 24 2 20 0 0 21 32 20 12 116 36 5 81 36 68 39 74 52 144 8 48 148 72 4 63 56 0 36 85 38 0 138 64 46 0 182 39 124 6 16 50 56 93 29 57 214 32 89 70 43 60 105 80 69 74 0 61 6 9 107 84 105 5 5 28 105 90 82 91 137 36 0 85 18 35 0 120 97 76 74 96 75 14 20 0 81 45 0 16 153 30 27 0 16 75 5 72 63 156 63 49 31 10 139 42 30 51 100 28 50 91 213 24 14 68 118 3 66 20 106 118 21 64 66 12 67 40 65 45 54 91 7 40 110 21 40 45 35 161 100 66 76 155 24 20 42 24 45 14 114 30 81 0 116 49 87 12 107 54 31 114 62 18 20 116 42 45 24 66 119 3 89 30 86 42 73
42 46 114 2 34 9 74 67 18 56 236 16 42 30 0 159 177 119 165 51 83 16 56 112 210 8 94 160 65 31 96 83 32 0 121 54 42 105 75 74 12 4 20 26 99 9 64 27 125 118 20 84 81 37 12 155 123 110 11 112 33 46 16 79 38 72 0 28 72 52 35 109 31 24 55 56 0 98 8 55 65 7 6 103 62 8 66 79 8 96 32 4 9 0 146 53 94 77 108 103 18 0 67 77 16 119 74 198 15 75 37 24 12 6 27 34 0 0 159 34 77 0 66 5 82 110 65 3 99 52 0 0 26 81 44 0 8 24 0 36 38 54 75 81 35 63 89 0 118 7 109 110 22 96 46 48 51 72 27 119 67 84 103 120 56 70 45 31 44 0 45 0 54 41 16 5 99 44 0 22 63 68 4 36 138 122 3 53 15 114 8 56 244 3 53 48 0 6 54 69 38 98 41 12 148 70 0 36 95 66 82 45 126 68 39 171 65 46 0 31 119 89 32 71 2 184 152 56 46 33 54 56 76 26 108 218 65 0 5 0 38 38 120 174 48 63 23 88 79 46 72 46 14 0 39 45
148 76 58 7 29 47 0 88 63 17 75 2 25 48 95 66 81 0 23 40 45 52 122 35 136 156 62 28 115 112 47 17 63 0 21 81 6 159 7 7 93 45 106 31 0 0 64 16 78 0 18 128 0 24 26 63 103 22 3 39 32 6 96 59 48 38 0 6 74 73 41 54 97 9 0 32 24 18 9 36 15 33 4 43 62 213 30 16 63 9 53 0 72 1 128 32 0 49 105 47 99 4 0 56 9 9 18 10 69 17 102 125 82 44 26 0 46 14 133 14 66 44 0 1 68 16 65 5 29 31 40 45 42 9 92 35 34 65 35 42 16 0 84 6 56 3 60 0 7 28 101 56 0 0 0 8 66 66 23 51 40 13 42 68 24 108 44 37 40 63 14 21 107 20 24 51 45 12 15 95 0 32 10 30 80 69 34 47 0 24 6 49 196 4 87 13 34 29 90 4 6 5 64 14 44 35 27 160 85 88 85 56 53 18 29 48 28 6 2 118 25 10 72 45 72 41 68 0 7 13 24 52 65 33 99 94 65 0 72 146 95 64 49 3 9 58 10 8 1 0 5 139 17 56 150 5
13 105 55 42 72 0 100 95 102 24 20 125 58 0 101 173 55 24 65 123 24 13 70 40 56 12 0 50 29 22 12 133 149 103 25 43 54 91 103 21 132 51 56 68 42 27 43 66 30 7 41 0 24 102 18 80 36 72 31 121 6 39 66 155 0 24 20 105 73 39 58 80 69 40 0 9 0 125 48 84 56 105 28 25 141 42 0 24 26 147 111 12 116 63 0 64 21 38 3 72 77 52 90 149 0 39 45 87 39 53 90 24 7 48 76 63 34 0 40 32 187 103 27 3 36 47 69 24 5 0 42 0 110 0 114 92 37 18 0 30 63 87 93 61 100 191 51 91 43 75 49 111 21 0 12 5 137 42 18 91 64 33 42 197 6 9 120 0 14 90 101 56 129 41 142 0 79 0 116 49 30 104 62 115 21 12 7 18 40 0 82 41 115 68 139 35 0 52 21 35 0 106 36 8 106 101 52 52 0 56 41 2 70 12 99 123 16 16 63 44 117 165 16 72 88 45 18 51 23 25 115 178 54 85 54 174 40 32 49 29 48 51 190 56 0 20 67 62 110 59 108 24 59 74 61 23
8 32 88 19 39 7 139 0 120 72 91 105 108 120 149 80 72 154 71 83 24 44 124 25 52 12 0 25 35 36 111 130 20 17 139 108 3 28 49 11 28 182 33 87 79 18 22 92 83 196 42 70 37 41 26 75 109 180 157 33 48 70 7 84 2 108 30 64 8 41 232 96 10 24 32 113 20 52 72 67 63 34 29 77 21 9 63 32 22 199 78 97 80 33 54 214 33 28 126 110 26 82 92 0 84 83 40 194 79 18 76 145 50 59 138 8 42 36 124 9 38 75 112 27 81 145 0 8 28 108 35 88 38 45 107 92 0 77 68 111 134 54 49 40 99 58 68 0 15 47 114 130 10 132 22 83 124 98 30 0 177 138 60 79 43 42 161 101 75 80 14 81 126 7 130 39 221 45 105 90 13 121 45 47 77 3 54 116 77 31 171 47 88 22 148 14 139 144 60 36 80 39 53 3 91 48 70 71 22 59 71 82 45 81 71 152 19 39 91 136 59 31 12 0 80 138 104 115 97 99 92 201 25 0 0 72 194 33 4 112 227 113 105 120 44 16 16 38 18 0 50 2 73 115 48 62
13 35 37 179 130 18 31 14 71 81 47 16 40 35 90 130 79 42 104 112 30 164 156 57 132 13 27 18 20 124 38 63 118 132 190 81 160 30 38 56 50 104 24 72 4 0 42 127 77 72 24 84 8 16 48 9 199 179 32 99 138 113 98 211 0 66 36 93 153 38 83 198 96 68 0 34 0 123 89 51 24 10 52 87 111 109 0 64 36 59 32 29 18 36 2 51 35 15 108 134 117 145 24 26 12 183 0 95 102 105 0 116 36 124 39 64 123 85 0 11 111 78 88 54 23 118 6 0 132 30 60 12 87 0 27 62 40 150 146 108 106 52 36 0 104 172 191 0 25 0 20 24 55 36 1 46 86 78 124 82 80 136 71 91 43 30 122 89 0 215 72 121 66 0 106 48 141 0 96 117 36 45 0 152 81 54 36 114 26 36 66 200 12 59 150 14 0 98 109 119 105 81 136 54 89 132 42 7 211 135 46 126 6 0 51 103 6 136 48 174 56 100 115 72 68 64 107 168 36 12 51 42 40 80 0 72 129 122 0 188 132 106 188 73 6 12 75 0 78 67 0 165 68 40 24 52
45 54 62 0 21 33 40 22 43 182 18 36 86 4 83 62 0 14 0 23 4 76 0 16 76 3 40 113 59 45 0 136 55 15 47 9 25 8 25 16 37 21 31 0 30 8 119 40 7 67 24 121 6 6 26 32 39 40 56 36 23 63 16 10 0 32 52 45 58 49 145 132 8 6 0 11 16 45 59 34 100 0 15 67 102 117 15 0 0 0 53 47 48 32 202 39 48 24 56 63 57 106 14 24 7 0 64 64 0 48 0 64 0 6 34 28 60 22 45 103 100 157 42 42 36 21 109 5 27 16 3 9 64 0 8 119 0 26 40 0 0 0 111 107 12 11 57 0 23 0 42 0 15 32 31 52 45 30 2 15 15 90 31 12 0 40 9 93 122 61 90 18 67 1 6 0 41 18 0 58 39 45 36 50 0 0 29 0 56 20 6 2 40 26 8 0 21 51 82 48 70 63 34 84 32 68 33 13 24 56 52 0 53 121 37 155 109 60 40 15 111 81 35 58 72 28 55 61 35 16 0 75 28 40 27 35 35 18 63 8 49 12 90 40 42 0 2 40 114 8 2 32 45 2 0 0
0 0 61 0 123 81 203 0 97 28 40 24 24 28 30 74 110 123 122 22 77 96 111 78 36 22 71 8 112 0 40 32 85 27 102 102 0 32 52 36 36 41 64 24 0 36 0 152 115 106 60 78 14 138 0 58 111 7 49 20 100 30 144 20 0 72 28 18 163 50 118 33 37 0 7 72 0 50 8 139 65 73 123 48 38 20 107 111 18 57 0 4 54 53 57 71 111 53 125 93 16 8 36 93 125 44 0 43 6 89 45 48 38 81 47 26 92 101 16 102 52 25 40 5 42 31 34 43 23 17 25 4 96 25 65 3 89 35 31 0 9 100 55 30 35 12 31 6 78 0 30 162 0 75 0 24 168 48 40 88 17 103 41 41 68 20 137 42 0 52 20 130 63 6 21 53 76 24 16 199 8 28 2 24 147 35 10 44 9 87 155 165 79 24 83 87 0 44 45 0 54 76 4 45 65 38 22 53 37 22 30 0 80 0 18 45 40 108 28 33 103 70 98 18 0 72 171 59 83 87 54 56 0 101 27 207 57 39 50 64 16 54 44 25 140 60 34 18 39 57 64 0 40 105 4 87
12 85 129 3 20 45 223 70 38 111 72 2 87 0 4 25 5 64 0 45 49 46 65 84 12 0 96 89 24 24 42 40 44 98 8 55 8 122 0 47 20 12 0 0 30 21 31 33 27 20 20 96 142 47 60 18 133 51 16 67 5 112 120 96 62 98 142 37 72 62 54 79 0 57 40 61 0 84 81 25 27 49 135 20 40 3 164 153 0 40 32 16 35 56 212 57 62 28 35 71 12 0 50 39 32 35 0 45 5 46 53 35 31 93 0 64 18 83 30 22 70 4 0 43 56 84 0 26 28 0 81 23 52 35 29 55 81 104 33 32 126 149 66 21 128 44 20 20 63 34 98 56 26 0 15 3 79 55 1 5 103 83 75 51 42 54 72 63 4 51 77 82 148 0 28 75 3 50 52 167 87 22 34 99 41 5 27 26 5 5 72 14 110 56 106 18 40 49 44 38 5 8 73 49 50 7 14 32 87 48 99 90 0 69 48 37 121 72 42 97 140 0 0 45 51 0 35 175 27 18 54 148 15 26 114 98 25 93 49 50 19 0 20 6 66 30 63 18 33 18 40 42 26 27 0 0
165 86 64 54 0 90 40 208 50 107 59 166 60 79 63 120 27 72 81 159 45 84 102 114 36 72 172 28 12 74 0 36 42 89 66 70 8 115 6 2 61 1 63 103 38 90 54 120 260 104 60 25 56 30 43 53 12 184 78 39 34 129 46 14 80 0 137 40 120 9 100 67 120 110 54 176 9 67 80 77 43 92 32 90 27 84 66 143 46 81 52 0 63 72 87 138 108 125 50 45 96 16 172 4 207 3 143 9 27 129 12 35 0 12 109 73 153 84 82 28 202 54 9 9 77 159 48 11 166 11 16 48 40 24 72 51 0 162 171 40 164 0 86 6 85 322 99 45 109 0 139 203 24 84 155 48 199 45 0 84 75 32 143 0 35 40 48 134 58 92 0 40 114 27 8 349 171 77 0 101 97 49 12 189 0 0 87 74 27 60 1 108 112 152 36 36 68 14 50 108 20 54 72 90 125 180 0 156 90 93 45 36 0 170 175 0 126 96 0 113 0 18 126 36 124 62 108 72 25 86 57 0 70 88 172 204 13 63 68 27 48 39 95 33 196 108 51 125 54 37 102 33 151 24 62 22
0 112 25 3 12 6 28 20 157 35 80 123 12 54 0 171 21 46 63 3 153 35 0 124 69 35 19 23 119 100 0 102 142 112 9 41 32 61 15 64 3 32 68 0 35 0 40 24 0 72 45 0 0 0 27 72 149 60 100 12 18 116 0 30 0 44 27 67 0 41 45 185 106 100 32 15 8 89 26 56 33 0 50 51 29 27 38 82 0 12 59 41 0 0 83 99 65 84 60 31 47 0 35 102 90 84 24 32 40 56 61 78 0 24 28 75 35 91 52 9 90 0 72 0 30 12 22 0 26 6 35 24 24 0 110 67 8 90 39 174 42 0 117 21 18 16 140 43 4 72 78 0 32 0 72 57 89 98 17 47 81 108 37 44 52 59 63 0 6 40 26 60 49 74 0 0 46 59 9 16 46 72 64 90 57 0 15 54 117 18 105 112 53 0 18 18 20 29 144 0 64 8 26 59 165 143 3 8 4 21 38 116 42 45 136 29 23 14 32 32 63 133 48 84 56 90 194 0 4 44 60 16 15 20 15 15 18 124 32 27 36 63 72 24 38 0 8 59 2 80 0 147 45 32 28 45
23 2 5 0 69 1 82 61 182 138 89 34 42 21 145 193 30 99 39 16 30 0 30 9 8 0 6 34 169 0 88 14 99 22 30 81 36 15 29 9 25 47 30 14 28 117 52 98 72 24 18 8 65 65 10 14 49 194 133 36 98 71 32 101 18 170 54 79 41 55 166 147 28 51 55 45 0 84 26 109 53 78 0 73 39 9 34 47 0 65 114 82 86 8 192 88 44 7 120 73 26 86 67 48 0 76 77 125 143 34 130 103 27 5 98 0 4 31 31 82 3 16 30 50 0 6 23 71 70 2 0 4 35 9 96 90 66 54 8 69 18 50 86 118 26 35 77 40 57 13 2 93 45 115 28 29 65 80 17 38 21 8 124 92 36 73 100 21 0 67 0 81 44 0 36 61 78 7 55 13 6 56 96 65 20 30 11 90 7 0 61 0 43 0 105 3 68 3 119 187 210 44 76 9 61 42 0 27 12 121 67 21 0 112 15 110 170 0 6 0 82 72 0 28 32 73 150 77 78 16 54 51 54 48 52 40 8 8 4 0 4 99 16 106 44 18 55 59 91 41 51 7 40 0 31 45
94 79 24 12 19 36 83 81 127 64 85 67 25 32 5 147 6 114 64 123 32 160 144 42 164 71 72 60 0 144 54 92 250 72 29 59 50 179 77 5 35 69 33 0 6 0 30 60 93 0 162 32 89 32 0 78 57 60 30 54 6 37 61 8 164 22 153 72 36 77 8 129 8 56 26 88 27 63 0 16 135 46 24 149 48 69 69 60 6 148 51 129 55 4 183 42 9 7 136 82 0 18 53 22 49 24 96 53 25 0 102 0 18 72 6 50 106 6 108 39 42 128 16 0 52 47 0 0 108 35 73 114 67 80 124 177 59 36 27 63 59 63 75 135 96 135 104 137 18 80 45 37 0 114 123 14 12 189 0 21 100 73 52 68 0 77 6 0 20 75 101 0 56 9 14 84 134 0 88 44 21 0 40 142 8 16 89 24 101 0 76 48 26 7 4 53 0 10 183 48 162 56 114 0 10 94 56 177 68 0 9 0 20 162 83 142 11 20 174 46 104 43 14 26 30 63 177 111 0 169 88 87 141 42 137 96 20 6 54 72 74 104 24 132 50 92 32 104 7 34 113 41 18 0 51 24
0 18 78 19 0 124 0 48 42 28 24 112 32 69 5 0 41 9 0 80 69 198 71 0 0 130 78 3 0 14 0 57 49 56 45 67 16 132 78 0 159 74 15 18 32 36 3 28 14 23 0 12 45 49 22 0 18 62 106 78 40 36 199 10 121 46 50 60 32 0 0 81 61 64 0 180 21 13 0 12 9 36 0 108 36 9 34 0 0 92 0 0 91 48 42 24 40 13 63 128 32 0 82 79 19 60 63 15 0 24 24 64 153 0 39 89 0 2 49 0 152 0 57 0 54 21 50 3 81 27 0 9 210 0 144 65 96 20 67 144 0 18 0 97 72 212 45 72 23 67 30 16 0 0 49 66 0 90 86 72 33 136 36 109 32 6 48 105 66 67 184 0 62 88 12 137 148 33 124 0 0 0 28 76 0 72 4 0 115 92 30 120 135 0 3 0 0 38 81 16 12 136 0 0 78 0 0 0 40 0 62 0 14 99 114 19 2 0 42 21 47 132 49 0 84 18 30 0 11 57 0 36 0 94 75 74 15 0 9 0 9 0 87 57 54 42 3 25 120 12 10 8 22 64 0 76
42 32 222 16 40 0 0 0 10 250 0 46 76 10 69 57 66 34 42 118 0 4 74 72 82 8 52 36 8 22 63 150 16 66 82 71 48 169 13 39 85 71 68 128 48 36 7 4 39 47 33 65 7 147 76 11 0 56 103 1 95 52 24 12 0 87 0 34 50 32 93 77 57 24 26 58 0 48 63 19 28 56 0 16 181 127 8 132 35 33 80 137 0 12 156 74 29 42 48 54 91 94 87 0 0 42 78 96 48 192 16 82 117 27 52 0 72 26 128 89 72 0 73 77 132 12 128 40 113 41 90 0 40 95 64 18 72 67 91 7 39 12 114 12 35 81 107 208 57 84 91 0 0 0 0 68 28 64 20 32 38 80 0 85 23 28 0 115 0 66 0 177 24 45 48 48 78 67 80 80 0 151 6 63 91 77 54 0 30 6 41 51 140 104 88 51 121 50 47 88 40 168 0 18 0 52 36 64 41 15 91 66 146 41 20 130 47 127 57 113 106 102 108 15 22 66 86 32 0 26 0 10 116 0 101 61 78 18 0 27 42 0 95 78 38 89 0 32 3 14 17 72 35 16 8 20
27 79 63 34 4 0 27 110 141 6 16 108 22 35 40 64 0 30 27 70 64 28 12 23 0 56 0 0 0 16 28 76 0 135 32 8 14 0 18 72 0 93 4 105 0 93 28 124 64 63 0 50 14 38 27 0 6 68 23 0 113 93 84 67 52 45 67 28 132 51 37 21 48 16 27 24 0 49 13 78 30 35 74 30 0 8 87 90 185 27 60 32 10 0 40 0 57 62 21 122 73 44 79 55 30 28 54 40 40 44 0 6 0 6 77 0 67 16 117 76 22 18 49 0 37 48 14 23 48 112 0 32 19 6 28 62 28 99 28 98 84 23 9 35 0 64 181 88 65 4 125 92 49 0 72 36 137 50 58 64 49 0 8 3 0 151 93 24 55 84 14 0 219 72 12 96 72 60 0 188 12 105 36 149 44 0 49 0 3 81 8 0 64 10 14 0 53 0 51 0 0 90 27 0 15 62 12 110 10 42 70 106 0 56 30 53 34 56 14 107 12 28 48 0 128 27 57 88 52 0 58 12 84 81 89 12 18 42 105 46 49 51 12 56 36 78 8 14 60 0 24 66 14 0 57 0
16 128 30 96 90 91 91 0 21 63 50 64 31 93 70 105 40 75 56 18 172 231 66 48 119 49 16 6 64 28 5 69 57 32 160 160 27 82 0 0 42 46 8 6 12 6 47 27 60 116 72 28 60 87 80 80 198 2 42 6 59 135 0 218 6 144 0 80 12 46 30 39 46 91 15 93 93 139 54 93 30 85 129 15 4 30 84 123 32 45 0 46 18 156 72 159 14 52 130 34 113 117 60 127 63 167 0 94 16 34 0 56 64 38 76 89 32 7 120 66 85 78 44 10 2 92 4 80 42 0 35 102 72 20 93 8 0 53 21 111 75 8 63 5 19 0 63 0 61 12 16 36 10 96 0 72 36 97 20 37 59 162 91 140 39 84 114 140 0 121 46 236 53 12 81 47 21 0 34 40 57 56 56 33 4 81 137 36 30 42 104 147 59 18 44 0 0 60 119 23 151 64 0 0 210 58 89 30 71 54 30 0 56 98 63 82 8 0 31 9 90 62 108 144 41 149 118 69 131 21 48 12 77 8 0 29 103 29 0 26 54 63 77 92 32 36 16 37 18 75 3 54 21 56 3 92
58 38 136 97 17 0 84 71 21 91 96 24 47 16 97 36 47 18 40 57 18 82 168 118 82 20 101 52 49 7 4 70 70 51 107 103 111 176 25 4 46 111 105 20 39 38 140 112 154 24 40 76 100 96 120 90 177 59 48 43 85 18 107 161 63 145 84 12 75 54 45 116 40 99 12 60 48 65 70 79 0 40 67 18 77 122 129 168 6 120 97 43 60 105 135 49 161 17 91 101 83 130 74 16 24 193 48 45 39 42 33 91 150 56 28 24 16 16 165 49 66 109 24 22 125 115 41 63 83 36 28 81 36 15 117 48 51 49 50 85 87 59 118 62 74 70 28 38 30 44 129 150 9 91 44 115 197 105 52 42 106 53 75 102 20 101 89 79 16 144 53 60 91 71 73 108 33 92 106 120 60 0 24 78 20 131 63 28 3 28 34 198 119 14 88 79 30 9 24 80 6 99 54 1 126 121 38 8 88 48 22 24 101 56 4 37 91 17 26 110 56 0 205 35 114 140 61 134 108 82 112 0 49 54 229 9 159 28 144 12 48 75 80 14 53 40 40 16 90 34 51 21 16 0 40 24
45 18 80 109 0 0 90 49 121 167 110 25 10 43 190 183 34 15 34 44 81 113 93 0 43 9 119 56 69 12 0 57 12 72 70 19 25 0 7 63 9 0 87 67 7 14 78 135 21 31 45 154 51 0 75 18 0 94 27 143 40 0 75 71 39 72 79 54 110 57 68 31 72 60 24 28 0 58 72 111 63 13 0 66 100 27 11 81 18 105 48 31 12 93 215 61 41 72 17 60 49 91 30 25 28 46 56 109 32 49 10 48 36 87 75 88 8 81 10 9 2 63 31 73 43 40 24 6 36 0 9 16 9 0 28 61 30 71 20 36 103 25 21 48 110 56 48 0 7 47 118 41 0 40 44 31 40 74 110 132 12 141 74 47 48 101 43 33 72 33 45 67 30 0 69 36 39 90 83 81 57 24 124 81 0 24 18 49 13 72 18 81 124 36 24 113 34 85 80 46 110 121 76 80 35 32 0 63 0 62 65 67 0 32 55 81 73 27 8 193 80 88 32 8 45 62 57 72 27 50 78 106 0 0 4 109 0 51 1 118 81 54 86 50 142 22 18 48 16 76 67 106 73 0 0 28
0 31 74 48 28 107 86 32 6 88 123 30 87 45 37 104 158 13 69 87 66 33 36 63 164 97 100 1 186 75 0 131 69 23 84 42 61 28 15 51 4 45 32 6 12 55 81 126 147 51 60 21 9 39 93 42 61 58 26 63 28 41 33 12 55 28 9 135 72 32 88 93 38 23 18 9 0 91 47 82 27 0 0 163 30 9 0 89 11 69 54 0 0 8 127 38 42 72 145 127 4 10 31 144 85 63 42 133 0 12 56 27 54 21 88 54 7 111 19 153 74 9 23 12 54 121 146 6 58 5 62 29 5 7 4 12 54 65 27 49 73 66 41 7 16 154 90 4 62 54 34 77 21 25 25 14 66 96 106 137 77 181 56 147 4 34 93 91 9 0 8 180 60 21 23 0 117 109 43 150 36 42 40 8 69 21 9 99 98 97 39 12 265 17 102 46 91 108 40 108 48 75 0 35 22 3 16 67 54 28 91 0 47 27 46 116 89 43 42 30 170 202 0 32 76 111 178 142 25 138 0 16 72 65 57 39 73 48 85 17 35 118 40 21 39 54 0 44 8 28 0 37 65 62 34 65
117 16 72 12 54 0 67 12 77 24 80 81 31 36 48 51 0 36 37 174 42 8 243 17 108 35 90 70 35 16 72 0 72 107 0 18 36 12 3 0 42 66 88 141 0 119 14 223 198 14 25 64 42 94 15 40 22 162 0 105 84 91 27 14 168 63 63 63 90 28 9 4 18 20 21 88 0 82 48 42 8 53 22 53 27 0 81 63 94 54 12 0 61 27 43 77 12 6 102 144 0 0 38 18 32 0 0 10 84 40 12 80 0 54 33 99 0 0 141 0 45 63 4 0 36 150 0 52 47 59 84 26 31 0 0 72 71 27 79 90 22 0 73 6 63 157 120 59 46 36 58 72 0 18 0 9 33 12 10 87 12 4 81 117 35 2 93 0 32 38 4 0 18 56 60 42 76 0 16 16 54 63 0 75 135 42 82 23 202 0 117 49 55 50 10 142 79 0 0 10 0 48 0 10 0 133 138 55 72 30 6 32 63 45 0 0 74 51 2 135 25 0 8 0 28 36 32 135 2 36 46 47 38 8 121 60 3 0 0 79 139 35 68 0 12 108 51 15 18 0 86 20 27 67 5 54
30 37 61 89 63 86 74 28 0 120 45 47 45 49 75 48 102 9 82 108 8 88 69 12 0 80 0 27 70 16 76 36 32 16 106 26 22 0 27 14 18 122 44 140 93 23 61 57 47 24 21 36 15 6 96 40 128 38 17 26 64 11 101 127 91 25 33 20 88 0 4 114 27 0 31 46 0 46 26 118 86 19 25 50 94 166 0 77 33 0 24 1 67 40 40 90 66 45 108 0 104 105 56 19 70 94 18 80 8 114 44 60 57 74 69 22 96 16 81 121 76 72 0 0 28 121 60 14 57 14 36 46 102 18 0 79 45 96 61 16 32 35 45 0 94 16 0 0 34 56 108 41 0 95 8 56 126 0 18 76 6 46 56 29 26 43 94 79 0 105 30 9 33 35 6 45 142 164 45 63 27 27 0 30 65 15 36 45 16 97 65 85 80 2 139 92 6 14 48 0 51 48 16 55 83 65 10 0 194 94 44 0 40 18 94 132 0 47 48 163 73 28 142 51 44 18 60 42 0 12 0 48 10 55 63 63 92 14 0 6 99 29 18 32 41 64 2 91 53 42 43 21 5 4 40 29
56 37 62 58 0 0 104 66 84 7 56 54 103 56 96 81 91 4 27 82 34 8 80 72 66 9 0 47 43 68 14 99 186 25 84 102 70 225 0 59 29 63 49 24 0 6 32 146 114 0 29 98 61 69 0 0 111 3 49 52 43 12 105 0 60 0 12 0 97 62 142 10 42 12 0 12 72 127 49 83 24 66 18 0 0 59 52 0 0 105 75 0 18 32 140 182 156 134 103 25 20 26 56 0 36 107 111 30 142 138 118 3 126 157 35 45 174 118 36 0 24 99 27 3 120 52 0 60 104 48 108 89 16 99 58 0 0 5 24 12 146 0 218 60 54 114 6 57 88 94 54 72 24 0 0 40 99 50 22 54 0 50 66 163 0 71 9 114 0 80 45 3 0 27 63 100 32 0 133 0 84 84 8 63 38 63 86 82 0 51 51 30 20 24 178 48 28 39 83 116 0 35 48 0 44 0 75 31 0 72 35 16 146 21 76 62 38 59 0 162 80 13 111 84 18 93 129 0 75 8 206 184 89 27 132 48 20 30 0 74 92 60 0 24 27 48 10 43 63 22 56 109 27 50 59 44
43 48 52 75 111 8 54 0 54 122 34 35 39 4 58 28 81 0 0 56 8 75 66 63 42 18 16 65 28 53 0 62 85 115 72 106 13 0 2 40 18 33 40 0 50 90 64 113 130 82 0 42 0 0 28 55 41 66 17 54 44 96 68 62 0 5 74 90 51 44 79 56 8 30 6 51 12 55 43 36 0 45 0 147 43 81 28 46 52 16 152 63 41 62 66 146 43 49 35 58 81 54 16 64 42 3 0 100 22 15 148 174 18 59 82 64 74 58 143 6 97 0 0 36 45 76 8 21 46 33 4 108 75 56 32 42 101 64 133 64 59 0 67 89 46 83 71 48 44 56 0 12 36 0 37 29 148 74 173 72 3 201 38 58 65 3 0 119 32 81 25 89 41 78 45 0 18 89 93 56 70 24 3 117 151 0 37 40 98 18 147 12 20 40 19 24 58 2 121 58 15 80 48 14 50 99 0 76 46 99 49 18 0 93 73 52 27 24 63 45 12 85 0 4 47 117 145 52 42 30 130 12 0 97 6 0 75 99 37 118 44 67 15 0 56 44 0 22 64 14 0 12 0 54 18 16
81 149 48 26 72 9 28 9 63 75 81 93 41 9 43 133 99 47 24 14 48 91 64 8 90 81 66 49 90 164 117 24 7 54 39 85 165 14 12 107 76 153 96 159 9 31 58 94 54 63 30 32 36 27 85 42 39 26 77 12 39 21 24 115 0 124 32 0 40 32 72 103 29 56 18 132 87 73 108 20 0 0 53 30 79 36 42 44 64 48 35 44 112 61 48 153 63 13 219 70 35 0 60 90 151 135 36 109 54 56 16 144 63 97 196 0 42 0 33 56 93 52 16 4 75 129 45 104 130 56 95 141 130 0 5 142 35 93 28 72 210 117 111 11 74 104 40 39 133 136 71 69 23 9 2 36 165 139 20 8 6 22 123 32 0 0 121 41 24 100 28 20 79 9 20 24 174 54 41 79 57 86 0 28 48 28 65 79 162 44 48 81 72 13 222 14 87 81 0 31 0 37 36 148 96 155 32 36 139 64 0 0 32 106 6 159 6 17 30 72 43 74 184 35 218 76 68 64 45 38 33 25 76 81 40 97 45 39 24 60 86 107 38 40 32 117 3 46 54 103 8 4 16 144 129 44
0 111 45 15 24 24 50 0 30 107 33 0 32 94 57 34 49 85 10 15 188 173 39 64 36 0 96 34 38 63 9 66 52 83 18 116 14 140 29 88 70 30 25 37 46 38 29 111 51 232 37 89 30 60 54 24 57 73 67 61 58 46 20 20 81 46 0 20 52 0 72 157 24 0 15 48 45 75 147 71 20 75 14 19 113 63 22 51 0 144 54 30 0 74 105 56 18 46 36 18 99 16 44 50 65 61 112 70 32 60 106 8 15 18 0 99 14 35 32 102 6 131 70 58 0 60 45 52 60 20 32 82 47 0 0 28 8 132 31 249 60 15 80 5 40 102 72 41 97 24 30 0 32 26 56 0 94 98 8 109 51 140 80 140 76 96 61 25 103 0 93 56 0 55 45 15 39 7 55 68 105 0 0 33 25 76 0 37 4 19 36 58 55 6 48 0 40 3 77 15 110 73 54 116 109 51 15 79 31 25 150 68 40 35 5 137 28 0 92 127 15 85 100 72 4 86 32 137 66 0 36 30 99 8 0 57 50 12 40 0 81 36 4 65 93 5 51 15 40 92 8 92 33 90 75 98
54 4 0 53 0 105 18 62 0 85 59 18 39 78 76 8 13 0 0 103 14 0 72 56 0 84 95 44 36 46 11 0 68 178 30 184 80 76 21 0 64 0 76 0 0 26 63 91 32 0 0 76 0 0 40 0 18 120 27 113 12 61 94 28 85 36 56 50 0 0 27 30 80 49 0 64 24 56 24 0 21 0 0 63 0 53 89 36 27 0 91 20 8 78 158 36 113 28 28 36 26 0 71 0 5 89 24 56 40 20 0 137 57 0 10 126 20 20 49 23 25 15 0 0 30 8 26 149 0 39 6 0 4 28 44 9 0 25 9 84 0 25 24 39 0 42 0 117 0 136 116 91 28 9 49 192 73 55 22 48 59 20 73 68 0 27 88 0 46 56 0 36 71 32 55 40 44 0 56 104 0 0 20 33 39 10 0 25 96 64 108 66 92 0 39 160 16 20 20 10 63 33 6 8 61 30 0 96 15 0 111 24 27 4 35 21 0 4 36 116 41 15 21 37 52 69 94 9 0 41 135 0 27 9 32 0 11 0 105 15 36 69 104 78 27 48 31 49 95 20 210 33 23 0 16 37
0 18 25 0 22 20 69 44 24 11 36 23 0 0 86 88 1 85 9 90 78 0 0 59 0 6 42 3 134 79 0 80 0 36 0 29 18 144 0 73 47 76 94 41 16 15 25 39 152 36 0 0 5 4 48 39 106 19 27 13 87 111 36 24 8 138 27 0 78 26 60 18 89 34 65 59 37 0 0 41 27 24 39 0 0 67 0 81 67 45 20 72 16 29 62 141 28 87 6 32 0 8 161 67 107 0 4 51 102 39 0 32 100 32 125 0 0 23 12 89 56 62 35 55 20 25 29 21 77 3 91 18 18 13 20 54 88 30 49 75 8 0 137 22 0 20 109 27 0 75 64 3 20 0 86 53 34 43 14 25 49 20 107 52 0 86 45 44 14 0 28 9 63 2 65 35 53 8 81 42 14 22 0 24 18 81 45 2 24 9 175 75 83 19 23 52 30 6 82 24 44 39 36 32 52 68 73 11 73 18 167 44 0 59 103 30 74 82 70 29 54 19 40 3 14 59 39 10 81 104 105 41 0 40 58 72 111 78 0 21 69 78 4 0 0 13 28 76 78 10 27 15 27 4 2 36
0 60 190 38 45 48 105 7 61 179 95 77 81 51 32 205 86 82 46 112 6 24 8 51 136 101 77 118 75 22 14 96 73 108 33 36 82 74 0 42 0 104 62 3 79 24 91 44 26 0 13 93 29 0 33 32 107 128 19 20 12 76 67 82 114 54 136 86 54 28 70 76 0 117 45 40 18 56 62 162 47 91 113 220 24 45 49 75 116 42 48 67 84 31 204 84 7 144 36 73 19 60 50 96 0 144 9 142 101 0 147 24 34 136 118 106 123 45 146 120 0 32 94 7 75 142 80 89 159 0 9 55 27 72 31 43 36 87 65 52 32 111 86 168 120 63 131 172 0 18 17 107 0 102 21 67 36 0 71 18 75 163 87 130 148 203 55 66 63 0 127 75 74 154 84 0 81 0 77 58 177 24 77 16 63 48 23 73 37 0 12 21 134 14 24 92 18 102 70 147 48 64 7 45 129 120 142 78 0 153 35 63 161 0 73 102 114 13 50 18 87 118 89 141 0 110 99 102 83 25 82 82 47 9 72 49 109 20 117 90 18 135 92 18 4 158 18 96 149 35 108 91 59 0 0 108
26 24 0 27 53 3 56 0 10 45 0 125 0 0 6 45 81 118 39 57 0 44 81 0 4 56 29 51 0 72 0 0 24 28 9 70 39 100 1 2 0 26 0 45 12 24 30 125 64 99 18 59 26 25 24 51 67 36 115 83 15 28 6 25 135 30 12 36 6 52 97 6 32 29 0 36 11 67 18 46 49 63 28 56 48 63 14 48 63 32 0 3 63 0 107 120 50 122 12 73 0 0 59 33 15 174 0 63 16 58 46 82 24 4 81 38 53 0 8 0 40 56 25 0 34 176 20 54 0 49 0 58 22 0 54 41 48 27 76 28 120 40 4 46 20 122 0 63 10 66 85 77 8 63 79 24 128 32 40 59 72 85 48 0 33 36 141 0 49 38 46 18 30 90 34 63 128 81 0 35 21 105 42 12 61 0 54 12 36 61 155 5 8 32 36 68 10 65 0 83 62 0 24 51 38 12 26 130 0 123 78 7 72 74 36 58 56 20 45 28 18 75 18 85 70 54 86 16 29 54 38 130 32 0 0 71 55 27 34 30 65 35 91 40 81 8 12 56 164 0 133 12 49 40 40 89
42 34 176 27 18 80 68 132 88 43 107 104 30 0 22 26 0 135 3 88 226 32 135 56 43 39 74 132 144 56 67 25 78 0 115 88 104 168 0 22 24 48 57 52 28 76 23 54 121 6 16 124 67 101 120 46 89 146 55 79 34 96 28 112 25 135 114 36 98 48 51 63 84 49 66 56 120 48 104 0 10 91 14 162 65 28 129 156 88 48 56 134 66 40 224 94 91 102 41 119 36 27 79 140 178 165 0 5 48 178 32 117 39 78 51 144 75 80 87 48 90 48 0 87 18 173 71 67 98 72 72 10 14 72 32 63 78 66 70 27 59 8 233 0 73 148 168 146 19 98 132 144 20 16 88 79 137 30 48 31 22 110 227 75 57 56 96 153 60 78 0 51 32 64 0 68 12 179 14 114 113 79 35 66 62 18 6 63 166 89 126 52 24 16 136 46 33 0 164 16 0 237 16 16 142 142 67 88 62 60 91 45 87 0 88 61 15 0 0 80 4 178 20 108 63 158 79 71 157 32 128 27 1 72 27 111 18 42 85 12 42 104 16 50 42 0 67 16 135 24 96 48 0 19 70 76
15 109 32 98 3 0 78 122 56 39 163 136 36 23 45 93 169 51 22 209 63 122 46 34 103 49 15 70 41 12 35 61 14 116 100 102 0 121 72 21 0 36 53 71 1 68 78 20 139 0 79 103 68 0 0 22 74 64 53 8 103 3 33 3 0 97 51 120 0 28 15 53 0 6 20 69 0 103 0 127 87 0 48 66 19 95 0 95 65 109 6 69 11 41 94 76 25 129 123 19 17 44 100 15 81 163 113 155 25 40 70 57 32 138 154 0 146 114 119 52 18 71 5 0 62 75 0 0 115 0 41 95 52 21 63 4 0 72 72 32 0 37 68 14 12 53 63 12 114 46 177 24 28 15 93 73 101 81 59 33 17 183 54 75 99 20 155 62 40 45 16 0 47 71 68 81 133 45 16 25 47 87 103 196 67 12 21 0 32 63 174 98 36 17 25 101 40 63 61 108 114 171 19 18 90 48 9 21 94 175 0 57 7 118 100 45 0 60 125 67 31 36 73 12 83 0 84 15 13 111 108 195 0 32 135 187 69 49 0 43 63 12 24 36 4 79 0 100 85 10 124 0 30 101 40 98
10 33 14 12 0 50 22 71 70 65 93 3 104 68 47 89 0 3 0 107 54 111 16 72 54 64 86 27 103 82 39 122 117 117 73 8 0 89 10 68 50 48 80 15 54 21 60 12 21 82 48 39 29 88 49 0 131 46 25 21 71 56 82 73 81 25 27 27 23 73 56 82 37 98 33 77 81 93 0 16 12 42 36 46 99 0 48 60 42 102 43 3 37 111 132 100 137 26 6 10 0 14 77 33 47 70 48 56 30 21 6 3 12 28 35 24 8 34 71 16 64 0 57 6 100 30 42 30 21 59 36 24 57 27 78 123 10 32 35 0 70 4 45 31 80 81 78 0 119 106 94 45 45 0 18 84 113 175 11 4 22 46 58 93 11 0 55 3 0 46 85 123 102 30 18 90 56 43 35 184 70 99 45 27 22 17 141 36 52 0 96 22 18 89 68 18 12 0 0 12 22 0 6 126 63 74 56 67 36 69 106 0 105 69 130 52 122 18 33 0 107 51 47 20 103 136 229 41 13 89 0 36 66 35 84 77 31 56 0 16 33 0 30 61 72 42 45 16 93 14 106 18 17 9 18 59
81 52 72 0 92 45 109 91 61 105 30 111 107 107 76 196 99 142 92 294 0 151 80 10 0 186 131 57 73 117 105 126 112 198 186 210 32 166 0 7 209 138 140 143 54 87 144 71 141 186 66 54 56 67 152 37 100 56 93 48 203 110 63 54 198 110 99 69 45 154 143 120 105 98 24 48 54 93 84 38 35 120 8 239 22 192 64 178 0 103 30 46 31 52 171 205 129 104 106 64 53 27 104 76 42 124 129 73 92 29 53 32 70 173 120 97 72 137 42 42 7 86 133 49 125 81 20 10 128 117 50 100 97 42 121 131 108 76 16 162 22 90 182 75 217 136 149 131 190 274 116 216 105 197 45 0 68 191 194 80 46 212 95 97 27 190 64 30 14 251 233 81 80 26 51 89 149 5 144 243 54 150 0 186 68 54 156 30 160 30 60 60 58 56 127 79 32 123 87 32 98 74 18 8 60 104 84 96 111 0 100 111 166 58 147 150 187 101 135 49 37 76 45 56 196 208 136 143 48 20 72 37 37 66 155 117 95 93 150 31 122 137 42 144 157 42 51 118 88 79 158 28 85 18 58 103
85 124 0 75 32 64 112 70 130 123 75 119 40 44 139 115 177 52 27 111 128 52 39 95 103 6 110 131 81 42 39 96 72 223 7 110 0 68 0 48 60 28 45 73 33 184 116 81 90 69 0 40 0 69 17 56 21 135 172 107 62 90 8 90 122 127 118 260 121 207 0 109 12 52 27 18 75 148 90 56 67 72 24 174 63 32 18 90 108 113 72 85 126 0 144 0 50 83 18 117 102 46 63 16 54 27 120 22 92 62 153 12 79 22 106 4 92 43 278 44 40 35 81 0 42 11 55 40 87 0 85 99 57 0 62 74 64 205 91 206 144 12 60 72 66 370 132 121 79 76 36 126 73 112 76 69 22 0 242 117 48 91 141 99 162 149 94 109 132 37 35 56 189 40 63 129 126 15 32 40 153 198 91 180 63 144 209 33 8 75 135 30 55 90 33 88 158 34 45 176 45 159 8 10 180 87 36 84 46 113 182 47 81 81 16 92 42 27 199 116 151 5 171 16 59 54 30 46 18 74 88 168 42 54 81 131 61 18 161 45 63 78 8 99 155 147 147 0 132 44 145 143 7 27 40 24
16 63 65 1 16 48 109 0 6 35 18 100 154 16 36 130 70 80 29 126 52 6 0 0 70 4 4 14 103 29 99 84 30 48 24 46 49 67 0 27 49 5 32 88 67 0 7 101 25 48 2 18 73 24 0 18 23 71 140 49 120 83 50 16 49 20 36 28 69 24 90 118 12 28 0 0 81 116 52 57 70 7 32 108 83 63 0 30 7 51 6 0 74 6 77 21 68 195 25 22 10 166 12 29 28 198 18 170 50 1 28 72 16 71 99 0 89 76 12 98 63 67 50 0 0 63 0 63 76 0 10 14 11 7 0 85 64 12 142 79 132 35 99 32 122 51 32 0 89 53 81 73 40 69 1 63 120 0 81 152 1 15 71 51 56 114 175 90 0 4 118 99 18 41 39 63 161 6 0 0 60 0 62 142 61 0 113 38 49 94 147 86 43 16 22 14 12 0 98 86 100 95 0 0 37 60 53 46 95 198 56 45 60 108 132 147 77 58 62 42 56 59 70 64 42 38 77 36 41 77 48 40 40 64 0 87 30 38 36 37 136 109 35 70 56 6 7 0 224 32 93 36 7 40 12 131
92 88 20 81 97 19 71 46 41 36 65 45 8 28 94 20 0 2 0 102 74 48 59 0 71 27 56 74 16 125 3 122 227 105 101 145 78 0 46 92 92 3 100 14 32 21 100 112 90 189 65 66 0 135 50 19 75 206 34 8 66 71 42 126 44 236 53 45 191 81 76 17 65 73 9 72 0 133 50 123 20 20 0 105 80 105 137 46 0 35 61 60 89 24 73 142 50 20 114 106 75 94 33 32 86 56 16 160 0 79 43 84 28 0 111 42 76 32 76 121 8 188 45 8 13 80 3 67 8 95 59 81 21 0 48 0 79 128 40 111 28 56 117 22 13 50 66 36 72 56 20 9 38 37 63 81 77 118 21 16 12 173 49 65 37 53 37 21 203 122 0 138 73 41 9 42 0 8 81 109 45 42 17 41 65 81 66 0 0 46 107 99 20 57 96 0 102 9 76 57 31 124 4 177 95 151 35 42 46 54 43 56 27 148 39 135 58 136 95 15 50 41 15 0 61 4 64 117 63 40 33 9 73 31 27 114 117 6 32 0 113 57 90 79 36 68 21 30 18 23 65 100 44 32 43 57
31 101 138 21 36 198 0 85 10 50 101 120 15 24 54 60 69 107 17 135 117 80 130 61 0 18 8 43 0 101 8 52 136 124 108 20 63 83 45 78 102 104 109 38 72 20 66 58 0 25 18 118 23 22 0 69 0 197 57 84 6 26 26 14 123 2 72 25 53 0 26 68 102 9 0 76 69 75 0 91 89 67 12 84 118 40 38 23 0 7 32 65 27 16 212 79 60 136 230 116 24 12 10 34 82 78 81 93 50 57 68 102 12 63 106 72 60 35 111 111 20 58 148 6 77 337 32 25 74 60 0 15 46 46 68 150 0 107 45 23 80 94 57 128 200 99 118 156 46 12 92 58 16 0 104 61 48 5 0 38 4 122 45 162 35 80 55 58 74 44 17 0 33 59 48 72 81 92 47 0 83 76 20 60 95 32 56 128 91 176 44 39 0 64 8 54 15 65 0 78 0 30 32 0 20 19 4 171 20 72 26 42 70 46 282 141 35 16 71 56 2 66 147 8 6 101 80 15 17 66 40 89 1 20 42 24 67 45 42 4 12 126 84 62 30 80 31 136 67 162 81 103 103 7 43 104
0 28 29 10 0 18 0 0 52 43 0 8 10 42 0 120 113 18 40 18 31 37 33 36 0 70 4 7 4 40 0 63 0 34 63 7 2 16 0 21 40 65 4 146 20 18 87 8 8 81 4 21 2 52 32 0 10 16 0 0 63 56 70 107 0 30 12 0 35 6 0 52 52 16 0 0 9 80 0 5 0 81 6 24 0 34 30 54 49 31 0 0 15 50 9 0 1 2 0 72 50 20 109 1 49 67 28 0 42 3 0 0 9 0 0 29 25 18 0 25 10 2 59 4 12 42 0 7 36 130 2 62 21 2 7 46 6 10 17 8 54 19 48 45 42 73 35 9 35 16 66 50 6 49 34 6 63 42 8 92 7 4 94 14 0 47 0 15 12 80 24 40 7 20 22 16 38 28 22 127 27 144 19 32 0 0 105 0 8 24 12 14 8 0 57 12 18 11 0 0 18 78 40 28 30 15 0 28 5 43 8 36 67 0 4 67 7 38 0 42 67 0 7 0 68 79 49 38 7 12 14 0 40 18 89 18 45 32 0 24 63 50 6 88 0 12 0 24 14 44 59 0 26 0 54 10
51 0 4 0 3 0 23 27 18 18 78 0 0 125 102 57 0 107 45 123 0 36 120 20 39 0 29 0 45 5 0 56 21 111 36 78 36 0 25 8 0 25 38 9 5 0 27 57 63 0 40 27 0 16 0 45 74 0 40 17 5 89 22 80 102 24 20 24 114 77 67 47 0 24 3 157 9 35 81 69 20 63 36 0 2 0 6 0 0 54 9 0 27 0 72 130 29 24 25 69 0 18 6 0 10 51 0 23 0 20 10 54 40 79 0 0 30 35 27 72 6 6 0 25 0 18 6 43 97 0 27 91 0 14 68 30 63 42 48 90 0 92 115 0 50 90 0 16 61 72 103 42 18 5 35 0 10 63 3 0 119 21 0 6 5 84 57 45 12 18 24 23 50 18 81 0 47 20 45 10 0 63 0 27 65 0 0 0 0 72 66 40 16 24 53 5 21 106 0 73 18 30 0 0 33 45 5 9 45 0 27 36 0 60 106 2 0 33 45 0 25 5 81 30 20 35 102 75 121 23 27 197 0 2 0 0 116 0 0 3 106 0 0 0 126 27 30 20 15 22 35 15 61 74 0 0
48 152 108 35 80 9 67 38 64 84 121 183 18 92 55 136 106 0 72 40 58 98 9 0 64 107 0 37 126 188 150 131 180 89 78 121 0 3 1 96 183 237 66 28 156 71 64 77 98 194 24 12 113 81 45 49 70 131 179 7 24 68 105 41 0 49 78 36 72 108 149 149 67 11 114 84 90 59 72 83 52 0 96 17 27 24 39 105 47 48 75 126 71 81 67 198 63 79 209 57 159 107 107 26 142 50 127 104 112 29 150 72 78 8 212 53 58 69 83 125 69 0 36 55 106 44 52 97 120 24 42 105 96 63 9 74 87 114 21 111 8 95 36 7 99 40 122 183 0 15 14 126 113 112 139 41 49 9 36 156 38 103 182 48 72 27 136 92 51 120 48 37 100 37 35 138 148 55 93 0 120 18 9 57 78 88 10 68 115 70 56 53 129 21 140 0 89 114 152 100 89 14 92 21 135 224 42 24 6 48 63 169 30 169 22 57 49 75 10 27 30 180 87 36 84 39 61 0 92 64 33 81 20 159 16 99 90 18 121 68 22 84 89 81 92 29 40 27 66 152 96 164 85 27 74 20
56 54 80 0 7 17 15 0 132 121 63 63 12 72 50 35 81 22 6 230 2 61 30 72 36 3 128 0 81 97 57 76 110 0 15 42 92 109 0 88 128 15 69 84 27 36 41 149 66 143 15 63 47 27 0 27 48 42 140 104 30 17 71 51 209 139 20 81 83 0 138 127 0 120 0 49 82 53 0 109 0 25 30 15 0 7 82 161 60 26 101 92 114 87 72 116 116 87 33 77 4 77 109 78 102 20 88 16 86 102 40 93 27 14 50 0 0 25 7 49 71 48 70 54 72 77 43 150 0 45 48 0 189 51 127 42 18 134 43 280 25 20 21 103 9 133 91 144 70 45 109 230 0 0 18 51 133 68 80 13 83 209 171 45 46 64 77 9 114 68 99 36 82 45 105 63 102 50 24 80 79 69 72 215 25 94 73 62 100 14 72 120 12 77 211 42 179 65 6 30 57 159 0 63 110 58 0 77 18 47 116 35 0 0 90 62 0 59 72 18 15 162 111 5 4 88 257 39 38 165 139 55 64 72 36 21 111 15 57 113 159 68 29 85 109 36 55 4 0 71 117 52 10 0 77 24
5 10 15 44 96 92 6 63 14 0 0 46 21 53 96 27 36 63 55 0 99 4 103 72 146 0 44 72 18 122 0 91 135 66 27 171 8 11 72 85 31 48 83 63 21 106 10 23 27 39 12 56 67 35 39 21 16 94 76 28 35 9 95 42 0 42 0 82 224 28 0 33 97 20 0 0 0 104 30 45 34 0 3 45 141 81 16 3 37 86 86 8 117 40 73 98 35 26 0 215 122 97 152 62 83 64 105 115 64 6 15 109 31 73 81 45 22 0 72 57 153 81 45 42 6 9 34 56 49 39 9 88 173 0 138 12 22 92 52 56 61 49 15 30 14 116 117 40 20 28 87 21 90 0 0 70 177 63 52 28 61 21 157 157 70 32 63 19 38 16 0 179 62 109 74 0 66 89 27 25 104 0 10 176 81 13 0 26 32 34 180 132 28 20 0 9 43 82 0 54 46 90 0 14 101 14 0 74 0 124 27 84 45 8 61 58 52 81 102 42 139 90 116 145 36 83 185 98 18 0 139 54 0 35 81 18 74 5 43 231 102 152 55 107 18 0 0 42 44 70 44 48 6 32 24 87
0 70 72 0 0 21 0 0 0 77 12 102 29 58 0 20 1 21 0 26 40 42 0 27 120 2 36 0 0 38 39 16 38 28 35 10 10 66 15 138 0 81 0 54 27 8 0 52 52 4 20 90 91 0 0 0 110 0 18 65 0 77 114 73 77 0 0 8 21 36 0 67 49 8 63 0 0 16 0 103 6 0 109 2 94 56 40 112 0 66 0 0 36 5 10 54 46 14 80 48 64 18 100 32 63 26 45 52 0 83 21 27 2 23 98 0 0 28 32 116 82 54 66 3 6 5 7 0 50 30 0 48 7 54 0 11 12 15 16 18 16 87 0 0 32 0 129 72 0 10 68 18 84 4 27 0 31 30 22 92 18 42 93 145 2 16 120 46 0 27 76 102 48 82 117 23 2 45 0 91 63 0 10 86 93 68 0 110 0 78 4 31 63 0 26 85 0 56 28 24 0 52 99 30 108 12 128 12 0 6 97 12 8 0 70 68 61 36 12 100 116 54 43 43 104 16 134 8 8 0 0 21 16 0 0 99 0 0 52 14 30 39 66 40 0 0 0 24 6 70 63 147 0 25 0 37
6 90 74 28 66 0 23 57 24 39 56 60 24 0 37 136 115 14 27 0 67 76 144 69 18 42 14 15 0 66 0 85 67 24 17 69 30 106 1 21 42 89 83 56 73 46 18 6 69 35 32 21 0 27 5 32 27 114 55 94 50 66 0 83 9 63 52 129 0 18 75 60 19 3 63 50 0 58 41 41 57 56 32 41 35 71 50 12 100 45 40 35 12 40 105 108 58 35 161 34 103 9 5 13 18 48 27 64 68 103 84 59 91 27 76 62 40 38 56 0 18 9 70 11 52 80 0 4 6 70 56 19 16 45 64 79 43 167 73 160 28 0 63 1 15 125 36 108 20 123 155 42 73 0 95 22 35 72 64 183 18 115 140 33 85 62 61 52 56 105 16 104 42 46 135 72 85 8 45 32 18 78 0 0 133 104 0 0 118 0 54 21 57 48 0 90 114 53 142 37 64 46 0 47 131 84 54 16 48 84 75 25 68 9 35 73 46 38 24 64 0 62 65 5 32 92 54 100 43 33 42 32 25 103 41 18 6 15 91 61 37 47 15 112 54 30 6 30 96 63 0 27 45 90 24 53
48 18 0 15 36 0 127 8 117 0 54 148 42 0 67 112 43 84 93 123 0 0 75 60 0 5 36 0 76 54 75 36 30 63 22 18 68 39 0 72 0 58 72 64 24 73 40 276 54 81 71 0 19 141 0 84 0 168 137 86 104 141 42 46 141 41 109 55 30 80 119 63 10 0 0 172 72 126 1 80 20 0 0 0 21 0 8 12 72 5 7 42 73 24 0 106 70 20 41 164 27 99 0 39 27 75 0 8 68 0 0 176 72 40 0 112 54 0 119 56 118 0 0 0 78 40 0 52 99 0 18 58 28 0 7 41 49 0 49 81 44 20 123 0 43 146 38 40 16 56 36 8 124 23 146 0 158 12 10 67 56 36 71 40 0 54 76 0 9 17 0 20 8 68 88 0 18 108 16 105 5 109 45 100 126 18 83 5 72 27 40 45 51 0 79 101 0 35 108 83 56 63 15 27 72 96 21 76 0 49 12 144 0 119 72 49 0 15 0 133 25 52 0 100 30 30 133 22 0 22 7 30 0 70 32 21 81 15 0 135 64 0 156 15 25 92 8 0 28 85 82 126 26 0 0 0
3 63 36 12 0 0 27 0 93 0 18 87 43 0 32 182 98 116 42 108 109 48 8 21 9 0 28 28 16 18 0 114 0 12 10 12 24 87 100 55 0 6 56 36 72 11 5 6 43 16 0 32 29 45 10 76 6 84 13 0 44 61 77 1 42 12 175 21 46 27 129 51 33 19 60 0 45 53 7 24 16 88 48 127 59 0 54 66 36 56 27 6 38 24 114 88 51 76 52 105 8 45 34 49 46 40 42 90 30 24 16 18 15 84 51 80 10 36 14 76 143 58 71 8 30 162 98 28 59 21 27 21 104 49 91 86 75 40 6 0 67 155 60 64 32 30 118 103 20 93 2 12 0 9 0 0 0 26 52 56 120 85 4 193 0 47 41 5 4 24 24 117 23 135 44 4 35 0 62 116 15 96 6 156 24 15 7 121 64 102 27 0 74 7 84 14 0 64 18 87 31 70 0 4 40 34 0 0 0 116 96 7 131 28 54 32 37 0 119 54 66 14 18 145 14 79 18 191 0 6 50 32 7 4 25 0 64 6 55 0 76 83 193 16 18 39 0 34 7 22 162 8 6 25 0 110
8 20 89 18 64 3 25 33 85 27 70 0 0 38 30 75 67 0 39 57 41 64 131 28 66 68 32 52 45 64 40 114 89 30 30 0 0 18 98 0 15 116 74 27 4 64 0 0 0 31 54 53 0 1 49 19 90 0 39 46 6 5 20 25 0 29 20 12 66 17 39 125 51 6 9 42 6 30 9 5 114 0 96 102 64 35 27 6 44 0 2 0 19 20 176 20 24 61 100 84 0 10 107 45 18 30 78 35 0 8 20 21 12 64 24 0 4 0 0 47 0 80 161 0 24 148 63 5 0 35 10 20 24 2 49 101 0 37 16 154 104 0 16 91 0 89 173 0 26 16 45 48 0 51 0 21 36 97 0 7 53 40 68 96 16 11 0 0 0 18 62 30 34 14 0 52 8 22 12 81 0 63 61 28 78 24 76 45 161 0 30 39 0 8 6 32 77 101 18 22 40 73 34 5 0 77 36 25 0 34 9 80 0 72 60 118 20 0 0 0 63 34 16 27 48 108 175 99 5 10 5 54 74 8 25 86 0 30 4 41 112 87 7 72 0 12 30 110 4 40 0 94 18 107 12 12
54 49 40 28 7 6 0 0 75 18 8 95 51 44 127 14 99 0 32 0 115 14 133 47 32 49 6 18 77 31 34 124 99 80 36 67 0 0 24 30 84 96 5 121 58 0 94 114 18 0 12 137 12 37 0 36 75 8 15 0 0 46 64 62 46 103 92 104 96 88 0 69 48 67 17 20 63 76 14 4 32 63 6 36 99 77 32 34 44 66 36 0 102 48 66 62 173 133 129 79 8 0 73 30 97 61 36 16 59 168 2 27 28 3 52 6 106 124 80 36 113 72 73 8 20 114 74 18 26 24 44 70 85 63 30 40 30 2 68 50 78 17 26 20 36 64 8 90 48 64 117 46 32 99 4 16 151 30 81 84 67 125 73 67 12 83 63 18 84 77 7 82 156 20 107 40 72 72 30 127 69 89 13 0 58 25 63 34 0 86 154 11 123 144 55 63 49 122 12 54 42 108 0 5 18 92 4 114 2 49 121 64 109 51 38 18 0 0 49 78 128 98 71 40 74 36 42 71 12 73 0 57 26 54 203 8 135 8 0 37 8 41 33 20 24 56 0 49 49 22 0 103 63 40 45 8
45 13 35 48 34 51 4 140 60 75 0 131 97 18 36 64 0 97 90 41 42 35 102 51 48 0 54 40 69 154 12 177 68 65 67 85 37 81 66 90 54 98 64 50 99 56 35 103 97 111 43 0 13 27 82 14 0 180 83 138 164 40 112 79 112 42 29 88 120 36 209 60 22 33 15 144 153 147 25 86 90 4 0 109 0 79 18 129 24 115 61 35 48 22 92 27 80 49 60 120 72 18 70 89 50 61 60 102 34 8 103 191 173 20 36 40 36 36 77 89 84 99 19 10 63 168 77 62 35 8 40 35 87 4 120 110 97 29 103 27 132 78 72 121 154 320 107 60 84 36 56 108 58 24 28 9 80 160 27 85 53 35 82 76 0 62 27 109 20 48 176 122 162 20 12 37 28 63 81 50 66 114 71 115 133 54 195 9 43 0 3 90 68 51 122 27 46 107 72 93 66 48 100 0 76 22 28 96 36 61 84 12 139 70 4 94 60 78 112 64 217 36 100 53 146 152 122 172 38 97 4 123 33 72 108 120 100 87 166 74 51 92 90 100 242 42 73 76 203 10 60 127 59 145 40 34
63 109 72 20 54 42 104 24 88 273 111 83 27 32 15 234 102 49 43 123 44 4 155 21 84 12 116 43 63 53 111 149 7 0 29 79 64 148 20 55 43 0 64 126 42 39 88 171 153 34 40 76 75 77 54 110 108 51 0 63 91 65 59 31 136 27 63 56 114 58 64 136 22 108 21 87 9 18 7 0 0 0 0 70 155 197 10 147 23 56 49 0 18 60 124 99 90 35 107 109 138 20 79 57 121 41 38 80 42 30 22 75 0 63 54 10 71 182 108 121 162 70 0 68 56 82 121 6 67 0 46 51 13 49 28 40 81 90 79 8 21 108 24 7 40 41 16 48 27 0 264 67 0 0 31 0 97 73 73 101 42 100 30 83 0 31 25 108 0 56 6 105 22 35 29 60 174 109 111 228 23 0 20 160 128 36 71 92 72 44 18 72 142 61 108 196 42 116 63 0 0 124 0 83 14 97 74 62 45 8 102 0 146 24 108 132 162 114 70 124 178 71 59 59 86 24 126 93 81 84 13 0 62 44 102 90 48 12 16 60 113 15 44 92 48 78 25 10 0 0 102 32 23 16 31 48
0 1 64 67 10 56 0 4 27 10 14 0 12 0 8 0 0 27 0 67 0 72 8 18 0 19 102 12 72 62 35 24 80 0 0 56 195 32 45 31 0 0 74 142 54 50 49 0 38 0 7 82 0 63 0 20 82 16 0 20 44 59 38 81 0 0 41 0 7 2 7 99 21 8 18 24 86 73 105 5 27 21 35 0 87 0 16 0 12 81 32 72 2 0 80 9 0 37 0 68 32 21 91 75 4 47 0 40 0 15 28 91 12 35 93 81 18 16 7 18 0 174 42 28 0 0 0 86 91 56 54 0 37 48 4 56 14 39 5 33 24 49 86 6 0 30 0 8 9 15 54 58 0 0 0 38 112 42 25 5 5 87 68 63 0 0 202 66 0 20 36 83 127 0 16 46 72 34 32 48 68 9 96 8 46 71 0 49 40 0 0 5 0 0 49 26 0 2 0 46 42 72 8 23 6 104 42 0 4 79 36 38 63 42 92 91 7 0 46 42 76 83 57 18 6 0 65 66 0 36 74 63 63 11 69 40 0 16 72 3 65 10 4 24 0 16 0 46 78 14 28 7 74 0 42 51
63 134 112 30 126 96 58 18 175 78 94 28 81 122 64 141 72 87 46 66 27 24 266 60 267 93 51 53 84 95 117 63 75 200 17 20 45 128 0 8 14 102 72 152 55 63 30 124 130 58 33 72 4 72 67 100 24 81 23 20 152 82 147 18 50 237 92 185 81 174 49 96 94 38 3 147 27 33 9 43 45 161 3 230 165 87 8 84 20 54 129 52 69 12 227 139 82 22 137 228 0 45 15 54 60 78 81 5 74 74 68 12 184 94 99 79 51 39 25 39 149 69 0 0 60 8 84 36 134 52 24 9 164 0 54 12 86 68 17 45 103 78 235 1 40 299 54 88 5 153 71 43 60 9 150 146 292 0 6 123 61 130 6 72 12 151 115 55 135 28 38 40 129 27 40 111 156 70 38 27 63 48 61 17 0 90 35 74 74 96 136 0 48 32 158 35 6 36 61 66 70 11 0 87 125 63 33 27 44 62 79 0 81 72 36 115 119 9 32 81 42 90 83 41 0 88 95 112 42 69 159 45 94 126 0 0 109 44 27 67 48 42 95 105 25 111 54 73 70 104 0 13 51 27 89 60
0 26 60 49 3 45 189 0 24 93 39 100 95 56 56 39 32 36 25 26 6 64 48 82 33 57 48 36 4 83 31 35 89 62 51 160 80 9 87 36 16 60 0 31 8 14 21 13 70 42 32 0 16 0 8 4 52 113 43 112 12 82 65 0 1 8 96 46 100 11 92 210 0 88 15 0 84 45 72 134 81 0 6 47 26 0 57 38 0 40 99 59 90 0 72 167 121 3 131 153 16 19 39 60 14 35 60 41 42 49 33 34 48 31 24 44 38 82 24 41 40 41 0 0 24 44 16 126 41 59 18 7 99 23 72 28 8 88 10 154 78 8 94 165 108 75 0 144 8 78 120 49 8 51 20 63 105 12 28 64 73 61 87 84 10 8 17 62 8 108 97 0 72 46 0 35 73 56 20 17 58 21 0 58 84 16 6 23 136 72 2 122 36 0 106 73 15 68 33 8 118 82 46 93 63 29 42 96 10 0 7 92 42 14 72 62 0 48 36 71 121 71 64 23 35 76 89 48 28 15 83 52 42 10 60 72 24 104 67 76 56 74 0 112 16 62 0 118 93 52 0 65 72 53 4 31
32 144 32 36 0 0 199 6 10 0 18 99 110 99 56 49 54 79 189 108 0 97 35 88 56 112 0 11 10 91 67 97 35 52 146 57 32 81 18 29 0 9 0 75 70 17 7 30 135 40 21 81 71 0 30 72 108 93 81 2 48 102 15 72 36 52 122 18 4 48 81 114 8 18 47 0 84 153 170 127 112 18 126 90 58 0 9 56 81 226 23 65 54 64 149 90 9 120 99 46 52 89 227 63 87 176 202 64 69 44 0 63 32 43 126 44 98 20 252 0 54 147 32 18 0 63 0 28 52 42 0 67 33 63 64 20 84 64 12 21 224 101 114 10 39 162 33 101 0 113 152 49 9 27 9 0 133 14 78 44 93 113 147 18 68 158 38 135 0 117 60 101 108 0 99 4 95 0 42 32 67 108 68 159 21 72 180 0 32 81 82 97 159 41 75 6 50 15 117 124 109 75 8 14 218 0 81 150 16 126 42 72 192 106 64 60 7 14 143 72 146 10 77 3 0 165 87 115 86 18 36 30 43 67 157 90 40 33 20 157 12 84 32 24 48 5 5 35 56 30 24 144 55 0 25 84
70 14 48 37 90 45 172 7 49 8 61 15 85 37 63 175 79 0 27 221 27 19 45 24 76 77 71 80 51 107 70 187 86 1 51 4 40 60 55 126 56 106 0 58 29 40 140 0 84 44 9 27 174 159 0 35 69 122 57 38 33 24 135 52 36 62 41 69 110 164 166 90 71 15 0 0 114 165 24 94 89 56 5 190 56 67 33 0 48 54 44 49 0 79 113 63 21 62 24 57 39 147 64 62 3 115 134 77 82 137 33 31 0 96 148 0 33 12 109 139 204 156 36 27 55 77 65 87 112 19 176 67 80 24 0 95 0 70 25 109 54 0 102 63 67 63 154 102 83 76 108 148 39 45 26 81 35 36 122 17 21 54 18 46 17 31 81 47 12 17 20 69 12 18 114 56 166 59 56 102 72 178 0 132 18 0 86 3 25 70 136 131 175 139 24 77 101 98 53 94 50 1 26 5 72 78 14 79 81 45 205 43 0 52 32 185 38 193 81 49 272 18 224 0 45 22 180 112 85 90 0 78 81 47 28 20 166 30 68 30 172 70 190 102 70 52 0 144 34 0 63 69 34 0 52 63
25 30 102 23 32 111 80 114 73 120 46 12 58 68 16 72 63 60 48 95 94 0 32 36 27 57 68 86 94 109 21 60 18 22 48 29 113 73 97 88 41 79 106 30 0 106 82 53 56 126 12 61 49 35 68 12 34 87 67 0 6 87 30 39 0 67 114 24 129 9 12 38 92 48 9 9 0 15 68 82 0 40 120 30 165 0 57 81 27 78 72 66 8 45 82 33 104 117 96 24 0 18 34 115 62 87 155 14 18 13 45 95 24 45 48 58 31 10 139 63 63 0 84 0 86 159 91 47 12 15 94 37 20 0 120 80 14 14 18 234 130 28 84 38 14 79 36 46 63 36 6 104 69 138 56 120 189 95 6 2 157 66 79 47 39 149 73 47 0 78 0 32 177 36 15 45 63 70 34 211 30 84 112 61 27 48 18 39 52 89 54 18 100 0 36 59 80 70 87 86 9 78 30 45 93 87 16 95 42 32 183 66 27 0 40 0 139 80 18 0 106 77 88 66 38 78 112 142 8 55 57 30 125 9 95 33 17 42 9 31 93 158 49 60 3 0 16 86 18 36 30 78 102 127 32 123
12 87 109 24 55 30 90 67 175 84 59 21 76 30 84 105 42 7 41 51 0 96 139 12 56 27 170 74 108 26 0 111 27 102 50 15 26 117 52 57 52 45 43 8 0 20 75 39 71 57 18 30 0 9 18 119 90 96 22 2 58 62 51 125 137 154 147 54 150 32 69 41 71 46 0 0 63 79 40 159 24 157 0 157 8 165 8 106 72 46 191 61 132 23 89 0 99 85 66 108 83 36 24 134 27 0 15 61 10 6 99 53 45 161 68 16 80 56 7 22 90 217 87 39 51 11 24 118 47 34 0 0 89 0 159 145 114 119 0 71 5 86 137 97 6 90 89 167 25 154 18 103 50 93 32 4 8 75 46 15 9 130 87 48 2 214 39 6 126 96 36 57 39 113 50 26 45 20 83 102 0 49 95 60 18 63 16 27 155 18 18 54 24 31 66 71 12 38 140 32 95 55 73 105 37 2 15 54 18 141 56 81 50 0 100 74 79 40 111 112 39 125 53 0 1 114 111 227 18 24 84 56 79 59 28 54 100 68 71 54 114 142 93 16 96 3 41 66 9 83 69 78 44 96 33 32
24 0 0 98 12 0 72 49 135 86 12 35 14 64 21 138 53 91 108 83 74 127 0 0 10 43 52 64 71 73 81 8 76 86 147 125 50 9 87 70 24 131 72 76 108 94 14 201 91 77 60 16 27 81 41 0 37 180 260 31 83 136 69 102 7 57 23 9 158 70 102 190 46 32 0 51 72 12 18 89 0 0 84 35 89 12 36 108 80 149 0 0 62 120 102 61 94 24 41 12 48 132 48 14 10 25 32 13 88 7 66 44 150 96 12 80 98 36 110 83 109 0 12 23 66 84 20 24 120 59 57 24 18 9 8 111 23 98 11 52 143 50 91 39 27 148 90 15 30 42 104 9 0 40 0 21 99 36 22 27 15 137 30 112 204 3 105 53 0 151 12 79 121 59 114 94 30 149 36 283 9 27 18 100 67 69 100 45 8 34 159 198 117 24 153 87 32 63 148 150 0 89 113 21 95 26 0 45 56 61 161 105 5 54 6 0 64 121 16 27 53 3 107 63 121 80 91 34 21 8 0 56 28 27 54 53 90 30 36 163 135 79 125 3 104 30 0 15 24 15 55 78 56 72 0 77
75 53 56 0 24 17 10 0 66 107 116 77 18 17 51 136 110 15 35 85 37 57 55 9 160 37 28 9 54 14 0 109 57 27 49 89 1 20 41 24 24 42 4 15 31 3 69 66 60 41 67 132 5 34 7 46 37 76 59 9 109 18 87 32 35 37 61 77 134 49 102 65 3 14 47 48 0 106 26 147 0 30 96 35 57 99 22 91 0 72 104 32 41 20 105 142 50 33 144 110 53 8 124 130 113 11 144 76 56 42 69 139 55 7 46 35 40 86 75 95 123 135 20 18 0 30 100 0 45 13 24 22 67 47 53 57 36 106 12 60 15 0 48 6 55 62 176 11 45 0 87 38 9 9 3 0 48 93 10 4 74 100 83 181 64 83 14 32 28 122 17 90 39 93 27 16 9 7 57 109 74 82 25 172 80 108 26 48 27 35 12 95 126 45 195 3 49 13 45 31 3 41 20 70 134 25 27 56 31 120 22 62 8 36 56 124 0 112 47 34 72 2 37 84 83 8 104 137 8 0 36 66 38 0 123 119 94 26 66 66 0 12 94 35 15 59 15 19 27 5 47 89 13 24 118 12
64 82 2 43 64 47 85 58 117 53 179 142 67 71 45 70 106 134 2 268 103 102 121 0 228 140 113 37 24 91 84 135 48 108 117 109 63 41 101 35 142 127 16 192 82 86 55 48 122 150 115 53 76 63 156 119 17 157 134 26 119 123 100 84 89 24 69 94 62 85 197 98 114 30 21 117 0 150 48 80 0 49 74 76 3 28 79 114 59 156 48 0 37 73 63 6 70 74 42 212 78 86 94 99 27 15 42 118 135 84 47 63 14 3 77 12 103 6 78 50 144 0 84 52 172 145 45 153 37 1 79 56 83 94 103 42 48 43 62 154 0 76 48 10 62 232 178 145 57 103 34 126 2 157 61 106 81 63 14 107 105 20 17 244 132 84 137 36 48 108 80 150 42 60 142 71 136 5 48 133 53 149 108 116 60 18 83 75 74 62 88 145 168 16 24 63 73 75 116 169 48 92 78 50 105 60 85 6 37 136 163 70 35 183 89 30 89 92 97 44 150 32 157 39 79 130 79 14 150 114 170 66 21 68 0 177 113 9 59 96 135 88 224 0 70 97 42 68 44 0 177 29 22 169 16 121
56 18 212 32 48 72 25 0 76 90 66 88 28 42 48 234 50 81 72 114 38 81 14 102 12 16 43 34 18 6 76 140 48 56 85 4 76 213 8 50 64 96 49 72 48 4 62 95 64 110 46 65 45 133 132 18 74 82 16 0 47 28 81 78 161 18 6 61 83 64 105 16 32 0 57 20 79 106 14 122 96 133 56 109 115 81 56 122 56 99 40 71 0 24 197 134 21 56 112 113 0 54 30 122 0 76 21 64 54 88 70 108 106 151 153 2 85 137 54 96 158 175 48 48 54 89 64 0 164 27 104 18 0 35 42 56 12 9 9 40 72 82 94 20 0 10 108 120 12 42 111 48 8 0 3 18 42 81 94 87 48 49 122 115 73 124 167 84 0 116 63 197 30 200 0 52 99 110 42 79 3 24 4 152 68 56 6 104 8 44 0 46 0 40 166 0 30 69 45 2 30 58 54 39 0 122 0 138 72 78 101 0 114 0 0 136 58 142 54 155 146 13 53 0 8 16 151 223 109 3 81 27 69 48 24 107 62 15 40 97 30 108 52 69 118 92 0 72 0 28 0 6 14 0 0 122
92 34 0 56 54 83 148 68 41 206 16 72 125 89 221 141 43 91 0 153 80 103 83 3 71 0 27 18 47 30 8 36 0 50 39 120 101 24 16 24 35 129 105 60 7 149 101 83 170 20 0 45 40 113 20 57 54 89 8 28 70 43 119 18 162 154 41 165 76 48 80 169 14 71 46 58 72 49 149 107 50 65 24 93 58 84 117 6 1 65 41 95 119 39 158 232 83 9 126 81 32 4 64 24 164 119 73 53 56 174 95 162 97 91 99 128 15 154 44 20 152 98 62 14 22 10 60 84 138 82 47 86 145 28 54 14 75 84 69 84 95 90 153 8 184 174 72 0 0 0 222 99 117 93 47 45 109 87 36 88 195 236 139 176 34 189 171 122 12 59 42 7 30 45 86 16 110 4 49 96 39 84 119 30 20 141 39 79 66 114 224 108 101 70 76 135 4 83 53 180 232 95 0 15 15 81 16 87 57 18 80 62 103 49 105 145 99 54 78 184 48 112 97 40 146 0 54 174 104 77 28 211 32 61 56 183 72 12 0 19 81 75 54 128 105 31 28 61 32 54 40 24 64 77 95 213
54 29 83 9 0 62 20 31 59 90 3 24 20 42 35 63 9 110 68 7 105 101 36 94 56 0 0 18 36 32 27 102 101 67 121 10 117 71 16 36 69 73 158 117 13 16 15 43 22 35 60 77 27 8 42 31 121 6 17 122 105 49 30 40 10 45 24 56 112 40 98 66 0 35 7 38 59 12 63 84 33 109 5 57 81 36 16 100 35 76 7 88 95 8 234 147 11 76 123 52 68 4 8 53 48 109 0 46 57 139 18 24 138 55 33 0 48 18 67 18 78 21 9 58 0 41 181 3 103 73 0 25 29 25 85 176 0 27 28 40 55 0 139 4 107 100 31 52 36 76 67 4 0 10 79 25 29 96 4 80 26 38 47 32 0 2 142 85 14 3 62 30 57 36 72 82 153 16 14 5 7 56 20 113 38 21 6 135 59 66 42 102 57 38 81 68 0 51 0 11 63 178 36 0 78 103 93 108 212 56 35 0 0 7 107 42 0 55 63 87 25 24 51 0 79 58 165 0 39 40 42 66 35 43 90 81 5 0 32 0 113 53 92 6 82 14 9 14 6 4 7 8 0 36 84 0
0 8 101 29 0 18 35 27 40 10 71 186 0 63 68 135 25 44 18 0 42 141 9 24 63 136 0 0 0 34 87 88 117 50 0 42 18 27 5 84 9 90 9 62 0 41 81 4 24 54 71 0 76 10 57 56 106 0 44 15 0 82 100 44 36 62 46 99 57 56 45 43 40 15 6 21 4 45 63 35 3 45 110 102 0 0 84 87 0 71 0 15 60 9 86 54 30 0 24 138 0 15 35 102 55 65 99 78 0 46 25 64 36 15 77 5 0 96 30 112 81 30 0 52 39 29 0 2 46 9 0 60 9 4 16 38 26 75 42 114 75 23 18 7 63 113 182 0 6 0 28 171 70 0 31 25 76 84 120 18 76 35 55 99 0 72 13 70 29 69 72 35 105 56 30 74 125 3 30 171 0 42 19 84 9 27 9 18 0 62 66 50 8 18 59 32 65 98 54 126 99 6 0 21 15 5 95 16 8 21 36 38 101 82 26 21 115 0 39 92 53 30 0 0 106 84 156 114 39 6 0 74 45 24 45 63 39 24 45 12 0 119 18 18 81 14 30 13 9 19 0 21 26 0 23 85
87 53 69 12 20 147 90 125 144 76 56 9 41 14 75 71 0 53 0 30 56 183 0 30 60 28 117 15 0 77 3 67 202 119 59 48 23 64 0 23 48 115 44 24 0 67 38 9 30 0 94 23 115 45 47 91 7 100 69 57 39 90 18 69 159 30 73 63 74 103 85 43 20 0 27 125 30 74 93 67 39 93 63 81 2 66 87 72 34 55 5 15 114 28 129 85 64 42 191 104 105 26 95 56 57 21 6 6 54 6 14 106 18 36 98 70 39 60 134 24 65 98 58 0 24 34 35 9 76 10 56 76 68 0 87 61 36 28 60 40 65 65 89 175 133 95 126 45 54 103 42 111 88 21 123 35 60 94 21 88 35 32 70 57 0 59 34 108 40 68 35 45 238 40 40 221 74 63 26 110 6 70 35 53 49 6 24 73 64 77 48 54 86 57 70 41 32 122 113 5 38 43 8 10 90 41 0 104 2 131 13 32 20 103 248 57 94 74 9 21 117 132 74 32 205 6 118 130 46 129 99 124 0 95 12 12 65 14 96 91 28 43 67 80 60 47 55 48 84 6 81 93 46 61 27 37
24 36 83 27 54 9 159 55 44 160 52 12 96 114 90 97 67 0 20 50 44 8 139 33 8 15 59 30 139 48 54 0 81 83 45 24 0 68 26 36 40 84 77 18 0 112 9 68 40 10 8 46 20 59 48 0 167 113 15 15 16 0 93 16 52 90 24 26 22 24 150 157 0 0 54 32 0 28 148 47 33 0 24 72 72 27 8 109 0 24 32 32 8 21 200 77 9 71 190 53 47 14 120 42 84 16 72 2 30 43 117 90 18 61 87 12 9 159 4 19 18 60 94 54 38 48 16 10 56 42 0 12 0 24 52 60 137 2 15 74 12 115 5 48 45 42 99 4 0 46 86 39 84 91 0 40 85 3 9 100 124 163 125 86 0 88 48 18 0 20 0 65 0 16 20 3 111 24 16 45 12 67 30 0 119 75 16 54 102 48 64 28 5 2 45 37 54 30 48 27 74 16 32 12 9 80 47 42 48 48 45 48 34 24 60 70 117 72 21 88 1 131 0 9 48 38 100 90 47 70 44 32 67 41 96 20 19 0 58 56 48 79 0 14 36 0 12 32 36 32 14 30 72 76 15 115
36 18 48 24 140 66 111 96 24 114 78 131 46 82 42 155 117 122 48 103 0 62 42 40 0 34 63 77 7 48 38 118 9 115 140 60 1 126 0 118 37 89 106 44 47 107 72 42 0 72 4 145 58 42 23 46 10 114 4 21 116 0 46 34 0 128 16 96 117 110 9 61 6 12 6 63 0 92 43 49 87 62 28 60 30 120 0 21 66 102 9 36 6 18 263 60 8 76 96 107 35 15 65 36 20 196 111 158 46 21 50 81 72 17 114 32 103 10 14 82 3 93 30 8 15 88 36 31 10 0 64 28 75 8 81 4 22 30 48 176 10 70 41 2 48 64 45 0 24 143 58 42 108 149 143 30 159 133 34 84 30 178 59 180 0 46 61 15 56 10 22 0 99 50 30 91 101 0 65 47 24 123 32 16 53 102 0 45 0 108 55 0 130 35 43 52 170 40 14 118 104 36 16 24 56 50 12 37 42 140 168 112 16 22 145 70 149 40 40 18 130 85 48 4 50 20 122 46 0 85 6 0 8 56 40 108 160 56 0 13 16 88 98 80 16 63 53 88 122 105 42 120 42 9 66 172
3 83 0 41 93 33 46 24 50 57 6 4 31 6 0 52 88 20 127 29 54 26 50 48 16 153 0 0 0 94 59 60 0 128 6 139 0 58 28 44 0 0 42 52 61 80 63 140 94 49 0 0 35 27 46 40 89 79 173 20 26 109 266 2 54 48 63 66 127 29 8 55 55 22 34 98 25 39 111 9 0 9 32 57 90 51 0 23 0 111 88 76 16 24 107 102 12 0 38 0 36 10 95 0 117 51 65 79 8 0 18 1 88 33 69 0 56 132 67 72 66 35 0 24 72 60 5 27 0 24 40 138 172 21 93 91 23 146 2 94 45 56 48 0 118 66 81 16 16 32 64 0 19 123 9 43 84 141 91 23 98 54 159 73 12 90 29 43 0 56 72 25 124 19 54 32 16 45 70 61 81 18 64 191 29 44 59 34 0 45 37 14 94 22 136 77 53 10 107 10 40 45 0 48 45 122 42 93 0 0 100 16 16 159 35 10 42 16 155 74 123 43 178 25 32 0 97 24 0 73 21 8 39 19 9 0 134 0 135 36 61 9 42 55 82 33 34 0 77 27 40 106 1 14 60 0
3 48 61 0 27 53 87 0 0 0 55 118 52 47 58 117 126 92 82 32 72 20 24 0 66 0 109 18 72 17 63 72 0 60 65 10 13 32 20 16 26 135 40 27 45 0 51 34 109 30 12 74 95 103 40 84 0 51 39 12 0 123 6 73 0 140 10 0 51 56 2 30 4 53 27 0 15 156 108 2 36 92 32 97 40 54 209 113 4 9 0 19 8 0 26 157 63 76 94 29 20 53 8 34 0 35 42 96 10 176 24 40 44 43 79 180 57 16 48 4 161 74 55 0 56 126 86 48 28 54 0 8 42 0 116 0 6 6 50 0 95 53 63 27 77 46 47 37 54 13 33 9 0 13 9 48 12 0 30 54 65 52 72 74 0 31 51 100 76 31 18 70 54 28 24 135 70 19 18 0 42 64 32 62 47 18 4 72 0 129 60 5 132 87 60 36 0 40 76 55 49 188 16 19 101 56 0 68 0 71 16 48 0 0 129 35 100 4 33 40 39 24 51 72 27 24 0 84 76 0 78 64 71 3 0 101 95 20 12 20 73 66 156 0 26 1 0 46 60 44 49 41 50 0 35 65
126 65 0 9 14 84 82 45 122 59 56 87 84 65 35 15 45 93 181 98 4 107 30 72 9 7 0 0 77 53 62 37 56 110 116 59 7 24 8 0 12 76 34 84 45 85 72 64 155 76 23 59 31 139 45 67 70 63 111 66 38 291 7 32 70 25 60 129 16 150 65 63 2 56 18 26 72 119 35 160 71 0 28 172 8 0 40 90 28 107 0 44 127 0 6 87 16 21 126 32 48 0 134 75 47 56 0 0 56 27 16 51 56 80 94 0 202 4 210 42 0 40 34 0 72 42 96 3 39 44 27 26 3 0 80 154 42 77 32 90 28 0 173 76 86 27 84 30 38 78 60 81 29 33 150 7 28 40 82 65 38 52 86 35 0 0 35 12 80 124 9 0 171 0 88 64 81 112 4 104 32 167 5 76 65 54 63 0 82 85 81 101 101 16 85 0 75 26 143 7 157 63 0 6 129 80 0 234 0 44 18 59 0 15 67 61 34 68 26 0 147 96 56 37 135 0 122 58 78 103 21 136 82 31 3 98 116 0 128 128 123 30 86 48 85 32 34 16 12 8 93 23 53 41 112 64
36 40 205 49 83 111 67 1 168 95 150 71 86 121 20 84 146 33 29 230 219 55 219 112 39 110 79 24 117 16 18 42 22 102 78 241 27 27 82 0 16 52 67 42 72 0 48 123 0 70 42 153 13 131 36 45 97 12 126 81 18 54 82 5 137 78 66 72 107 36 99 43 123 87 49 0 3 26 108 126 22 0 58 153 28 0 3 90 168 9 24 5 166 37 62 95 72 199 49 195 42 107 89 136 105 80 8 60 144 45 53 28 0 73 93 0 54 75 132 63 162 30 30 1 112 163 185 59 94 18 73 55 166 49 194 137 52 262 66 122 57 37 128 23 63 231 134 88 94 64 9 161 6 0 24 63 46 84 188 10 188 167 151 236 0 284 80 0 20 40 0 120 197 40 163 12 83 127 18 153 37 114 10 123 21 7 3 75 120 64 190 32 314 44 56 27 116 115 126 57 181 90 2 0 90 80 61 180 6 20 160 117 50 0 34 68 5 61 195 2 217 177 162 75 18 106 134 106 9 45 110 60 48 36 0 63 115 56 150 83 38 154 116 18 224 83 105 80 65 24 47 135 23 118 91 47
14 12 0 24 30 7 48 3 30 65 42 0 0 19 0 71 87 64 33 71 0 0 58 0 26 45 111 0 12 48 0 59 100 0 0 25 0 20 9 64 0 82 5 120 63 18 36 15 63 108 18 0 104 178 25 18 8 81 16 2 60 8 40 0 72 60 54 26 27 15 120 66 19 32 6 38 0 66 72 32 12 0 9 107 103 48 62 77 45 41 0 8 91 3 0 50 38 0 16 112 48 81 36 46 18 60 14 85 0 0 0 0 40 18 18 54 60 0 65 66 6 14 50 3 72 56 53 40 0 52 14 81 0 35 9 33 82 11 28 88 0 56 42 30 106 0 105 40 94 54 60 35 104 6 56 15 119 21 43 24 44 32 77 81 0 40 0 63 4 23 18 93 59 62 99 45 0 0 12 82 0 117 0 8 57 0 6 63 0 0 26 15 92 33 14 30 0 96 6 90 0 36 0 24 9 0 19 9 30 63 69 56 48 10 24 40 112 86 51 2 96 40 35 15 72 35 221 72 27 17 54 12 75 35 20 8 56 0 15 18 35 26 140 118 46 51 4 0 3 16 5 64 18 18 30 75
56 42 54 7 3 0 21 11 0 67 0 0 8 30 5 72 85 49 63 64 12 26 12 3 117 28 125 4 63 5 7 84 17 0 5 14 100 6 0 8 24 110 52 123 57 0 102 99 86 26 27 40 79 6 47 12 14 24 67 89 3 56 120 1 40 40 32 48 55 0 112 83 9 32 41 118 0 72 0 70 0 30 61 4 7 21 52 199 0 12 0 0 0 24 32 42 4 7 58 16 70 16 16 6 35 66 5 7 98 30 63 133 66 5 77 56 0 18 8 40 63 74 31 0 36 81 0 63 59 0 0 4 35 0 22 14 28 40 91 88 30 93 4 48 108 59 32 40 6 32 43 173 4 72 22 63 0 45 8 115 52 31 79 48 22 47 133 45 41 30 102 31 115 34 16 0 24 5 7 67 35 0 0 61 11 62 42 7 77 1 16 56 68 0 134 62 8 54 16 0 0 120 8 15 42 31 0 1 0 12 49 54 0 30 5 18 6 58 21 114 35 2 134 32 24 32 9 36 32 120 0 31 12 66 33 8 105 0 37 0 135 0 97 22 96 0 43 48 0 55 199 49 28 52 0 15
112 71 83 24 9 90 33 139 125 130 63 120 92 55 147 5 74 123 9 53 64 150 110 109 185 35 46 81 138 107 56 32 104 88 99 117 103 13 33 12 55 246 191 94 134 49 76 230 139 78 0 51 63 67 128 46 14 256 177 91 140 35 24 71 138 95 128 93 83 12 343 283 36 24 112 14 80 80 100 168 34 49 150 40 46 131 116 132 61 139 91 14 126 0 151 52 73 76 77 138 96 135 105 103 0 144 96 12 146 56 96 157 132 23 59 50 32 39 169 147 126 192 72 22 129 111 61 126 131 88 62 7 83 57 106 130 59 126 127 121 104 76 81 51 0 97 40 204 77 18 139 216 34 83 57 55 102 119 5 236 154 188 51 184 115 73 128 93 86 231 93 136 185 21 101 68 21 30 2 162 157 28 76 133 63 262 154 147 24 81 84 56 207 8 97 18 38 105 95 118 175 134 257 68 112 107 65 12 0 68 70 55 178 117 92 196 31 85 99 51 139 70 101 135 16 237 125 251 0 47 50 0 22 8 97 21 56 21 60 21 56 123 94 69 68 90 12 20 91 75 210 101 2 0 8 148
75 2 52 0 3 60 12 7 36 31 49 16 41 0 111 71 0 196 43 52 15 133 96 73 54 42 32 50 0 96 6 0 72 160 9 0 0 94 0 80 0 102 78 15 27 0 0 56 21 56 52 109 5 14 83 111 17 63 84 4 0 6 0 39 185 15 21 0 36 22 76 52 6 40 0 108 0 15 7 0 12 85 23 8 45 57 12 27 0 45 6 6 39 36 11 44 0 22 149 48 3 62 42 0 75 0 76 15 38 90 38 108 0 35 33 84 24 2 100 32 119 48 6 6 36 140 37 0 21 14 0 16 35 9 26 24 0 0 78 69 62 58 45 72 97 79 96 16 37 1 32 94 0 0 75 0 0 40 63 48 28 0 55 89 0 6 0 0 12 21 56 0 80 18 0 36 44 0 87 0 42 67 4 125 37 0 18 69 65 12 66 18 49 78 22 14 25 72 0 17 14 9 179 36 32 90 20 221 0 12 71 48 0 46 185 36 0 60 8 119 48 9 17 36 32 22 36 72 41 127 0 129 32 0 0 40 73 28 15 20 61 48 77 3 30 12 44 53 20 0 105 0 28 99 34 47
21 61 8 13 9 115 78 116 111 119 168 4 48 138 139 81 99 27 0 144 27 54 213 0 192 49 0 90 63 153 0 70 53 78 91 137 0 42 94 104 80 31 77 90 20 101 91 28 64 66 3 152 12 60 22 36 126 251 39 4 89 12 149 7 38 93 35 63 52 85 64 94 153 8 0 60 93 175 32 69 46 41 0 126 82 63 3 42 20 3 90 0 12 24 110 53 138 0 156 4 15 6 37 66 7 143 32 101 161 0 24 60 16 0 12 68 6 4 80 24 75 40 56 0 18 0 45 69 1 18 10 59 174 0 18 13 7 43 16 126 4 12 60 7 27 127 60 0 110 0 116 25 80 12 134 90 97 12 2 68 72 76 76 33 15 142 32 20 54 125 17 42 54 16 0 56 109 26 60 50 48 144 62 0 0 84 68 32 54 56 54 120 100 0 122 0 14 35 27 0 100 63 18 21 77 69 0 10 36 32 72 76 80 0 117 136 57 55 63 35 93 70 12 45 50 77 56 22 57 42 32 18 80 109 82 2 100 44 0 54 16 46 145 80 15 87 21 86 18 131 59 78 42 32 27 60
3 69 9 120 90 3 15 47 18 83 54 66 30 3 71 20 225 63 45 50 52 176 132 33 132 3 27 54 45 28 45 92 63 36 0 48 23 138 4 0 0 21 31 90 21 144 42 175 151 0 68 18 103 60 75 90 28 24 12 69 84 0 152 21 15 34 0 8 75 36 57 3 19 1 121 0 93 64 109 14 54 12 97 129 4 0 54 74 36 88 4 96 0 5 78 38 149 24 276 87 28 25 111 49 81 32 84 25 42 107 104 120 8 34 48 144 68 155 123 32 77 15 18 18 27 85 54 173 108 24 38 91 54 51 37 70 33 4 8 109 59 21 12 21 15 161 44 100 57 11 32 57 42 10 54 93 141 56 84 104 81 142 87 9 0 58 0 94 49 47 186 36 58 12 24 73 42 139 94 72 88 0 52 106 54 45 6 0 5 92 52 190 77 39 23 154 78 27 42 52 142 117 32 0 24 9 54 103 18 25 123 85 135 63 7 105 59 67 189 89 20 141 69 21 46 123 33 120 32 173 168 7 119 83 144 27 86 36 33 9 96 116 38 41 113 0 9 36 113 0 88 109 27 72 21 129
58 0 18 144 0 5 93 0 44 39 51 38 10 37 76 85 0 28 26 114 0 116 48 92 12 81 93 0 64 56 97 0 0 87 25 50 53 124 5 34 56 6 88 22 24 79 48 38 32 0 55 33 52 36 49 82 4 22 88 23 41 0 40 72 34 122 22 136 18 30 0 6 48 30 0 116 0 54 48 36 0 10 12 59 103 6 24 154 6 42 7 62 0 82 40 33 77 0 126 81 30 30 29 2 48 30 24 10 10 48 0 35 22 109 86 0 38 87 4 18 20 28 2 76 32 14 15 41 79 3 72 23 42 16 4 56 24 75 22 30 32 35 49 36 89 63 88 82 20 18 78 37 0 7 140 61 92 18 20 70 42 54 18 65 48 81 40 65 0 0 20 30 76 24 18 0 7 34 18 130 3 47 8 48 27 12 0 42 89 0 0 54 16 0 73 131 83 144 103 13 89 135 0 49 30 65 0 46 0 48 119 13 21 75 36 6 36 9 12 12 39 93 28 0 12 42 0 21 86 48 73 78 64 41 12 15 74 0 34 44 13 6 55 84 58 7 0 0 65 28 37 45 0 81 45 48
87 0 28 54 16 14 83 93 6 74 108 32 90 137 96 63 14 12 14 4 173 141 135 72 55 70 107 44 86 48 54 40 83 36 62 126 91 73 72 0 6 85 24 35 49 30 101 57 72 0 22 89 109 35 3 24 152 114 106 7 10 55 18 59 71 44 32 42 105 44 170 142 42 27 21 126 51 32 109 85 0 40 36 111 94 27 57 78 25 69 92 0 139 34 58 37 78 37 48 135 88 156 78 42 92 48 132 118 61 15 88 135 6 14 27 31 59 63 166 216 0 27 48 7 66 36 8 0 60 0 15 40 0 4 126 97 24 104 0 116 62 33 141 72 20 4 59 32 24 42 28 81 72 52 12 36 87 73 68 64 9 38 80 159 75 23 130 69 36 87 0 60 41 92 39 29 69 40 40 79 8 24 0 94 57 36 44 70 16 163 15 120 65 34 4 21 55 85 88 48 138 59 106 3 108 18 14 87 30 154 6 29 4 100 100 130 152 28 48 9 61 35 134 137 64 54 248 63 62 21 24 56 39 3 40 30 59 0 193 130 57 40 69 47 36 70 12 12 67 67 72 138 0 0 72 39
82 4 12 2 26 18 42 92 12 53 85 90 42 0 38 94 9 42 51 49 10 4 24 28 16 0 12 3 30 52 41 16 66 20 107 82 18 42 12 68 7 15 8 65 6 15 0 51 53 36 36 40 46 35 13 46 10 40 69 15 53 14 7 21 5 10 105 93 68 2 45 45 5 45 71 6 12 21 20 76 0 0 10 51 85 21 0 10 12 40 5 0 30 8 8 48 24 49 99 26 63 45 0 12 38 60 30 6 23 27 7 98 0 15 47 10 57 47 34 177 39 33 0 16 3 62 18 0 10 10 44 22 11 0 14 32 2 80 10 63 5 4 100 0 8 28 55 16 72 0 49 74 16 60 34 33 43 69 26 25 50 36 35 42 0 25 5 32 60 48 12 60 78 28 3 0 58 1 3 110 17 21 0 46 93 54 35 21 78 6 1 6 20 0 80 22 74 24 13 69 53 3 0 92 50 42 21 8 24 43 55 28 12 84 16 100 49 40 35 13 24 39 89 33 2 12 30 98 16 11 5 14 28 58 5 143 57 0 16 35 29 0 0 107 70 63 44 50 20 13 32 66 54 21 64 19
162 15 74 54 0 28 49 126 100 0 186 46 16 123 50 63 8 12 18 254 10 16 121 0 86 18 72 8 78 87 72 14 202 135 48 0 79 0 81 16 17 34 62 84 72 116 88 58 165 18 47 100 56 58 60 49 51 169 30 0 68 97 54 96 158 132 81 115 18 187 56 124 21 68 0 0 0 70 64 185 31 8 0 0 12 0 74 124 54 51 0 100 63 54 26 0 13 23 74 76 40 21 30 56 35 6 0 20 33 8 35 73 44 0 44 0 84 28 228 38 81 77 9 57 72 58 10 38 37 56 49 0 64 6 18 2 25 0 26 1 33 0 61 60 80 83 42 40 90 46 0 123 0 0 63 99 33 35 6 27 7 42 3 24 6 88 42 50 78 103 0 78 109 16 30 109 56 84 41 26 6 177 68 65 27 0 59 27 24 18 68 16 0 32 15 36 24 0 143 99 121 102 0 24 80 107 44 71 36 102 42 4 14 101 194 46 53 73 63 46 12 25 56 0 102 18 35 39 72 133 66 79 6 129 7 88 10 12 64 15 46 21 16 45 123 57 77 135 24 0 65 58 18 18 65 44
72 93 10 15 12 12 18 24 81 0 62 51 44 15 16 73 45 85 12 48 16 12 32 90 147 0 5 33 0 55 4 95 49 49 66 28 10 89 66 98 16 52 12 93 78 25 100 33 96 97 0 63 22 45 24 7 101 153 30 45 27 133 81 26 13 8 50 117 46 129 71 111 12 40 18 21 9 50 0 9 21 27 38 85 61 15 0 0 47 112 104 25 49 6 36 46 85 11 52 155 98 0 172 91 55 118 32 171 40 75 83 6 16 9 105 13 101 4 99 41 99 41 57 1 99 120 78 0 1 126 1 18 72 94 99 19 14 37 17 66 0 64 9 59 17 102 105 73 18 6 46 0 74 84 88 48 146 61 56 124 15 54 49 248 0 52 31 26 80 91 20 0 91 39 5 66 109 10 8 114 20 169 0 39 98 48 69 117 89 14 5 5 8 6 28 54 41 55 39 149 74 25 27 6 54 96 45 24 15 72 71 45 63 0 18 133 84 122 13 19 68 53 18 9 68 135 58 52 91 14 30 14 4 26 0 54 95 20 137 22 63 102 72 173 33 36 39 4 73 24 14 28 18 93 73 92
70 60 50 40 28 0 72 65 138 41 114 174 60 53 87 47 0 86 128 24 0 87 0 108 45 124 12 31 19 105 140 56 129 99 134 88 61 0 5 101 0 32 0 5 10 23 9 137 170 62 10 117 45 8 138 53 97 24 39 23 72 85 44 144 41 76 124 81 116 30 8 141 54 0 93 0 36 62 70 180 20 54 70 74 86 0 41 103 5 30 131 67 55 54 104 208 135 67 131 84 61 123 80 111 7 107 53 71 36 148 33 61 32 81 100 142 169 85 96 75 43 70 66 25 0 25 10 30 62 18 5 38 71 111 78 31 78 108 2 161 115 49 72 7 47 137 77 117 83 194 152 232 28 0 28 28 117 0 166 8 39 187 75 81 40 37 71 98 40 141 0 107 104 69 98 88 25 63 101 52 50 0 94 102 91 12 73 52 107 0 68 84 33 20 123 6 40 77 0 88 120 45 128 79 92 62 107 24 0 0 59 36 64 55 45 6 8 10 15 87 42 121 150 74 70 126 119 161 90 35 45 17 18 84 0 111 36 99 3 32 53 40 0 3 35 112 0 65 139 74 87 192 53 45 40 30
89 85 88 81 4 2 64 195 112 84 105 98 0 47 149 140 29 131 151 140 50 160 66 0 129 93 84 133 62 58 102 42 46 144 14 99 36 24 63 49 170 52 101 173 24 116 85 72 122 40 6 112 55 32 134 212 40 41 122 113 85 0 31 186 29 93 2 64 126 28 5 105 104 19 0 36 0 71 32 80 121 63 18 89 99 14 24 57 14 200 117 58 21 85 75 105 23 0 174 179 8 122 102 26 0 99 42 99 46 71 0 67 18 123 87 206 101 45 86 90 168 35 26 7 34 75 16 49 140 4 9 9 72 0 31 153 29 72 68 0 54 0 63 81 129 68 173 5 98 0 144 75 0 4 92 90 105 18 23 63 84 126 60 208 117 26 124 137 0 142 112 0 44 54 57 56 117 196 60 28 95 76 66 72 90 12 16 150 203 84 9 189 12 14 51 97 14 104 81 11 188 109 54 57 57 90 86 46 172 33 102 64 0 92 88 56 86 2 26 100 49 90 139 135 35 67 11 111 0 125 179 155 21 97 75 105 24 49 14 112 93 42 179 102 18 17 74 52 112 0 60 0 24 162 35 0
0 0 63 7 0 135 157 47 106 124 4 10 54 117 77 109 54 0 98 62 18 0 63 103 96 61 0 74 0 18 25 87 56 60 50 100 33 12 18 0 96 18 96 30 114 39 22 72 13 45 28 0 26 22 47 51 72 83 44 0 86 91 86 9 10 0 36 96 97 0 49 52 122 8 21 82 75 121 57 195 0 70 0 149 63 0 8 107 8 101 78 12 25 0 105 98 58 6 108 18 0 18 0 0 70 104 59 90 70 14 37 135 99 34 21 68 25 95 170 143 62 0 54 14 6 12 157 86 19 9 1 0 0 51 16 93 42 88 109 12 72 14 52 76 90 128 8 32 2 0 3 21 44 0 112 73 81 49 24 72 21 110 40 108 60 0 89 81 42 72 8 83 54 40 0 72 85 59 196 81 71 60 36 21 98 140 0 150 7 225 5 128 166 0 120 72 28 9 117 35 27 141 72 0 151 40 21 115 0 59 29 14 65 0 79 120 10 69 71 0 116 24 39 94 0 0 217 81 8 100 42 30 49 4 111 0 53 0 55 91 63 0 133 30 0 65 18 11 69 54 82 54 27 9 0 14
6 45 82 68 63 48 63 58 18 35 75 45 71 70 83 90 90 103 0 31 6 116 27 51 10 8 92 23 18 21 59 97 55 14 56 85 28 116 47 0 40 146 105 102 36 72 17 18 75 66 28 136 6 81 28 30 67 24 28 64 72 73 111 71 96 0 32 24 46 0 21 122 0 63 15 24 43 7 51 76 72 3 18 95 4 0 83 0 66 6 0 16 85 28 260 38 70 51 72 108 28 69 94 12 0 30 70 47 66 50 50 61 94 56 134 36 58 13 59 48 9 113 66 0 51 62 57 77 145 0 0 67 63 36 0 32 80 36 4 76 14 125 63 91 48 38 48 43 85 0 105 91 78 30 24 73 28 24 42 30 96 122 111 68 6 93 118 109 68 77 104 130 113 82 54 5 64 0 93 4 56 57 28 15 0 184 95 24 24 12 0 194 110 0 0 91 28 17 28 135 30 27 8 8 131 69 28 0 146 51 11 95 108 0 34 126 53 38 36 74 100 42 95 33 27 136 66 25 49 104 70 148 20 33 79 72 61 24 44 0 137 0 43 80 75 31 0 105 116 69 14 43 13 0 9 76
147 74 24 61 28 97 36 62 48 74 40 36 48 60 180 20 39 56 45 88 56 98 69 66 53 112 84 32 137 64 14 88 95 45 93 32 40 36 120 9 40 10 132 58 30 52 21 54 0 29 45 43 28 17 25 130 42 272 56 13 42 6 47 249 36 64 68 63 89 70 118 131 143 23 21 15 127 30 48 106 50 32 24 54 90 102 49 16 72 117 185 42 79 40 30 84 29 9 28 124 91 4 64 24 95 21 85 27 23 12 49 128 16 30 2 83 55 0 105 87 62 168 38 14 50 51 18 87 58 50 125 0 104 19 62 83 28 112 67 106 0 0 74 92 139 87 123 92 83 62 79 80 16 84 67 64 75 109 53 27 114 66 58 93 28 147 56 21 86 16 42 46 120 37 16 58 52 55 10 127 95 162 25 21 142 0 37 0 25 74 15 96 144 24 131 49 116 28 8 0 120 124 0 0 124 43 33 122 77 158 198 5 85 94 40 72 20 105 74 104 57 102 42 67 14 123 55 147 24 84 124 22 50 8 8 75 109 14 84 98 44 42 118 64 12 32 66 98 117 9 78 109 84 74 125 47
55 58 42 37 36 43 71 24 49 72 7 147 45 88 66 28 201 113 50 83 42 22 31 49 24 45 41 40 103 65 88 70 144 68 26 70 0 122 17 0 83 157 15 18 36 41 16 90 63 24 52 13 29 40 50 142 26 73 134 4 127 43 75 54 43 128 2 27 114 60 15 41 104 0 7 54 0 113 45 93 54 15 30 111 90 83 14 47 82 47 99 49 158 50 76 138 37 84 74 56 30 45 26 18 65 70 62 132 24 18 52 97 92 21 58 45 130 27 91 48 14 116 24 41 35 12 18 10 57 6 18 145 61 15 89 28 6 111 94 132 73 34 32 112 70 66 48 45 112 27 6 55 16 5 67 53 115 44 58 79 0 41 45 66 38 64 56 34 41 40 55 54 141 46 77 63 215 9 87 72 56 42 27 135 117 61 93 42 8 67 197 31 10 44 87 20 43 54 0 84 101 44 30 54 2 25 3 50 43 82 21 56 61 124 33 90 15 25 76 33 65 85 24 36 48 62 30 42 5 118 126 150 24 40 0 226 106 32 0 82 66 34 77 30 45 0 44 47 126 60 105 26 41 80 22 63
35 121 9 15 36 69 70 12 16 108 72 36 45 45 8 54 0 47 105 74 124 61 134 48 140 45 127 47 61 87 24 89 0 81 42 45 0 68 8 121 194 83 54 75 3 108 16 44 130 94 18 70 0 54 106 138 53 16 20 75 64 40 32 18 51 121 56 32 172 33 56 76 101 24 21 0 0 18 64 34 28 15 0 84 25 24 63 57 4 122 97 38 108 84 63 44 35 35 126 38 75 20 36 12 29 54 135 45 18 100 137 67 122 83 81 96 55 51 2 0 0 48 59 26 17 80 60 0 45 71 81 70 17 36 18 58 69 72 32 213 32 81 0 21 24 90 27 0 53 0 0 89 132 108 57 36 75 25 10 105 15 39 128 63 18 54 79 116 0 59 35 7 16 49 53 0 159 0 18 52 69 113 38 80 80 54 16 105 117 89 41 0 82 0 59 72 94 35 0 30 25 143 74 18 38 131 71 40 78 68 184 48 0 0 9 25 81 58 10 115 112 32 0 4 135 93 66 89 137 54 34 39 25 117 72 209 14 0 12 82 111 43 56 128 63 4 14 90 0 75 34 48 54 229 22 108
3 32 0 19 68 39 46 81 25 27 0 0 81 11 31 57 9 0 0 18 42 54 46 0 54 36 57 7 12 70 27 88 0 64 8 73 0 115 3 21 18 39 16 99 36 45 26 33 9 24 0 36 28 48 23 0 13 68 109 4 107 63 103 15 48 64 149 0 32 7 16 108 0 38 81 97 83 44 35 0 0 0 146 72 81 118 42 5 0 36 9 13 45 42 0 54 53 28 18 48 84 18 80 0 42 1 28 40 11 23 97 24 109 64 69 56 99 54 61 72 0 79 46 0 42 6 18 0 56 12 108 14 102 1 19 82 114 87 32 80 92 24 38 7 65 18 88 2 40 0 115 11 24 0 0 15 62 85 81 57 69 20 45 84 12 71 0 54 4 35 98 36 85 23 9 56 0 31 83 22 52 12 0 95 106 78 40 15 12 2 23 28 109 22 64 66 7 15 93 10 12 69 96 0 5 0 0 0 0 0 150 28 92 20 74 0 16 104 52 39 132 16 54 50 18 24 86 36 9 0 40 0 18 12 24 62 69 63 45 60 27 98 24 36 104 29 0 12 65 7 72 72 28 0 0 15
23 18 56 4 52 39 34 62 22 84 59 42 15 69 63 129 31 12 16 131 42 149 73 52 111 22 24 24 54 129 0 59 59 218 91 36 52 81 0 103 46 63 36 18 75 2 0 55 39 0 0 67 31 33 40 0 30 159 37 46 15 8 136 35 73 58 188 40 0 48 81 24 0 110 48 12 18 12 8 20 16 75 158 28 24 27 78 45 0 151 21 38 42 98 166 60 18 78 56 16 12 78 60 72 26 87 140 49 50 29 24 0 38 80 24 82 16 108 57 96 126 64 24 0 15 8 43 0 21 48 56 10 116 17 54 108 36 49 71 112 29 0 61 21 101 97 10 48 16 138 3 0 18 33 0 54 57 81 87 6 110 64 4 101 51 74 73 12 6 91 86 50 149 0 43 32 57 36 73 63 50 36 64 102 24 30 42 16 7 40 134 4 90 26 39 32 12 0 24 2 74 151 128 3 136 53 29 0 28 0 144 89 0 10 101 36 15 84 12 114 62 72 0 53 48 0 67 24 44 12 20 0 66 15 0 50 33 43 56 48 21 91 3 53 69 45 0 54 37 3 48 8 52 0 17 18
114 75 64 39 63 48 54 65 33 47 0 28 119 41 10 115 1 61 1 84 48 39 45 0 0 69 17 6 74 7 0 48 0 124 11 22 78 29 2 9 74 75 112 19 54 145 36 26 34 84 14 0 28 96 18 45 28 46 56 7 112 70 110 30 115 121 22 75 25 73 17 39 54 64 1 91 75 0 96 7 59 0 21 53 3 76 42 66 21 6 149 55 21 63 104 21 70 98 41 61 85 28 49 48 54 28 85 20 0 0 60 132 67 112 48 85 0 129 81 0 6 10 87 37 68 7 32 61 64 46 123 19 49 21 27 102 61 18 50 86 70 131 87 7 110 2 58 65 101 77 45 76 148 35 4 0 130 93 80 18 21 35 30 48 15 92 80 0 36 61 116 81 32 27 78 18 51 15 78 27 154 3 42 67 15 33 83 9 56 56 115 18 0 0 19 36 41 44 45 38 73 18 0 0 37 89 0 153 35 18 64 0 68 49 20 86 72 34 32 8 16 8 99 80 132 16 149 8 9 24 51 0 12 91 47 67 12 101 220 82 0 152 9 72 69 9 14 38 93 147 35 81 16 0 145 94
0 76 42 30 43 14 16 64 150 112 0 107 9 4 1 45 21 108 0 81 60 0 86 61 56 0 42 42 90 0 57 15 30 22 25 56 40 120 0 0 40 108 34 42 0 0 16 149 114 55 0 67 7 59 28 52 47 143 47 63 88 29 9 9 155 86 0 83 25 30 45 0 27 48 71 36 2 4 35 2 23 7 12 6 25 21 16 79 56 0 8 69 25 0 99 7 101 89 27 95 27 5 105 49 63 49 0 78 110 117 8 20 64 18 89 56 18 102 35 1 3 16 32 75 27 88 69 19 43 0 20 30 86 14 18 0 98 47 12 168 38 39 48 3 0 191 93 64 22 111 50 0 60 42 86 46 123 32 32 48 50 81 92 49 5 34 69 7 7 4 72 0 67 47 96 0 64 81 6 15 21 6 16 40 23 30 0 15 4 18 114 53 17 0 0 69 36 45 56 14 28 136 36 24 41 16 18 108 83 0 159 21 9 18 22 21 77 40 6 26 42 35 69 22 21 60 45 0 63 90 72 32 18 63 9 25 18 42 70 3 0 64 16 86 79 13 8 0 49 64 9 17 19 8 20 14
84 2 2 26 12 32 81 52 95 0 56 103 19 90 122 107 111 106 88 157 63 136 92 154 30 40 0 2 18 44 65 24 54 57 0 104 0 57 45 29 7 30 119 102 58 79 7 144 114 42 37 0 8 33 6 16 71 101 68 16 88 86 39 94 68 45 18 93 123 0 2 22 22 11 18 56 56 118 63 64 46 63 28 10 43 56 54 84 76 27 13 56 37 80 14 60 35 54 135 108 32 21 110 51 27 83 18 32 64 36 11 35 0 5 17 59 34 36 133 80 60 50 26 19 15 44 13 86 60 9 54 32 96 18 36 70 41 75 126 63 21 0 54 57 33 49 66 109 104 14 23 85 8 0 35 25 62 30 15 131 0 114 89 75 0 39 33 96 10 24 61 116 53 50 0 14 101 19 43 78 78 40 0 50 89 154 50 61 65 118 46 63 60 8 77 83 76 41 120 0 68 154 56 27 80 29 15 66 0 24 36 40 70 137 84 100 42 66 42 9 78 111 151 38 33 28 147 118 69 40 49 0 63 101 7 111 92 6 5 42 42 0 64 39 35 45 40 0 52 28 20 29 45 24 4 59
12 21 65 77 45 45 38 4 4 58 107 120 54 2 108 103 5 39 35 30 87 68 20 96 5 18 8 5 54 47 10 42 50 12 46 52 45 39 22 6 34 49 0 117 0 15 75 93 32 25 5 4 27 56 16 64 83 7 85 32 67 40 25 44 50 61 118 55 67 14 96 218 89 80 5 30 6 96 39 65 28 46 35 48 152 61 9 0 24 47 72 0 86 24 63 89 61 28 65 34 45 99 58 65 79 74 43 67 12 17 60 168 4 76 78 27 45 42 66 127 126 28 14 16 24 0 0 0 20 6 0 17 33 35 37 67 94 32 131 67 110 4 139 36 98 98 0 0 16 0 140 38 0 36 22 68 16 60 14 91 42 129 69 126 102 21 45 145 42 40 40 81 39 55 30 24 0 8 0 0 0 66 40 96 63 64 21 64 33 93 10 76 54 0 55 25 0 0 36 96 72 102 53 4 15 27 0 0 33 63 43 42 64 124 103 105 5 40 10 118 160 58 34 73 88 114 185 37 38 8 30 111 79 25 57 157 7 15 4 36 0 52 98 20 15 55 20 28 88 77 40 49 28 24 0 22
43 10 103 28 63 139 96 92 42 153 55 39 70 88 241 114 58 51 91 184 58 63 99 30 59 130 67 3 36 184 89 98 97 206 16 116 63 96 2 98 99 49 21 40 48 9 82 57 93 124 69 102 52 132 150 91 120 65 112 82 109 276 96 53 95 51 31 203 64 40 90 116 111 67 20 92 11 27 173 88 8 70 71 89 81 60 5 47 20 105 131 45 15 9 103 137 31 6 89 81 24 191 9 119 93 12 57 142 24 37 135 157 113 181 72 80 85 135 144 164 18 55 9 36 92 41 1 35 48 4 110 68 60 85 18 8 70 128 88 194 202 49 156 54 197 69 44 9 50 48 255 45 28 23 63 84 67 102 205 118 3 240 102 181 75 96 70 159 15 106 67 179 112 172 99 7 31 16 236 66 25 103 100 302 145 83 0 56 65 95 54 61 86 18 79 122 81 86 27 198 80 0 154 19 65 8 28 50 15 28 186 39 31 6 106 189 66 45 100 132 334 37 176 27 43 76 188 101 75 93 26 182 60 11 34 89 128 111 211 79 110 88 118 104 78 78 0 0 46 21 55 120 77 6 26 74
84 9 16 18 3 29 44 62 131 65 102 177 21 69 57 206 6 176 8 82 158 66 20 85 54 35 0 14 46 52 54 27 104 123 21 114 74 69 10 24 0 72 27 2 97 22 103 125 56 0 84 30 72 179 35 0 46 129 53 35 0 60 125 56 109 45 155 108 50 59 24 145 56 151 0 0 102 111 42 133 40 33 9 142 104 60 172 53 26 106 125 102 84 74 57 235 206 63 84 146 24 18 35 50 34 77 18 111 18 112 62 75 28 32 0 86 79 0 104 49 62 32 24 1 30 83 91 116 38 67 18 75 58 10 122 189 32 68 114 78 62 133 18 74 154 66 128 126 87 72 64 105 62 99 40 122 68 30 110 52 6 41 120 136 0 74 34 73 70 117 58 56 68 16 88 48 0 21 62 73 114 74 102 56 59 10 12 139 118 47 160 92 41 1 18 107 46 89 92 161 142 188 45 10 52 33 12 75 45 89 78 58 48 72 20 29 67 53 86 22 75 102 138 86 103 92 79 86 108 42 52 32 49 46 43 81 147 42 76 59 12 59 100 63 34 40 18 45 186 28 46 81 86 0 100 102
54 30 0 0 4 26 45 45 137 20 45 239 12 28 106 192 52 96 18 38 30 84 78 94 44 32 10 22 0 42 47 62 119 103 95 71 7 123 42 0 15 40 105 94 15 35 10 149 32 110 45 55 5 15 71 36 0 53 88 40 77 8 53 19 109 8 5 140 151 0 58 27 7 12 7 0 12 45 45 12 0 34 71 50 30 59 18 41 48 8 19 1 20 35 94 105 186 39 137 79 43 8 27 10 54 41 24 7 96 148 105 63 41 21 75 0 157 99 67 118 46 38 40 24 126 148 43 25 18 33 20 12 30 27 28 0 41 79 84 0 91 0 55 71 108 115 32 33 0 0 20 18 1 28 3 15 157 54 38 8 5 113 45 27 19 25 8 58 124 17 52 5 47 24 20 113 14 76 12 127 72 45 1 69 57 46 46 57 0 26 7 91 52 5 102 81 81 0 66 45 11 84 84 0 30 10 15 90 0 48 93 6 12 18 49 36 35 47 40 121 99 0 142 81 47 30 43 74 66 9 41 18 41 0 81 81 28 0 83 81 62 145 6 49 30 210 0 82 0 25 7 88 8 63 114 37
3 160 0 6 8 60 73 27 31 0 81 32 50 8 0 54 153 24 24 24 40 49 56 84 79 0 109 41 75 49 9 12 21 118 21 69 94 109 28 39 82 24 0 65 30 84 92 70 87 86 41 30 59 49 4 74 39 108 0 42 0 18 31 65 10 63 81 10 52 13 0 93 66 68 0 15 62 32 0 35 0 72 32 23 45 108 36 23 36 147 16 50 117 114 0 40 4 6 64 60 124 20 54 87 35 107 126 16 45 41 104 116 3 74 33 43 81 0 98 43 102 218 45 0 5 43 50 31 24 4 84 50 29 4 66 52 18 92 30 107 107 54 56 6 24 79 84 55 48 40 30 54 35 45 54 54 109 84 40 48 97 127 61 64 0 92 101 30 110 7 46 24 95 12 24 0 0 4 112 16 58 24 56 29 27 3 15 54 0 39 9 47 113 0 84 2 0 0 13 80 62 48 1 85 125 35 41 9 0 95 113 30 10 3 0 75 0 78 61 34 92 92 96 30 54 33 26 0 45 52 50 18 79 57 6 129 52 30 21 47 77 0 70 75 36 5 78 86 77 57 20 78 109 94 70 18
45 109 92 54 25 28 34 90 0 64 99 38 76 100 74 103 160 68 61 63 44 106 63 52 40 93 120 87 58 50 29 172 51 173 48 120 99 55 4 93 52 41 103 52 8 72 78 51 21 99 6 108 114 11 140 20 26 86 116 147 35 87 123 30 53 31 97 84 104 87 115 137 32 27 45 21 0 121 178 50 42 49 110 103 71 20 52 65 35 51 28 3 58 8 224 28 49 16 89 145 60 113 102 76 18 148 95 53 119 104 64 107 90 30 107 153 96 10 50 95 92 69 129 16 52 132 14 127 61 9 0 35 30 24 52 42 10 207 30 164 67 25 172 21 117 98 167 73 88 83 154 202 97 92 105 111 56 84 143 61 35 87 152 204 31 47 49 58 72 117 84 0 209 30 36 153 108 103 131 51 36 32 16 255 75 158 37 60 35 0 29 119 68 61 108 23 2 131 29 69 80 78 60 102 105 37 16 40 56 61 122 105 14 76 134 83 167 48 42 93 143 42 176 97 112 107 170 48 31 64 97 67 40 54 130 168 0 48 183 24 135 114 40 119 61 80 42 66 209 55 50 142 56 0 0 70
14 84 48 124 22 125 99 74 114 72 44 133 152 177 53 12 6 50 4 59 74 256 157 24 164 56 128 0 7 105 31 146 8 150 192 126 55 61 104 22 34 102 99 131 10 64 106 99 20 60 104 40 24 68 93 102 36 201 91 12 96 49 240 12 24 52 31 81 188 154 116 91 16 0 0 99 62 122 300 108 0 36 72 116 97 52 0 144 28 124 116 41 85 88 154 65 36 16 48 331 167 62 225 134 41 61 125 70 92 22 141 126 58 26 126 68 38 108 16 71 114 144 36 90 32 36 76 12 114 81 30 12 127 29 99 65 101 133 10 78 60 125 45 47 18 224 177 9 18 66 44 70 83 58 42 54 124 190 74 102 74 215 18 193 47 44 98 64 78 14 27 92 205 78 48 0 149 42 17 183 75 84 51 25 43 75 103 14 63 54 81 0 162 60 116 24 108 81 190 20 72 131 51 31 45 76 0 54 18 77 115 84 79 140 108 67 81 116 3 154 143 18 96 38 50 63 89 177 16 0 92 36 89 90 28 111 161 9 126 89 52 140 90 98 234 15 0 82 4 100 72 91 22 80 117 152
63 0 0 2 21 0 84 71 96 0 81 99 0 0 84 81 9 95 112 76 20 48 0 16 54 0 0 27 35 70 202 18 153 15 35 159 7 128 27 38 0 79 30 27 0 105 26 31 183 98 69 0 72 48 54 0 15 21 101 8 66 56 93 79 98 8 18 99 69 73 28 45 89 34 0 12 12 91 0 175 0 42 0 39 54 27 20 135 0 33 62 47 0 24 63 49 64 1 42 54 42 27 120 12 90 52 87 90 14 91 69 58 6 141 70 18 0 81 67 164 39 53 15 54 3 65 0 53 75 36 84 45 50 4 21 78 29 162 30 0 89 12 109 81 50 136 69 18 115 16 87 79 6 0 18 84 75 132 38 52 31 1 54 45 58 27 31 170 28 48 32 179 58 32 42 79 126 15 54 165 45 56 8 198 100 63 14 12 46 36 48 72 0 8 149 2 105 0 189 237 81 34 24 81 162 0 0 63 81 99 36 4 63 108 18 167 63 26 78 99 4 105 86 63 46 91 87 63 100 15 0 65 16 66 81 146 51 42 59 69 90 120 74 105 55 6 14 0 56 0 71 111 79 6 110 42
16 60 68 55 82 75 102 38 77 9 84 81 92 112 36 48 175 35 112 234 91 94 107 56 53 49 141 66 0 9 32 33 50 147 39 117 0 38 13 101 14 29 32 97 34 158 101 69 80 90 20 105 63 143 35 27 70 187 35 14 83 0 96 8 67 5 102 49 122 32 82 10 27 53 0 0 0 98 0 63 8 52 104 55 34 3 64 5 115 155 42 63 33 56 76 99 25 9 28 168 41 121 117 16 48 30 94 82 36 18 70 28 0 129 110 16 15 32 167 99 20 140 54 2 85 98 0 28 12 10 216 116 48 4 63 57 51 200 79 138 63 0 84 9 105 70 78 53 160 118 23 65 28 117 20 42 89 140 67 43 33 22 42 158 48 34 45 71 6 66 0 133 106 48 60 76 82 2 24 190 83 183 0 68 159 96 59 6 48 54 55 22 146 30 84 36 89 10 0 55 72 131 0 45 55 52 60 28 32 48 149 41 58 7 120 93 24 40 41 51 96 13 64 115 11 76 80 35 0 4 70 16 20 0 0 180 159 97 10 42 34 73 123 69 8 148 40 24 34 79 35 23 92 24 29 33
135 54 150 68 113 62 12 101 136 0 87 83 54 18 71 100 26 99 16 63 110 54 211 84 82 95 84 54 44 62 86 41 81 16 54 45 72 72 32 21 110 13 66 128 18 14 76 28 14 89 46 94 81 110 77 86 124 89 69 71 15 38 109 37 150 65 0 93 37 88 140 66 124 87 0 153 9 83 145 52 58 30 114 45 159 85 28 85 0 105 72 12 6 84 125 24 68 78 97 65 0 50 105 120 76 89 149 44 136 16 24 176 46 69 182 3 65 11 38 36 0 93 73 10 181 72 158 46 87 24 89 10 61 42 0 12 31 87 139 69 100 32 43 34 79 148 55 111 162 21 131 132 18 0 30 28 135 113 149 189 49 64 103 72 36 6 168 62 40 71 36 78 110 25 72 105 161 40 16 23 83 62 16 90 6 0 31 188 15 57 106 18 145 180 64 8 147 133 27 18 23 102 115 158 27 168 11 117 90 80 9 78 158 109 133 60 31 72 66 86 68 148 90 21 0 77 169 23 15 94 87 146 36 27 133 142 33 10 45 19 16 141 54 18 230 65 0 42 133 44 110 106 36 2 87 98
146 142 118 0 45 36 63 78 57 144 139 45 0 101 69 94 77 105 15 81 72 98 97 50 18 42 123 38 40 90 15 21 71 45 139 9 12 99 36 0 68 154 142 91 66 156 0 120 28 89 8 9 93 0 0 121 19 75 26 92 98 38 33 42 103 18 90 91 72 12 54 191 81 28 14 51 9 101 124 7 0 0 52 8 103 139 150 87 40 153 3 24 74 16 332 65 106 161 104 190 56 46 52 40 45 26 174 85 20 42 125 52 69 20 33 66 91 18 79 118 168 85 143 12 29 88 24 74 35 27 40 28 54 144 75 79 116 81 112 26 40 72 73 38 35 71 4 69 146 6 132 184 109 146 26 28 69 83 17 161 18 134 20 231 13 29 64 131 44 131 20 42 51 45 45 42 91 16 38 27 78 21 6 92 73 157 58 48 28 66 87 0 72 39 60 35 33 9 108 114 52 78 144 0 116 168 57 0 16 20 58 0 66 56 48 64 180 56 94 17 82 120 0 39 80 122 162 118 103 0 172 6 23 20 114 93 30 15 73 25 43 151 110 53 44 45 0 40 74 49 69 51 46 40 17 131
63 7 90 65 0 96 27 161 59 40 180 20 147 41 43 97 54 97 102 22 103 80 120 63 117 22 18 114 10 44 107 52 48 44 45 49 22 245 38 61 88 140 51 131 12 64 8 54 92 113 18 84 85 58 86 136 81 131 58 12 113 71 28 16 56 176 150 119 70 65 0 59 61 88 51 120 0 88 42 76 48 117 88 151 6 0 54 127 63 93 96 33 5 33 74 17 82 69 98 11 0 54 52 40 12 73 60 173 27 0 19 16 72 49 26 110 94 34 79 67 41 46 8 4 108 87 96 18 197 15 64 21 15 12 64 12 84 48 58 253 88 40 56 9 8 161 36 79 21 98 71 107 63 38 98 102 106 122 35 10 104 147 44 34 39 114 21 64 0 60 25 82 168 28 92 136 38 42 61 156 83 48 15 62 46 57 5 72 176 32 20 67 52 0 76 44 98 60 82 104 91 46 27 25 51 79 24 2 71 41 84 99 53 92 117 34 86 163 27 0 108 74 26 24 49 161 110 195 57 125 61 90 36 81 45 124 39 0 36 96 36 72 3 22 48 0 0 88 52 55 19 76 30 168 12 21
75 32 18 130 24 51 107 114 12 181 91 210 48 72 137 203 45 58 84 100 226 113 121 54 14 0 140 8 81 45 61 126 25 66 142 137 87 58 6 9 67 50 39 108 35 40 44 225 4 48 0 110 68 133 125 174 30 214 88 108 226 112 45 59 107 106 17 142 105 38 81 71 7 60 89 105 0 116 234 96 63 61 68 69 48 20 64 201 33 68 168 15 38 121 20 76 99 49 121 200 122 105 129 34 73 85 182 184 92 64 44 151 0 4 89 75 190 145 87 113 81 75 0 110 36 179 0 76 169 24 60 64 97 18 68 107 56 138 28 140 180 33 32 87 87 254 32 87 105 142 200 36 0 4 32 15 201 63 36 83 74 92 103 174 78 153 169 91 56 119 93 113 89 51 75 36 166 153 27 106 145 63 35 93 36 9 60 27 113 36 42 12 55 12 74 42 122 81 168 122 109 219 0 36 45 9 12 80 46 64 25 96 93 14 123 110 51 72 21 73 27 0 158 72 135 227 8 148 46 25 116 117 2 72 87 57 33 73 86 36 4 64 60 60 174 103 45 6 36 65 65 50 8 62 206 68
115 191 97 42 72 0 164 79 210 175 36 32 85 76 64 153 2 116 58 109 0 12 46 101 63 122 102 40 46 92 52 62 10 110 78 185 48 143 36 42 70 96 158 3 20 121 8 170 86 50 15 51 74 57 0 20 76 36 140 73 27 173 146 136 43 12 164 20 172 15 72 218 96 87 73 91 12 85 57 110 3 60 95 75 95 25 70 8 7 141 140 0 13 10 239 108 56 0 125 105 76 13 49 49 70 82 143 88 64 58 138 130 48 133 77 4 44 110 63 38 96 32 82 38 68 46 18 47 67 36 63 100 4 56 138 79 177 231 0 117 65 184 151 23 95 40 114 177 76 82 89 176 101 84 47 56 203 60 142 88 23 125 76 243 19 0 85 38 28 198 90 0 115 30 77 94 139 83 74 81 131 20 71 170 88 94 27 65 50 34 0 89 40 14 68 81 127 19 19 18 36 62 182 63 51 167 0 126 0 7 50 121 21 155 52 45 113 83 64 28 60 86 22 74 68 111 54 184 3 26 100 96 46 13 157 94 7 107 157 91 2 58 96 0 67 52 37 63 95 61 169 123 52 64 121 87
6 118 76 0 0 0 111 37 142 82 206 0 30 54 6 81 36 18 9 98 32 45 68 27 87 16 0 24 63 115 87 99 185 43 24 117 15 63 12 65 3 18 24 0 31 109 88 8 188 73 15 44 82 14 30 118 109 71 71 0 3 104 53 62 24 6 42 101 78 48 40 120 14 4 0 72 14 35 34 28 0 54 8 96 63 36 4 81 26 8 142 43 0 1 23 20 68 43 50 133 70 27 33 74 36 108 15 26 60 44 96 32 4 54 0 50 23 118 20 47 34 44 45 47 0 64 45 6 134 18 55 16 12 30 21 78 54 109 8 175 24 14 79 14 7 66 36 58 0 54 86 68 36 3 113 0 93 36 8 70 51 205 81 86 46 89 55 47 6 22 2 139 42 72 12 63 84 43 41 29 77 8 43 30 31 60 75 150 171 0 7 64 90 0 70 34 16 24 121 101 77 112 24 21 40 39 24 4 0 0 32 56 47 129 91 28 55 2 0 69 7 148 75 6 26 58 148 138 48 42 6 58 90 136 12 70 8 18 40 0 90 35 69 0 16 14 92 34 14 54 81 72 21 135 74 40
99 95 40 63 2 0 78 34 78 35 31 187 41 11 110 80 217 85 78 158 110 109 23 28 123 63 22 134 16 51 13 0 49 78 23 136 50 125 26 84 95 73 141 113 60 100 164 136 157 58 58 28 25 16 14 78 91 56 64 14 4 81 154 215 89 25 26 18 165 26 120 54 119 51 27 93 0 129 8 92 49 81 83 92 32 129 86 108 71 70 55 49 63 15 87 82 45 68 48 51 28 3 106 62 48 163 12 143 6 80 56 126 52 4 33 4 70 68 225 211 53 85 16 28 28 122 0 31 81 8 78 62 138 24 73 28 24 117 56 117 76 76 105 0 84 98 137 73 105 113 56 72 46 94 15 16 61 43 109 35 25 106 143 23 47 69 173 101 36 92 30 111 117 105 76 99 186 17 57 50 74 14 0 187 75 145 19 11 12 162 107 107 109 44 126 100 97 112 12 66 12 125 0 9 66 129 117 94 74 88 72 0 136 75 25 24 27 75 37 113 72 28 42 35 78 16 66 81 16 88 151 75 55 16 87 69 284 42 82 70 48 0 51 0 0 7 51 41 203 24 119 104 86 146 133 55
22 129 4 13 65 9 62 0 101 20 72 73 65 47 27 65 75 99 67 53 66 151 74 0 148 35 81 44 39 96 22 143 147 30 72 98 4 30 37 110 31 38 57 21 0 71 0 127 120 87 64 38 85 67 32 45 33 30 60 59 38 70 114 49 18 96 113 196 39 28 32 83 10 70 21 56 45 147 72 65 46 81 27 129 89 0 79 108 18 104 129 46 54 24 19 105 66 56 105 5 15 46 54 32 100 77 44 59 58 51 42 51 88 126 63 98 145 89 62 58 62 4 27 17 0 0 48 35 58 33 0 116 61 52 105 73 85 51 18 52 24 0 118 17 45 70 27 105 66 112 41 0 24 30 4 72 97 9 26 73 15 192 27 123 104 82 2 91 38 84 98 17 72 127 57 172 70 0 52 47 33 77 35 45 64 3 72 36 63 75 36 193 16 50 24 87 21 30 30 44 184 56 89 4 0 63 58 48 4 6 38 16 158 106 8 70 81 9 109 66 55 75 102 35 24 226 72 214 15 43 70 42 18 62 128 28 32 26 0 79 0 67 84 124 77 28 0 28 42 59 64 34 15 44 8 59
2 75 46 3 6 0 80 12 58 70 12 21 25 7 15 55 56 12 24 70 96 16 0 0 27 93 47 0 78 17 24 61 8 32 42 0 72 19 5 0 45 37 20 69 12 75 69 1 54 0 4 35 20 1 14 0 61 0 72 51 65 108 88 0 0 27 21 62 64 0 6 62 60 51 17 36 0 35 35 11 0 0 39 30 31 0 30 154 0 17 0 83 24 0 99 8 28 60 0 0 15 0 1 48 84 0 76 43 24 58 8 64 92 61 16 14 56 70 2 23 6 0 4 30 83 24 45 25 86 28 113 24 18 15 40 0 0 7 32 72 38 9 101 26 93 57 48 19 29 28 57 0 0 45 3 19 46 109 72 54 6 57 22 11 14 55 86 26 5 131 81 30 16 16 20 0 85 0 81 42 20 21 56 122 5 7 5 24 18 0 72 29 12 1 66 8 18 0 156 95 3 51 0 9 58 99 30 0 100 0 6 71 0 57 0 15 31 56 12 69 8 12 41 27 49 45 15 10 21 36 50 9 0 20 3 51 31 49 18 23 68 99 6 18 0 2 16 0 0 27 0 0 0 16 0 24
28 121 77 4 3 47 121 57 190 0 201 72 32 115 112 190 20 7 55 87 46 41 44 57 201 0 40 34 64 41 122 74 156 90 23 103 178 6 18 38 34 97 110 86 114 89 95 90 136 77 103 20 96 76 87 85 106 0 38 16 78 56 91 104 69 127 32 0 150 40 80 140 92 88 128 33 36 193 9 184 16 36 30 19 42 24 54 30 72 0 45 120 76 44 63 40 60 38 75 123 54 35 143 12 152 84 89 57 30 61 108 102 62 50 0 58 70 24 45 71 171 57 68 0 29 67 0 112 41 25 85 0 20 0 45 44 89 135 64 100 75 107 67 2 72 171 97 119 162 83 149 167 52 0 37 45 93 122 20 81 23 100 88 134 27 59 62 149 21 155 84 150 54 40 0 77 30 80 64 119 135 60 77 129 55 131 46 63 83 32 65 175 6 0 108 9 4 28 94 161 248 46 0 127 140 173 34 8 38 100 45 1 80 69 22 111 37 107 28 31 25 12 29 3 157 53 128 100 32 92 104 16 47 151 93 187 103 76 15 31 55 41 43 139 105 10 0 100 36 126 100 130 24 147 71 70
42 109 87 35 24 74 82 129 101 76 82 169 27 135 108 182 143 129 35 258 107 21 43 121 59 4 96 36 59 21 11 208 70 94 76 254 60 84 100 45 68 4 24 108 143 15 11 201 98 62 40 16 63 83 0 83 29 92 21 61 35 122 24 130 160 0 38 50 100 16 35 89 83 147 33 68 42 214 19 144 90 18 0 78 109 16 93 0 32 171 137 6 75 80 72 190 139 168 76 208 54 83 104 125 108 191 167 220 107 63 100 144 28 112 89 9 32 118 61 46 96 225 99 4 25 111 93 92 181 33 82 96 56 92 156 281 20 163 20 204 35 184 60 21 15 225 91 212 97 98 115 140 0 8 56 49 198 42 78 70 89 180 129 266 49 93 150 48 0 194 88 88 72 112 74 32 201 27 59 77 89 99 78 208 79 12 71 129 54 106 34 121 88 36 36 20 0 36 0 102 97 203 48 18 68 153 31 104 20 255 9 0 144 98 3 165 68 18 84 6 155 177 173 113 0 126 146 152 54 88 135 90 8 68 184 103 101 37 70 49 146 123 173 70 8 64 79 14 10 102 132 76 94 56 50 150
8 98 22 55 72 111 49 70 42 52 0 85 8 26 20 44 35 20 90 25 76 132 115 70 9 18 141 28 0 0 8 36 0 111 10 66 28 82 29 0 76 8 15 96 41 14 0 31 99 20 6 54 25 0 111 131 2 97 91 34 0 8 112 66 40 23 0 54 98 15 72 103 70 45 14 91 0 69 96 125 0 32 90 34 54 0 54 84 8 48 21 40 73 45 45 27 15 0 60 131 0 32 99 48 71 36 108 24 0 0 38 92 48 43 106 0 24 9 87 20 0 124 34 16 69 16 78 24 67 15 56 37 113 0 145 80 18 117 25 86 34 10 54 30 16 161 45 12 11 12 76 81 43 30 0 39 71 119 34 30 53 40 147 125 0 30 38 20 0 14 56 89 115 8 118 122 98 20 20 21 36 50 0 78 40 87 63 28 48 95 104 149 110 77 36 0 42 18 93 40 70 52 32 45 117 44 62 136 0 61 64 40 111 20 89 65 9 0 130 27 36 83 82 0 0 54 154 41 0 128 91 82 27 32 0 135 15 0 82 47 75 94 85 43 125 42 40 0 64 39 39 122 14 70 51 109
59 9 14 36 21 4 70 77 21 49 31 5 21 0 0 7 32 79 58 15 0 0 6 8 20 0 30 0 20 59 70 63 8 26 71 69 8 0 0 56 18 129 0 125 5 21 0 54 36 101 2 7 24 0 48 9 12 4 53 26 21 35 24 39 68 71 91 35 17 33 73 56 6 79 70 21 0 87 7 42 0 0 0 58 11 30 0 14 0 71 0 22 3 27 9 104 33 53 14 8 17 43 51 14 20 113 12 60 72 40 0 3 0 0 55 0 0 2 17 0 39 64 0 26 27 27 33 39 16 0 0 28 18 0 29 5 67 12 50 79 44 0 11 14 81 62 153 0 43 42 93 193 29 91 60 36 77 76 33 7 27 52 83 0 0 22 16 25 0 21 5 0 81 28 0 51 11 9 0 63 0 21 25 33 28 6 78 18 33 27 74 32 21 39 9 0 12 54 9 0 21 61 16 62 36 24 12 38 0 31 64 49 0 0 82 4 0 24 17 0 43 77 75 0 0 61 59 20 43 100 6 9 0 8 7 80 0 3 4 8 36 28 20 14 98 9 44 28 12 14 68 74 42 9 3 6
88 97 0 8 0 72 61 9 116 0 87 144 81 94 70 47 62 186 46 6 112 75 157 18 42 35 6 0 86 132 2 103 119 21 99 99 48 12 72 126 9 70 47 0 0 70 46 113 125 87 56 28 44 56 25 40 36 63 55 45 56 85 125 30 141 43 181 12 36 55 142 167 0 62 0 0 49 3 31 56 16 25 9 0 43 84 154 128 15 124 0 28 86 9 132 76 113 50 172 99 15 64 6 35 68 170 74 69 50 113 46 120 94 53 30 56 112 126 76 126 60 56 15 0 69 96 29 9 5 35 92 101 4 7 51 161 85 43 54 84 28 36 54 9 0 45 64 72 0 24 83 28 75 33 56 0 159 0 94 110 129 152 13 54 93 176 58 93 81 114 46 46 40 166 12 49 30 74 38 145 71 45 121 84 47 36 9 40 112 307 121 56 54 0 45 146 0 51 90 148 252 71 12 32 23 24 81 36 60 127 60 127 38 48 94 51 62 68 152 193 32 80 75 109 60 46 66 105 41 68 30 138 4 85 150 49 16 15 88 60 9 82 40 15 145 79 0 34 56 91 168 100 24 24 32 42
0 11 5 72 51 72 138 134 82 98 136 94 92 147 77 126 26 210 28 71 139 129 126 47 36 63 0 109 68 10 179 55 162 205 81 138 96 46 14 7 4 110 42 138 6 160 60 106 27 74 128 52 149 128 73 82 102 181 192 18 54 88 92 34 80 115 66 78 91 30 104 148 72 63 0 158 71 96 119 28 0 90 56 120 40 27 34 119 24 110 104 89 16 120 115 99 47 24 77 93 80 51 35 90 5 75 99 129 42 20 117 297 59 0 63 88 14 41 147 87 73 36 0 17 73 5 0 81 49 34 0 72 8 34 48 62 91 77 92 76 0 68 29 62 35 119 135 53 60 10 35 44 0 21 64 50 53 70 12 94 72 48 73 157 55 64 73 0 42 72 57 17 198 42 32 145 179 109 89 57 48 18 107 13 139 13 64 20 9 40 105 58 2 0 103 59 41 77 87 128 246 54 18 0 64 9 48 42 0 59 69 0 56 184 52 49 7 0 62 69 48 5 0 153 40 120 69 56 40 98 10 142 0 63 54 100 129 12 0 64 48 65 14 42 120 85 54 53 20 72 12 9 47 64 36 74
64 135 109 51 41 15 104 30 126 73 98 15 55 10 65 198 13 88 45 67 56 106 50 38 72 73 53 69 0 37 49 138 0 8 77 99 29 73 1 0 99 97 103 136 42 30 38 64 6 242 148 2 96 158 54 16 78 100 0 20 33 133 120 44 0 37 100 53 104 72 48 51 120 48 77 61 0 110 26 70 20 0 17 16 73 71 56 93 44 83 91 0 36 32 174 35 19 30 103 131 28 87 88 5 77 80 26 140 69 98 28 80 20 108 135 12 4 1 49 0 131 151 149 21 84 59 96 62 105 102 272 76 82 91 48 139 0 115 133 25 125 68 63 134 86 87 61 142 12 63 174 49 20 32 49 115 156 170 61 106 1 193 0 184 0 39 23 140 87 63 35 101 6 32 22 42 117 61 139 72 58 140 60 145 35 45 18 24 49 43 28 120 199 61 18 81 58 94 82 96 39 77 0 86 142 169 63 43 99 5 40 38 70 154 91 286 16 171 152 151 75 81 133 25 33 49 48 97 28 45 19 8 30 85 56 84 15 25 7 87 193 48 169 132 104 0 0 36 76 58 25 128 51 17 63 99
10 73 40 48 56 72 59 4 24 0 34 45 4 32 35 40 8 121 166 65 0 91 128 108 69 36 72 0 0 45 47 20 175 0 40 120 0 99 27 28 53 0 2 25 0 0 0 29 39 0 36 57 0 9 60 35 83 8 0 12 161 39 51 0 0 57 88 56 144 58 32 52 27 46 0 8 0 0 155 165 75 49 56 28 89 12 0 72 36 169 56 53 0 40 72 54 95 48 94 48 56 16 84 56 27 45 0 26 0 84 6 3 78 68 0 0 166 99 7 104 48 0 0 87 0 88 0 14 18 24 0 42 6 110 32 0 56 63 30 54 51 72 36 0 9 78 0 32 111 3 26 66 0 3 9 51 46 36 86 103 0 72 42 45 69 35 72 126 0 68 0 251 78 15 83 72 0 0 32 63 56 51 5 92 141 144 0 39 62 8 0 9 6 8 78 18 30 20 127 12 0 59 18 105 15 15 28 18 56 111 21 0 9 0 70 83 0 30 124 0 120 0 99 54 18 64 125 130 36 0 77 16 24 60 24 217 36 0 63 121 0 0 7 99 164 49 0 7 0 0 24 0 0 66 56 0
51 62 113 60 7 8 187 33 40 9 93 72 8 111 29 84 188 71 71 230 18 43 134 29 6 171 7 12 12 72 52 0 64 26 17 121 36 62 0 12 92 118 20 72 79 95 73 133 71 35 44 186 27 62 17 57 49 32 97 36 3 7 52 72 81 44 92 65 105 69 9 89 88 93 0 50 0 154 0 37 87 28 36 78 71 115 0 27 133 132 50 21 61 1 57 217 53 155 42 90 6 75 21 4 87 184 92 134 89 96 7 12 0 5 46 20 122 9 100 88 80 131 42 54 14 136 65 20 61 8 56 53 109 48 216 103 35 41 125 31 12 59 28 0 170 23 161 69 13 48 150 202 28 47 34 20 74 56 122 43 68 109 110 139 20 252 131 39 8 113 31 0 85 41 12 127 110 100 91 31 94 13 8 185 124 11 27 102 45 117 189 32 113 6 51 48 61 50 11 9 195 53 64 20 7 57 59 80 0 76 38 66 6 3 37 60 0 58 150 19 78 101 75 5 23 1 75 35 57 32 112 74 70 53 88 153 66 4 21 147 3 62 59 24 88 19 105 72 145 57 110 51 13 0 30 48
27 15 84 128 1 35 54 136 120 161 72 0 56 50 21 54 74 30 0 87 0 4 6 78 0 0 0 23 0 56 18 97 69 74 29 18 147 76 91 63 45 133 114 144 60 182 12 32 41 0 21 84 7 89 107 28 66 222 0 0 30 2 117 94 84 126 81 76 35 27 33 187 27 114 0 42 61 96 125 163 54 108 5 107 18 3 30 27 47 178 139 42 8 39 120 0 51 13 90 51 0 4 35 63 54 10 170 94 0 18 216 145 0 45 10 40 64 23 130 130 18 81 54 18 0 23 43 16 48 14 56 40 93 8 56 91 81 75 154 54 0 32 136 2 12 161 93 116 99 39 91 154 81 78 68 54 8 153 51 103 109 72 99 253 0 90 41 63 35 79 40 148 86 6 24 24 104 23 194 27 35 136 86 74 60 93 59 27 0 4 0 43 153 12 146 0 48 18 12 10 8 200 56 27 51 119 0 0 108 42 68 0 61 0 153 135 95 0 93 165 75 96 0 0 102 40 12 101 83 26 96 121 82 66 234 82 30 0 5 0 36 4 66 15 0 9 75 133 113 0 78 32 36 9 0 86
37 53 75 69 31 63 54 43 94 157 18 42 58 57 67 218 9 0 51 51 29 163 10 0 24 0 52 5 36 40 0 93 84 70 15 2 51 63 4 88 50 110 47 56 32 113 84 100 114 80 28 42 102 53 50 151 26 94 43 0 72 41 35 46 18 23 12 150 150 9 121 15 88 63 0 30 75 64 108 54 0 77 86 100 118 42 18 128 32 119 117 51 65 0 177 115 70 21 106 134 48 45 82 73 82 15 83 56 36 36 103 126 40 59 74 35 9 119 25 70 14 80 13 36 67 17 66 49 64 33 54 86 61 69 40 77 21 95 26 134 50 13 41 23 72 25 168 0 82 9 98 44 107 45 36 0 62 91 13 18 26 65 174 38 93 103 33 6 0 29 81 63 117 132 40 81 69 3 12 70 30 36 3 79 45 34 88 75 180 20 27 66 66 46 86 15 83 113 0 11 0 149 0 27 8 62 12 54 47 93 0 0 76 72 63 50 74 85 11 97 48 42 84 5 80 67 183 104 4 32 96 36 65 10 20 46 110 43 45 16 11 81 72 107 81 38 0 0 129 35 99 0 0 24 6 82
30 76 46 66 22 98 42 45 14 110 9 61 18 30 29 58 30 137 60 0 75 189 65 170 117 112 33 45 0 99 42 77 36 257 167 78 6 128 0 0 115 153 18 82 66 69 24 217 72 83 81 141 0 81 226 12 63 137 166 0 93 164 9 23 72 45 40 52 72 73 91 134 128 70 0 45 56 72 96 42 0 89 38 53 82 140 0 58 0 119 68 22 14 15 153 36 0 92 81 26 57 47 99 9 42 78 208 0 20 42 68 24 82 18 12 8 72 7 102 75 107 94 18 38 24 113 46 0 82 29 38 72 48 0 32 51 48 155 87 63 68 0 86 0 85 80 270 36 2 16 40 6 10 59 36 54 67 129 80 139 32 0 68 210 18 170 27 148 0 153 78 27 106 35 34 69 47 121 39 28 93 36 45 160 85 48 105 18 72 171 31 80 88 0 55 86 80 79 132 7 86 90 150 51 147 80 8 118 51 115 136 126 8 162 116 27 0 64 55 85 64 0 133 0 40 86 82 50 46 24 77 48 79 69 50 61 122 48 66 151 0 30 24 30 67 31 36 78 104 56 6 36 16 0 40 0
42 16 8 30 0 0 81 0 88 0 48 0 25 95 32 6 90 9 18 0 129 7 98 87 12 137 23 60 72 81 40 0 42 68 5 66 8 57 0 20 63 18 0 14 2 40 30 54 59 10 22 62 4 59 98 36 41 0 17 26 95 142 68 14 45 48 0 0 19 0 72 106 147 10 18 16 0 28 30 0 0 107 0 68 25 37 82 99 92 117 42 35 0 0 27 55 152 167 18 24 0 27 20 54 102 2 99 0 45 151 140 0 18 6 13 61 74 0 101 55 12 25 18 9 56 6 24 46 57 36 45 113 1 9 32 8 45 27 59 66 8 40 90 0 32 120 81 42 68 42 20 54 32 17 48 35 60 4 106 101 0 39 50 158 0 122 33 48 0 93 33 10 70 51 45 12 0 83 105 25 2 0 2 71 29 0 0 45 3 46 81 0 91 10 36 0 21 0 104 71 10 133 78 8 76 57 69 92 10 0 0 93 59 20 30 60 0 40 31 104 72 3 0 0 18 56 81 0 66 0 189 15 42 45 72 42 67 37 18 100 0 105 6 0 12 2 48 31 83 31 30 78 4 10 15 62
0 94 24 40 23 60 56 35 118 0 0 180 25 30 121 98 4 21 0 20 119 125 42 0 70 0 0 8 12 19 72 0 51 36 0 67 32 75 41 55 70 84 0 138 0 51 0 63 150 76 20 121 32 76 67 84 9 60 35 60 30 16 144 36 47 68 40 21 49 26 0 98 20 26 0 60 0 60 63 153 36 28 71 67 53 0 120 72 0 105 8 10 104 48 32 42 71 38 24 130 36 14 37 28 78 4 79 62 8 100 2 63 3 49 86 0 59 27 0 99 104 0 48 11 0 33 45 0 36 22 45 48 61 33 92 17 35 81 92 34 75 10 22 26 64 151 58 36 54 6 38 107 22 0 20 12 117 23 12 42 42 25 7 123 0 65 8 40 36 0 74 45 106 48 86 105 58 0 0 55 64 43 0 75 38 41 18 28 0 106 38 176 0 42 47 6 70 45 21 4 105 18 69 79 5 0 24 12 0 24 110 18 127 36 68 107 23 6 26 133 57 2 21 79 88 135 36 35 24 0 64 90 38 25 28 221 105 25 37 36 0 147 77 60 56 8 0 16 9 62 9 48 0 0 0 91
39 40 84 28 47 15 86 29 15 40 38 109 32 65 0 0 0 19 51 14 0 106 49 60 0 12 66 52 32 69 92 35 16 139 33 21 4 60 35 36 15 128 15 18 30 157 18 49 175 66 12 40 10 111 24 61 24 12 21 27 6 127 54 76 36 0 12 0 140 33 160 103 103 42 5 6 8 38 32 6 40 75 26 143 0 15 38 45 0 72 40 24 117 0 157 85 2 30 0 85 0 20 117 35 6 41 151 18 6 48 127 70 12 40 47 39 117 78 25 101 40 50 10 54 45 73 4 15 24 33 0 0 12 48 56 69 87 156 0 77 60 84 26 56 44 82 82 24 27 9 36 0 0 0 0 35 35 0 6 84 24 32 1 68 17 0 21 80 49 95 0 20 88 0 16 33 47 21 24 99 40 36 0 66 30 0 16 48 24 32 24 72 0 3 78 24 52 0 12 54 76 8 48 0 0 107 42 0 18 28 22 94 66 49 36 42 22 108 12 15 72 69 56 60 35 24 36 74 53 0 6 87 25 9 0 30 19 24 55 0 46 30 113 66 2 0 72 32 120 17 54 42 54 58 38 64
15 90 4 0 36 14 62 46 66 8 1 84 0 0 0 133 0 158 152 35 66 87 18 0 6 24 66 24 61 31 40 17 0 24 40 80 30 76 1 4 0 15 101 81 0 41 3 97 51 110 24 6 0 60 56 72 34 0 74 7 50 44 35 72 75 0 69 42 63 45 40 50 30 33 12 44 35 39 0 63 12 56 123 0 54 0 1 143 6 11 32 0 6 21 15 109 41 63 3 100 24 4 158 66 85 64 8 0 24 48 12 59 42 24 72 94 30 26 36 56 80 36 79 0 34 26 21 40 5 86 25 21 3 0 39 30 0 43 46 45 51 0 69 42 58 8 6 0 48 43 63 91 0 27 0 43 66 30 66 31 66 21 39 5 40 20 12 27 12 78 42 105 102 16 81 66 64 0 0 62 30 153 9 29 80 36 7 3 9 0 69 54 30 18 34 59 0 15 57 0 18 48 36 27 151 63 91 58 6 0 48 24 0 6 121 56 17 50 21 63 31 6 26 81 2 21 54 48 45 19 31 21 25 8 8 127 0 15 0 21 66 103 79 112 59 36 5 15 45 0 44 54 51 30 48 19
0 51 48 0 35 14 3 27 10 112 27 28 8 0 26 42 44 109 27 67 16 80 49 39 101 9 82 58 67 73 12 173 49 54 21 56 28 73 4 0 27 114 59 0 105 0 35 61 73 0 0 30 0 0 52 45 0 119 9 0 58 20 38 22 36 4 32 63 87 2 174 20 12 27 15 6 8 110 2 48 36 8 75 83 56 49 32 132 61 0 63 20 8 36 84 12 21 67 51 120 8 56 53 10 51 40 85 149 15 30 16 15 100 23 56 14 39 45 39 54 66 113 33 0 32 101 79 8 39 35 18 0 34 10 23 42 8 28 24 100 5 56 16 66 0 91 154 41 0 24 85 48 11 18 20 25 90 88 8 85 54 104 60 148 25 57 51 125 14 49 64 53 185 8 43 32 110 32 22 63 35 21 0 29 87 123 0 63 33 58 54 8 102 35 76 11 17 54 0 66 0 101 56 0 0 65 18 0 125 63 42 16 124 0 31 6 0 104 16 54 42 87 80 2 12 43 60 81 15 132 43 14 15 88 144 41 117 35 85 5 8 45 98 4 117 14 55 2 18 0 0 4 31 18 0 63
5 52 27 24 85 0 63 72 72 0 95 171 12 8 114 105 72 60 0 38 45 61 58 0 1 0 0 3 0 39 163 46 88 267 0 78 26 101 45 69 76 33 0 114 24 84 11 163 112 0 20 49 98 24 157 24 75 87 71 41 55 62 20 136 92 45 38 96 104 27 6 86 55 64 0 9 0 52 0 28 9 87 58 60 14 0 38 96 147 0 24 29 41 0 30 158 36 20 0 88 24 113 109 31 0 71 41 26 94 56 93 0 0 107 96 86 2 107 64 18 47 40 18 96 37 9 14 84 101 0 0 0 75 0 128 30 94 99 42 42 15 31 0 8 21 75 87 124 4 35 9 24 47 75 45 0 91 42 115 34 64 56 75 63 9 21 40 88 56 33 0 36 72 123 111 111 27 17 121 171 63 0 23 204 78 4 54 42 54 82 104 102 28 20 67 122 32 5 114 119 207 24 57 55 75 24 117 0 0 99 30 76 28 132 3 20 84 0 108 69 35 119 79 49 10 0 12 33 73 52 106 76 0 42 9 25 22 35 115 134 21 65 31 0 9 71 48 0 76 25 56 33 1 0 56 32
56 58 5 0 25 64 195 116 124 35 110 94 45 68 75 212 48 12 37 36 107 12 0 14 48 108 47 0 15 33 63 66 110 28 0 56 0 18 0 135 4 60 37 127 18 26 65 0 21 132 0 0 136 143 0 0 33 0 121 13 18 59 141 41 53 28 89 48 36 57 74 91 0 77 101 25 0 60 0 72 0 37 76 82 0 0 96 52 0 97 4 21 111 78 88 151 65 50 53 97 59 50 88 51 63 34 42 68 42 51 60 18 84 129 28 0 0 16 53 116 30 73 74 6 63 0 0 21 44 72 90 96 0 0 22 0 45 57 35 84 88 40 96 88 78 45 205 83 40 22 141 104 52 49 62 6 211 76 114 142 14 103 28 171 36 20 16 49 0 81 90 29 56 144 18 58 18 0 51 130 113 96 0 92 0 124 7 4 22 55 18 45 0 12 24 0 8 36 99 128 166 37 0 26 42 16 12 3 3 0 37 28 0 86 6 133 30 64 0 104 13 34 79 108 52 114 82 61 28 2 0 15 30 82 7 45 27 45 30 36 83 45 0 104 59 6 1 28 6 117 68 87 63 18 73 45
30 27 0 81 0 31 164 171 54 28 27 33 137 39 116 63 103 53 0 87 63 0 12 45 60 6 106 42 70 25 9 54 111 76 56 9 70 60 48 16 0 104 36 8 18 128 0 58 42 45 16 0 101 37 19 51 84 70 28 6 71 119 81 201 0 9 0 213 166 90 54 89 106 45 7 0 18 207 97 33 29 35 14 24 27 72 48 112 3 41 51 20 65 0 74 53 35 81 0 155 0 60 54 87 63 158 57 150 67 79 103 70 0 0 59 108 85 88 44 0 63 57 7 66 63 96 0 9 159 16 35 110 31 43 19 35 8 120 101 40 16 62 120 63 268 116 156 21 117 53 121 112 79 12 0 18 82 63 3 0 54 131 111 20 35 36 197 54 8 29 89 76 128 81 43 139 68 134 72 72 81 54 9 21 91 0 45 0 20 51 218 52 36 90 102 0 78 128 63 81 23 97 10 7 124 52 0 48 45 105 49 68 28 0 127 10 125 36 10 32 66 51 76 60 94 49 166 198 57 69 194 95 0 0 72 51 15 104 0 48 3 212 25 24 31 103 117 111 161 0 27 126 21 27 5 128
59 54 48 8 0 32 0 42 16 5 30 28 0 94 66 50 7 0 0 98 74 0 10 0 0 119 0 0 162 196 16 16 136 163 0 0 28 45 63 32 79 24 88 19 48 78 44 13 27 36 48 44 28 0 0 56 82 64 0 0 8 0 23 58 96 7 64 0 0 7 14 107 42 32 0 3 24 0 0 64 0 18 0 0 42 58 47 77 96 0 0 0 45 91 42 16 0 77 80 32 79 1 6 56 40 60 97 21 21 0 4 0 22 0 6 72 47 15 190 0 96 32 0 0 52 14 0 3 26 12 16 0 4 0 0 60 35 14 24 36 8 63 56 72 97 0 0 71 14 10 0 113 37 24 84 48 79 5 16 17 72 80 25 50 21 139 2 0 0 28 0 53 144 65 12 0 27 80 18 119 1 28 40 50 8 0 38 88 128 120 108 0 64 0 32 12 2 16 0 5 102 48 0 12 56 0 0 164 40 16 180 92 0 18 120 46 50 77 42 35 24 76 24 49 42 35 76 37 0 56 36 78 82 117 0 90 4 0 56 40 60 40 35 80 42 4 15 110 0 57 213 80 32 6 81 0
140 134 40 109 14 0 81 72 0 25 77 80 32 60 111 127 0 105 0 54 80 204 59 50 64 16 83 24 15 18 0 105 0 168 0 82 5 120 4 49 80 89 44 0 0 48 61 91 21 105 47 78 0 149 121 15 0 56 7 0 110 105 25 63 112 142 28 118 101 119 38 59 32 72 63 47 62 123 95 154 21 0 49 73 48 87 92 81 84 53 80 53 32 135 53 111 84 11 45 77 179 124 12 48 8 42 63 96 23 93 62 109 117 111 101 140 0 118 84 7 10 69 0 49 38 32 68 0 183 58 121 21 0 35 54 48 40 29 8 64 122 84 85 72 21 24 63 90 0 10 125 80 59 8 110 69 153 80 103 149 20 95 85 77 41 42 72 209 32 150 56 62 60 92 81 100 101 116 79 0 16 21 0 113 25 44 16 18 24 121 18 0 20 35 34 63 40 99 92 0 59 232 104 59 49 124 27 140 35 42 100 0 21 0 101 40 23 195 8 159 58 0 105 40 64 0 45 113 139 49 145 55 24 128 72 120 51 99 105 129 48 42 42 194 184 59 7 28 0 56 6 144 9 45 80 65
13 22 127 81 43 0 24 101 36 26 58 50 24 30 48 82 0 14 41 56 28 128 52 15 14 14 29 38 0 52 34 15 61 78 111 16 69 30 28 0 10 37 48 0 6 0 0 43 43 27 39 78 106 21 32 27 95 9 0 6 66 24 0 101 53 122 39 93 0 41 6 20 23 67 27 38 0 27 36 32 31 30 5 17 77 6 16 50 12 30 5 154 108 36 143 56 8 62 112 48 40 119 0 4 24 24 60 24 0 0 6 27 30 60 30 72 59 43 0 25 8 0 30 0 64 102 0 0 68 3 36 89 28 72 111 83 12 32 7 54 33 33 53 0 18 35 10 68 12 80 87 46 40 96 0 18 60 139 14 34 107 56 83 28 3 86 74 115 24 125 12 15 95 12 79 0 32 54 18 4 28 20 0 22 24 0 78 9 87 16 0 81 27 22 6 0 42 127 51 34 36 85 20 15 36 96 49 93 95 75 54 0 49 24 62 50 18 14 57 28 0 78 76 29 62 22 153 6 4 63 54 32 36 34 54 54 67 72 66 16 103 49 81 131 15 4 28 0 49 10 6 11 57 0 0 35
62 8 54 68 13 61 36 112 100 152 96 41 70 75 82 33 18 21 108 64 116 149 86 57 111 116 130 24 14 72 49 63 5 66 41 157 42 134 8 99 60 22 68 0 24 125 20 83 124 69 40 165 63 82 157 4 91 36 51 149 116 57 112 34 141 122 145 153 174 71 47 42 108 101 63 50 123 55 53 70 0 22 0 68 70 114 52 216 72 165 56 67 36 29 130 0 103 166 49 95 84 85 159 43 12 105 54 69 12 32 16 88 89 133 20 61 104 131 84 68 36 12 18 42 103 47 78 75 40 28 29 36 3 26 44 64 82 96 67 45 31 109 8 54 58 81 81 68 8 81 160 84 34 114 18 119 100 70 169 88 27 133 75 33 54 235 21 56 56 137 60 115 183 164 92 46 164 100 80 144 108 45 104 167 71 26 11 45 59 80 162 86 123 8 86 297 78 104 104 64 133 93 52 12 64 64 27 68 47 36 93 126 83 97 93 100 20 27 76 198 169 99 218 72 183 92 8 93 12 80 88 93 32 170 0 123 124 36 205 105 48 64 18 69 105 48 45 4 197 10 105 99 18 0 0 0
78 38 73 77 10 30 98 0 280 106 43 63 76 92 138 182 14 0 45 169 47 63 77 19 38 10 75 45 42 5 4 40 28 87 115 32 83 57 55 53 45 12 62 48 76 18 67 70 10 0 59 57 60 20 80 72 48 134 43 28 84 54 74 39 157 22 74 37 106 63 134 120 62 80 28 0 6 32 72 81 51 35 57 52 115 28 39 16 51 5 24 0 33 0 176 56 21 30 141 82 32 62 79 28 71 25 81 15 124 35 26 62 25 84 147 56 119 49 87 41 97 133 41 18 42 67 5 8 47 35 100 0 86 0 11 21 74 193 28 243 66 65 59 78 87 148 67 108 27 49 92 48 0 12 12 7 59 69 217 95 74 52 50 74 25 54 110 23 88 86 78 80 102 15 4 40 115 64 94 119 35 84 0 113 54 62 23 120 94 54 9 89 113 0 101 93 76 119 95 9 80 167 70 5 31 64 16 57 54 131 56 116 25 20 117 54 44 86 0 151 92 27 34 20 86 30 92 131 49 0 49 53 55 64 0 88 15 28 80 108 51 44 53 97 72 30 11 140 10 42 28 193 41 68 46 52
10 66 15 0 25 80 47 71 36 24 61 40 16 87 119 118 49 207 14 64 26 56 83 25 14 104 4 32 92 43 42 18 9 54 81 36 51 78 0 55 30 101 66 50 85 31 87 68 73 32 13 33 42 8 35 65 80 182 4 13 80 80 23 100 23 18 1 60 75 60 62 105 64 12 5 122 132 79 63 128 21 39 96 131 65 46 59 86 172 106 32 25 0 89 46 108 16 60 28 55 40 66 64 117 91 0 0 191 20 40 8 60 87 54 47 33 69 59 151 203 38 40 56 6 8 105 50 24 43 0 48 0 12 41 46 61 49 18 39 123 62 72 88 34 3 11 164 64 0 31 165 82 15 36 84 43 43 20 111 108 22 32 76 144 0 137 38 87 56 11 15 105 96 48 167 36 16 52 50 35 57 48 25 24 72 21 35 97 17 89 103 85 124 12 83 73 16 53 8 83 24 91 0 3 96 21 100 88 43 105 141 56 40 0 88 49 30 111 43 65 56 94 63 45 0 114 114 29 91 94 48 76 68 33 10 10 147 18 36 79 80 20 95 38 15 3 0 16 48 29 67 129 33 0 2 81
200 22 68 12 6 36 31 9 75 8 66 53 90 140 18 12 66 76 49 67 18 62 70 60 136 27 39 56 0 55 85 81 171 102 32 81 29 101 46 0 41 111 103 0 54 0 25 160 7 0 20 0 48 36 0 159 18 114 115 57 32 106 30 108 179 45 20 18 133 66 79 91 54 66 92 0 68 38 51 38 36 18 60 45 110 108 46 30 16 18 3 3 99 0 152 132 73 67 136 52 32 62 52 8 99 62 64 83 88 57 6 36 180 69 79 32 74 14 145 30 21 92 48 32 63 20 14 70 59 28 18 0 91 6 161 0 10 64 43 69 156 0 174 78 76 128 79 104 151 110 136 98 27 9 97 0 72 87 67 70 102 88 69 66 79 7 58 107 12 75 106 23 0 51 18 52 58 90 0 32 172 21 57 120 162 146 93 132 4 108 88 64 28 57 128 0 32 25 24 76 85 45 88 0 53 28 51 109 82 0 24 38 95 117 164 106 24 39 62 104 42 85 119 26 0 35 156 146 50 94 91 135 4 12 63 0 51 10 30 92 9 8 18 16 86 13 42 8 28 54 172 130 6 30 47 20
3 0 45 38 24 16 45 44 72 116 32 29 0 4 89 158 36 84 49 90 7 157 27 16 31 2 103 26 12 76 0 81 36 12 84 65 0 118 6 16 12 154 24 75 58 47 0 49 97 51 30 76 18 21 74 56 0 61 24 30 89 29 44 16 105 48 95 34 42 53 99 97 17 93 0 32 9 55 0 24 8 45 8 96 38 20 48 83 0 24 73 0 111 5 129 144 41 16 80 68 0 0 10 0 0 72 32 78 118 14 36 147 27 8 56 105 87 32 63 5 56 28 4 18 78 43 23 47 104 0 28 70 32 32 35 26 42 54 120 0 49 0 45 35 15 96 20 37 0 24 46 94 48 117 28 53 74 110 8 0 57 130 100 16 16 82 9 0 12 63 49 79 42 0 36 21 74 18 94 43 9 92 7 63 69 0 50 72 80 0 53 65 18 8 130 57 44 78 77 36 27 54 42 0 89 103 9 56 100 93 56 97 53 58 131 102 34 92 7 125 85 0 79 71 85 76 63 33 73 18 111 62 21 56 0 92 0 0 127 12 66 2 82 34 0 30 39 0 57 36 46 12 7 15 0 50
151 0 139 77 51 30 61 49 20 101 27 0 12 0 27 171 1 46 0 81 25 141 54 32 60 6 115 11 72 1 61 53 114 0 15 52 189 67 16 12 42 45 93 65 34 54 18 99 87 69 48 8 98 189 36 81 97 84 106 104 3 135 6 41 45 97 75 63 31 93 8 21 36 45 51 102 75 72 71 54 27 89 80 57 131 75 63 18 0 60 4 15 25 27 123 99 0 56 30 58 0 15 58 34 72 78 9 32 63 36 62 72 104 97 54 130 27 86 54 2 0 83 18 15 60 45 24 9 168 6 126 12 18 5 78 39 26 21 30 90 80 16 190 0 18 85 96 63 0 57 150 90 0 21 2 0 32 44 32 63 122 0 156 117 20 103 139 63 10 87 75 5 92 70 94 132 130 57 6 155 15 16 15 57 60 55 63 27 258 92 277 66 120 40 113 103 6 114 18 54 141 61 12 16 0 51 54 29 117 33 54 12 48 53 73 54 71 27 68 198 19 69 18 0 0 30 12 60 21 12 136 122 79 35 241 24 121 32 0 48 91 66 63 69 68 59 0 16 45 2 138 2 97 0 24 3
0 23 0 18 28 70 125 49 127 3 142 98 48 19 15 142 153 177 14 91 4 134 40 65 56 7 2 109 57 12 42 46 6 54 40 27 3 35 32 20 24 44 77 85 0 115 45 99 153 2 35 10 154 137 76 36 93 83 39 64 32 83 33 24 18 77 110 85 109 37 89 44 42 0 9 46 135 22 5 48 34 76 3 145 97 40 18 89 185 58 56 159 18 153 0 88 21 0 168 149 79 152 148 97 72 118 12 16 6 33 24 0 3 74 15 80 56 15 170 45 129 80 20 5 63 13 35 12 67 52 36 135 92 8 86 165 140 83 90 0 89 8 60 86 84 4 159 161 68 197 76 12 14 48 87 45 26 98 117 26 117 132 77 87 0 33 4 199 63 0 53 80 56 15 58 0 28 148 40 104 70 138 10 33 32 0 104 7 215 24 47 157 173 6 118 90 40 36 141 63 128 173 4 9 0 3 25 114 21 71 143 48 71 66 45 42 29 56 63 84 180 242 110 69 128 144 135 159 110 78 61 21 133 62 24 0 91 24 9 69 70 15 169 48 8 45 36 18 81 30 90 0 54 0 21 12
78 16 8 60 4 9 44 10 188 12 47 189 42 113 210 60 60 74 3 115 91 144 122 119 0 34 48 12 127 45 105 56 113 180 73 0 45 0 10 112 43 150 24 53 0 150 97 100 118 0 0 48 11 104 0 9 132 94 20 0 48 215 151 51 87 64 30 163 68 91 93 111 157 27 0 72 6 203 121 96 16 13 36 36 81 20 63 72 78 39 0 0 101 40 63 171 130 57 168 65 5 71 12 40 153 88 49 181 106 103 61 64 20 110 113 0 185 144 161 189 60 14 178 4 120 73 43 30 43 54 21 45 15 49 42 41 84 87 76 149 113 32 75 28 59 163 172 66 76 21 154 24 36 24 56 18 62 137 50 64 0 166 0 114 9 0 74 78 56 96 12 63 62 156 54 56 14 45 61 121 28 76 35 102 165 0 78 98 4 165 64 127 5 32 40 77 82 109 0 84 191 59 72 79 48 99 60 86 4 46 78 20 21 12 80 66 146 60 21 104 82 100 239 42 162 78 180 28 154 104 6 148 38 78 58 66 59 30 103 15 67 127 19 100 16 90 0 32 58 106 17 71 47 88 37 39
64 64 72 104 19 16 48 9 91 92 110 209 114 52 60 145 0 124 23 57 78 64 31 0 81 50 55 42 115 65 147 0 42 16 135 108 105 100 134 107 40 148 59 105 56 53 65 138 106 116 60 87 22 102 112 74 53 33 83 77 36 93 160 85 68 32 58 168 31 71 75 238 30 24 0 30 0 5 20 113 71 0 0 108 177 131 79 182 84 94 36 31 70 8 116 88 115 66 88 94 59 176 9 44 1 6 133 88 48 88 60 174 87 19 62 60 129 20 72 210 110 118 40 23 102 52 32 53 47 32 52 37 6 48 63 92 39 54 45 32 149 40 183 95 40 65 82 46 59 52 149 22 0 96 28 42 155 30 80 132 73 66 49 76 59 207 92 45 140 76 39 0 130 136 35 74 41 52 4 145 8 49 89 140 26 44 22 62 45 125 36 65 102 0 6 0 90 104 76 108 76 37 84 80 57 94 24 80 125 141 117 86 6 102 129 151 75 76 107 155 115 0 64 87 50 70 149 54 43 27 64 17 166 79 64 47 45 12 69 83 60 49 150 92 78 124 8 108 30 19 48 139 66 0 72 60
27 107 112 32 72 0 72 18 10 7 104 68 1 18 62 16 7 0 25 126 26 63 72 0 20 51 18 12 3 80 0 3 28 30 0 111 18 10 15 35 82 49 108 68 32 20 16 32 19 63 5 66 0 0 56 85 27 48 10 3 40 40 0 100 40 0 56 0 0 6 72 36 56 81 0 147 0 40 72 75 15 24 133 5 0 3 0 38 0 155 5 0 64 0 25 132 0 35 25 106 4 37 126 52 117 0 129 78 48 0 0 144 72 65 231 4 3 34 39 69 12 2 30 0 0 80 40 45 29 0 36 81 22 0 21 80 58 28 24 0 8 25 94 70 0 32 72 43 32 30 52 68 12 6 0 12 70 10 8 8 26 26 47 88 48 84 36 0 4 16 29 45 56 39 45 0 56 18 118 0 11 0 0 45 33 48 10 0 40 24 24 145 42 9 21 30 94 3 32 29 0 25 0 0 142 97 69 38 27 69 26 0 84 81 0 35 0 58 49 15 12 13 39 5 2 131 40 18 32 49 48 0 10 12 93 24 42 0 36 22 16 109 24 16 73 0 57 12 111 26 52 39 15 24 14 84
9 15 72 14 113 50 0 65 33 46 54 0 34 30 17 31 104 0 4 40 4 72 108 18 32 50 72 10 24 60 0 63 0 49 22 39 15 28 1 0 0 4 81 9 0 77 18 43 63 0 0 46 5 22 23 0 10 84 36 36 25 10 105 0 6 12 8 48 44 38 34 55 28 5 2 19 35 29 35 56 3 40 8 89 6 42 30 57 11 3 20 39 0 2 73 0 24 8 36 131 16 31 2 36 10 139 36 42 10 10 0 15 27 9 29 204 82 52 12 100 57 49 8 2 97 24 53 25 57 14 58 25 33 94 6 26 0 6 39 9 0 0 4 24 25 160 41 51 0 26 16 73 33 111 23 63 10 48 42 26 54 46 18 125 31 72 0 39 47 70 40 69 32 18 93 26 127 0 67 22 66 15 8 30 0 18 10 0 147 72 145 56 76 40 58 18 6 29 32 45 107 18 0 0 18 76 46 1 128 0 59 27 75 0 0 80 87 24 42 83 41 124 21 31 21 10 23 71 6 27 83 40 56 44 0 46 11 6 143 0 0 93 12 88 30 26 26 17 186 32 40 15 6 0 50 19
113 35 16 39 30 8 77 35 91 21 53 237 109 69 81 159 151 131 16 68 165 71 85 49 0 98 132 30 40 156 93 35 48 24 98 18 30 43 63 0 125 70 46 98 18 14 36 73 0 87 44 118 80 134 80 42 114 1 64 0 64 260 6 145 47 48 24 56 56 124 66 108 104 63 0 103 18 95 0 91 68 58 53 21 26 157 88 141 35 30 0 0 116 20 24 70 59 122 64 41 0 148 36 36 117 112 83 181 10 18 18 123 30 10 112 49 111 45 96 0 48 158 48 42 152 26 159 4 135 11 56 78 73 28 66 177 22 30 181 0 115 106 16 0 110 128 2 76 21 54 90 48 0 97 67 0 169 12 62 115 7 40 72 18 9 91 126 85 32 104 2 110 194 160 75 113 162 64 10 89 73 88 45 120 93 20 44 1 125 155 112 49 24 0 0 15 32 176 6 0 0 93 51 8 70 139 45 57 70 95 24 0 4 60 68 45 67 109 113 115 154 52 90 56 153 75 65 80 33 64 46 88 35 94 39 178 55 0 165 105 72 45 91 62 64 15 2 62 81 30 119 38 42 48 51 69
63 16 64 19 0 28 91 75 69 42 81 58 99 37 290 62 101 6 27 76 114 67 78 80 66 105 20 0 96 89 0 30 0 93 20 0 20 88 155 91 42 26 98 30 15 0 51 25 0 21 32 130 26 75 77 56 53 113 72 7 0 63 138 143 40 10 35 42 66 24 45 72 91 25 0 20 0 39 87 66 64 0 4 0 69 18 20 54 9 25 70 36 61 0 120 0 167 67 18 114 42 66 76 119 54 28 76 33 46 133 18 40 40 109 0 109 94 12 88 0 59 69 9 36 102 18 105 49 102 42 51 48 78 7 126 61 64 10 41 40 16 76 84 28 109 48 30 83 81 0 77 48 3 18 14 72 104 71 168 0 99 0 71 84 20 28 36 56 14 100 82 0 54 103 15 27 47 95 217 77 0 69 77 170 32 26 0 0 24 111 131 85 79 0 25 72 6 64 81 64 38 150 102 0 137 71 0 46 98 22 64 64 22 25 79 57 25 98 61 215 80 35 60 59 8 93 54 77 1 54 64 0 9 16 158 48 32 54 88 0 27 117 60 3 24 4 7 73 73 0 84 0 6 48 30 63
61 32 183 42 54 0 45 98 113 30 116 67 66 20 50 109 68 123 9 23 73 139 157 116 34 49 80 123 72 12 66 42 91 0 0 48 50 31 42 8 0 193 91 46 5 66 30 30 80 28 38 78 106 62 62 107 53 25 52 24 54 12 61 58 30 83 80 37 174 25 70 74 69 78 0 54 0 27 136 86 0 35 44 58 201 40 52 120 66 16 88 32 81 43 90 40 77 111 8 92 25 85 117 37 76 61 8 8 0 127 0 48 16 84 38 77 146 102 87 133 25 0 75 67 72 62 75 22 12 49 58 38 12 79 108 72 14 98 67 56 127 17 117 28 10 106 93 0 102 5 108 109 1 12 26 36 0 109 0 35 55 48 42 44 0 70 0 78 0 0 28 124 73 29 105 58 71 81 23 153 174 3 0 86 35 109 6 63 50 9 81 42 5 42 49 0 0 86 67 45 93 94 55 117 82 68 68 68 63 128 6 0 6 90 72 159 30 0 73 49 16 112 183 159 60 58 124 100 27 18 121 81 42 0 30 108 60 6 72 0 56 99 18 70 70 10 11 14 128 11 12 0 0 0 88 40
16 39 15 10 21 25 82 155 111 27 158 153 0 14 181 141 151 42 141 242 5 89 13 69 73 24 0 11 94 56 39 54 0 79 111 92 24 35 0 74 118 68 25 18 36 28 12 76 176 39 47 82 24 73 115 25 16 20 19 0 88 52 2 155 99 35 33 18 106 24 66 6 71 42 153 21 4 204 42 108 84 0 31 0 22 81 14 56 103 45 92 6 42 0 4 96 55 161 178 14 22 102 25 129 0 160 114 85 82 29 18 12 8 76 11 70 110 0 0 26 48 56 73 43 16 96 42 21 67 78 91 36 121 58 113 82 18 0 99 86 74 36 79 18 39 186 25 172 61 57 192 120 0 0 0 23 132 30 90 54 0 28 0 69 6 32 75 82 16 207 52 15 61 60 63 72 205 49 76 50 42 90 87 211 80 0 63 9 7 68 148 18 72 56 36 36 22 0 1 45 16 109 142 43 8 96 9 50 32 94 34 8 142 79 6 54 45 6 36 80 36 88 106 42 104 148 35 63 5 8 92 48 55 194 137 201 2 71 21 48 125 68 24 84 24 25 45 4 104 12 194 79 47 9 50 96
33 91 75 79 0 31 31 14 62 30 68 93 0 57 56 116 6 6 99 124 0 75 58 24 63 34 138 55 55 21 24 18 20 80 81 122 44 63 34 15 28 16 23 191 30 45 55 88 95 69 27 92 36 64 40 157 42 9 48 18 6 22 75 48 9 48 20 182 153 116 49 40 136 18 12 0 20 102 100 113 64 12 82 86 130 66 0 6 11 298 97 82 72 19 67 101 8 25 42 127 28 56 141 111 127 106 175 102 9 52 104 186 0 120 239 23 76 168 0 94 20 210 71 6 27 46 24 0 117 0 78 10 13 42 37 40 42 112 4 80 48 63 118 24 6 87 29 18 17 68 110 54 32 20 27 75 140 90 66 88 15 178 91 213 96 54 237 32 131 56 48 87 143 82 48 9 147 56 27 0 85 6 84 105 86 8 0 88 57 22 145 79 85 6 46 50 114 49 16 126 50 99 68 43 68 75 33 14 0 171 61 20 85 8 57 116 117 38 80 117 104 86 39 8 54 106 265 24 27 57 50 144 99 16 99 202 52 36 63 130 171 118 112 4 104 64 0 74 3 66 53 37 82 112 48 172
24 46 18 77 54 0 0 2 2 31 80 89 10 24 84 50 48 56 16 15 139 52 60 64 36 8 15 16 0 66 96 32 8 40 71 79 77 114 120 127 63 41 14 28 8 0 164 132 122 72 46 42 76 133 48 0 62 91 64 76 45 108 84 44 42 66 62 148 57 78 0 80 65 68 0 0 118 30 0 42 36 0 0 36 56 33 36 164 0 54 32 95 0 20 4 15 177 98 105 58 36 10 32 16 8 62 63 63 7 70 12 0 64 113 74 0 80 97 78 18 4 58 81 55 40 10 18 63 69 58 36 69 8 108 104 166 0 103 45 81 52 25 12 0 54 84 0 125 69 29 4 24 32 120 109 69 56 126 54 59 80 114 52 5 10 0 35 42 24 81 0 51 86 95 48 0 36 62 28 214 84 97 28 124 103 7 114 42 0 72 105 1 0 96 150 123 14 80 106 52 45 71 0 43 89 35 0 72 56 0 75 101 18 27 0 37 45 76 198 70 18 88 68 63 51 72 148 64 48 97 42 65 52 24 63 67 94 0 72 84 56 30 69 83 8 32 40 0 90 27 126 190 0 45 24 44
0 58 24 3 29 34 59 146 10 61 32 97 67 74 148 39 29 80 0 105 105 118 34 2 86 14 87 68 0 37 31 127 27 133 47 112 37 44 12 94 35 51 87 48 6 72 8 21 114 39 48 100 81 39 106 40 66 47 52 9 0 112 72 136 52 30 47 99 12 14 147 21 52 49 15 65 24 108 43 107 8 28 98 54 24 37 53 160 9 12 7 0 5 32 17 125 83 77 30 26 26 72 60 32 0 57 18 30 93 53 21 54 0 63 98 132 25 51 104 63 104 81 69 4 42 50 34 76 41 18 66 71 72 15 57 91 20 88 21 79 45 24 46 54 27 116 9 18 21 88 28 81 78 57 20 87 33 70 98 58 52 14 61 43 25 160 29 12 6 4 53 71 83 6 119 53 77 9 89 39 78 43 5 187 30 57 78 0 56 28 10 134 79 16 63 155 53 95 5 31 69 72 84 12 72 20 137 20 0 32 196 24 45 93 21 20 87 111 93 91 117 4 244 27 11 91 12 0 59 141 72 73 6 149 86 148 62 36 121 5 163 83 65 0 141 20 80 10 63 61 49 111 20 0 28 9
81 87 66 48 191 0 36 119 51 21 83 135 66 42 42 101 106 126 182 108 155 44 230 87 24 60 55 56 5 117 89 78 114 142 77 101 5 78 38 16 70 60 48 208 36 103 188 112 80 165 79 96 86 119 0 90 235 108 82 111 134 226 96 143 56 80 108 209 356 245 224 173 107 0 8 294 0 137 0 161 85 0 0 80 243 162 24 175 30 0 0 126 16 0 119 236 115 126 101 179 118 70 69 44 148 59 82 130 20 84 55 183 0 126 306 81 161 122 85 168 76 116 113 46 222 197 56 45 132 26 0 128 96 14 81 194 120 157 69 28 156 222 27 28 258 164 124 81 42 105 139 90 34 147 97 0 165 114 6 116 109 64 122 71 0 80 173 100 114 104 0 130 221 34 63 72 157 171 24 105 28 264 5 69 182 21 75 104 66 79 46 41 24 82 157 55 60 129 48 81 0 41 80 33 124 280 57 247 99 135 83 42 160 196 140 131 18 206 84 172 135 39 102 55 108 84 374 163 71 162 0 179 120 28 79 64 226 94 151 48 212 120 258 107 48 72 168 136 50 187 0 133 186 147 0 62
112 55 32 44 50 81 60 54 46 86 6 36 15 126 35 4 81 21 63 62 90 18 131 2 61 114 98 85 158 264 0 0 115 138 60 59 7 59 25 3 47 63 62 81 0 56 88 61 230 218 21 40 63 85 72 60 136 66 27 11 27 92 112 73 60 61 200 81 66 36 45 122 128 51 42 40 132 69 64 39 24 45 8 154 57 55 77 136 44 34 12 94 30 8 74 103 48 115 21 78 35 12 142 69 98 81 0 25 36 18 116 0 12 46 123 115 61 35 72 0 45 88 69 30 30 28 27 20 63 115 80 92 33 0 0 52 91 46 9 0 80 20 123 45 77 126 54 62 116 53 45 20 28 162 85 27 87 57 128 14 41 159 62 24 17 44 40 83 114 10 0 146 16 23 0 112 63 52 3 79 96 124 96 45 57 0 113 72 121 102 182 54 11 43 18 80 25 121 81 89 0 80 72 10 96 64 25 54 59 18 111 0 31 45 67 91 108 76 98 40 61 58 81 3 16 164 72 166 51 74 138 39 10 0 0 0 40 74 20 8 123 189 76 80 16 105 0 9 78 14 45 33 131 10 90 73
112 0 46 83 2 0 63 63 118 18 29 68 34 63 60 111 15 105 24 6 0 36 31 30 0 34 0 85 16 0 46 105 49 17 68 16 70 96 41 0 18 89 139 38 12 104 19 72 32 24 78 20 21 115 38 18 48 92 38 24 30 0 33 19 93 48 0 0 148 0 36 52 43 8 6 0 26 69 74 0 42 15 0 67 50 158 49 6 18 35 54 25 36 0 48 58 31 9 9 59 32 31 41 14 4 32 78 34 0 12 24 58 8 81 34 91 71 0 140 18 14 38 24 20 75 32 0 37 0 12 32 18 4 15 61 0 85 42 82 0 25 82 64 56 45 42 69 40 37 42 0 64 5 36 34 24 18 30 80 44 51 22 41 45 9 30 69 0 62 0 12 26 42 43 8 0 51 67 88 51 44 9 28 10 10 17 16 85 64 64 84 151 58 5 50 144 32 61 27 70 120 42 52 0 74 0 0 78 58 31 97 55 7 0 92 103 5 35 36 72 111 0 58 124 16 36 54 52 24 42 30 136 75 29 45 15 75 36 98 131 26 40 56 48 43 4 0 96 0 4 40 121 2 0 64 44
71 117 5 4 0 33 76 154 143 59 59 92 6 32 84 227 0 93 54 81 14 16 106 65 40 129 52 116 69 58 112 117 201 126 0 102 26 82 14 3 24 59 72 0 0 64 44 133 214 72 68 0 67 133 96 66 88 134 122 72 29 112 91 64 70 136 96 116 243 85 64 164 63 58 108 54 0 99 24 65 0 0 63 47 186 0 32 88 0 72 94 60 84 0 159 0 73 72 6 93 0 76 148 30 43 0 63 29 75 141 45 30 114 52 103 45 5 191 124 78 50 126 45 87 157 54 0 10 108 74 76 48 53 28 141 0 72 57 0 72 54 48 61 0 209 86 324 16 60 197 213 60 36 2 14 157 117 138 77 56 38 88 139 149 0 79 48 68 72 99 204 105 172 117 20 41 8 149 110 94 54 51 10 166 68 130 21 36 88 0 186 100 90 20 194 5 16 49 58 188 62 10 40 131 39 14 103 18 0 43 120 23 64 63 42 180 86 44 60 108 78 20 101 85 32 141 49 103 103 73 81 73 48 42 15 110 84 44 93 0 46 52 69 106 0 80 44 11 47 28 24 42 51 64 37 148
95 30 91 57 12 107 64 28 105 72 0 78 34 8 5 103 63 0 6 114 28 64 16 16 63 16 16 28 28 35 39 96 72 158 87 62 124 62 45 18 93 95 56 6 0 0 44 72 4 40 14 0 91 76 36 101 49 77 59 19 2 8 28 29 254 81 36 72 129 94 52 35 46 90 0 24 97 83 89 40 58 30 0 54 72 80 47 14 28 5 74 115 40 64 73 36 25 111 84 101 72 103 87 39 39 121 24 42 106 82 8 113 120 117 64 16 40 71 136 14 65 165 113 16 36 43 140 52 118 43 56 56 61 0 88 67 12 130 0 150 130 79 87 105 54 54 98 213 73 69 153 8 6 0 49 146 17 76 104 28 0 72 42 24 0 126 73 120 35 110 44 0 19 56 22 60 89 40 4 87 47 18 9 152 16 16 24 96 32 16 10 109 74 42 87 63 72 184 32 24 0 127 12 63 24 69 5 239 21 32 32 40 48 0 141 157 35 128 29 43 113 53 192 44 64 20 83 88 76 49 35 109 61 0 20 26 70 12 110 27 93 184 56 149 96 0 1 44 42 14 69 30 40 16 99 43
29 239 0 115 84 70 2 19 84 42 73 130 82 112 3 50 0 68 48 27 52 134 49 42 6 24 27 27 42 88 34 124 27 132 133 148 40 18 8 42 47 150 90 56 46 72 0 18 22 92 17 15 24 59 34 0 81 43 74 135 128 155 55 126 6 41 32 0 18 49 16 123 91 42 31 108 153 66 59 81 68 0 95 90 56 32 72 123 44 42 0 0 37 87 104 94 40 22 49 28 139 46 128 76 60 5 37 78 0 86 39 45 79 110 218 84 46 27 68 60 9 10 110 67 6 64 54 79 71 12 36 102 45 0 0 122 102 116 0 72 51 76 0 21 92 84 78 48 66 87 69 36 101 26 72 0 18 34 24 98 0 51 61 47 56 0 56 103 0 33 133 158 208 44 108 73 180 105 35 204 87 0 15 67 72 27 96 0 48 55 92 100 0 28 88 50 24 82 54 43 166 118 0 9 180 149 83 8 87 24 164 16 135 184 39 143 63 54 72 81 167 72 143 0 162 14 45 81 72 0 33 50 8 61 24 153 37 72 117 62 5 16 0 84 117 43 8 20 75 122 24 182 12 28 24 112
106 44 84 134 21 54 127 0 66 24 104 0 12 54 12 238 108 62 52 88 24 81 134 72 72 100 110 2 47 27 14 145 76 62 57 41 58 115 6 30 78 150 113 163 8 80 14 154 78 135 49 120 21 81 25 95 97 12 44 110 55 126 83 22 121 128 83 138 91 72 23 119 84 82 0 114 90 51 0 74 0 0 37 149 9 91 19 181 31 27 102 46 18 63 48 8 96 52 111 96 15 64 32 9 67 86 21 48 79 52 104 68 72 0 84 127 0 36 45 10 30 105 42 20 110 146 120 56 198 9 83 24 56 7 12 157 63 86 128 36 27 91 32 49 176 77 210 72 0 84 85 133 0 18 175 33 0 12 62 133 25 145 130 107 6 154 147 30 90 7 97 35 133 85 47 130 90 51 64 54 105 42 24 60 36 93 36 77 234 72 58 115 128 23 64 120 39 147 6 17 27 127 0 25 84 108 18 76 21 7 110 8 0 9 168 45 0 111 80 63 151 88 39 0 0 78 96 15 84 156 70 3 61 69 55 78 101 48 0 63 75 107 151 30 84 111 40 186 15 86 68 61 38 74 4 61
28 130 15 45 68 123 0 18 134 7 102 24 1 69 62 225 130 83 47 22 27 97 42 24 52 12 13 9 28 43 60 27 80 131 217 83 103 0 0 104 36 52 123 42 12 20 24 105 12 118 6 0 5 174 2 42 149 87 100 70 116 100 24 113 49 89 0 72 42 80 91 9 32 3 32 84 170 91 42 41 35 169 48 0 21 0 84 118 8 114 40 9 8 46 148 84 95 68 167 138 28 41 20 32 12 15 22 42 54 71 46 0 94 79 28 0 16 100 32 68 17 20 64 0 37 140 26 120 6 53 0 24 123 35 125 115 4 11 16 0 6 42 67 15 82 40 6 7 28 117 108 88 0 99 31 18 63 46 16 135 9 8 155 64 18 49 68 63 28 80 47 51 84 59 0 0 138 78 23 42 9 57 6 65 74 40 68 73 71 81 49 110 16 10 283 61 18 4 32 9 0 56 0 5 65 9 18 45 14 73 21 3 72 0 107 24 30 0 3 80 59 47 88 21 24 66 169 36 78 13 120 120 100 66 60 54 129 24 58 72 20 35 38 0 9 30 22 0 18 156 67 20 13 32 8 0
